[2026-09-20T14:15:19.998+0000] {processor.py:161} INFO - Started process (PID=52) to work on /opt/airflow/dags/weather_risk_dag.py
[2026-09-20T14:15:19.999+0000] {processor.py:830} INFO - Processing file /opt/airflow/dags/weather_risk_dag.py for tasks to queue
[2026-09-20T14:15:20.003+0000] {logging_mixin.py:188} INFO - [2026-09-20T14:15:20.002+0000] {dagbag.py:545} INFO - Filling up the DagBag from /opt/airflow/dags/weather_risk_dag.py
[2026-09-20T14:15:20.965+0000] {processor.py:840} INFO - DAG(s) 'weather_risk_pipeline' retrieved from /opt/airflow/dags/weather_risk_dag.py
[2026-09-20T14:15:21.047+0000] {logging_mixin.py:188} INFO - [2026-09-20T14:15:21.045+0000] {dag.py:3089} INFO - Sync 1 DAGs
[2026-09-20T14:15:21.116+0000] {logging_mixin.py:188} INFO - [2026-09-20T14:15:21.115+0000] {dag.py:3947} INFO - Setting next_dagrun for weather_risk_pipeline to 2026-09-19 00:00:00+00:00, run_after=2026-09-20 00:00:00+00:00
[2026-09-20T14:15:21.156+0000] {processor.py:183} INFO - Processing /opt/airflow/dags/weather_risk_dag.py took 1.172 seconds
[2026-09-20T14:15:51.242+0000] {processor.py:161} INFO - Started process (PID=63) to work on /opt/airflow/dags/weather_risk_dag.py
[2026-09-20T14:15:51.243+0000] {processor.py:830} INFO - Processing file /opt/airflow/dags/weather_risk_dag.py for tasks to queue
[2026-09-20T14:15:51.247+0000] {logging_mixin.py:188} INFO - [2026-09-20T14:15:51.246+0000] {dagbag.py:545} INFO - Filling up the DagBag from /opt/airflow/dags/weather_risk_dag.py
[2026-09-20T14:15:52.020+0000] {processor.py:840} INFO - DAG(s) 'weather_risk_pipeline' retrieved from /opt/airflow/dags/weather_risk_dag.py
[2026-09-20T14:15:52.475+0000] {logging_mixin.py:188} INFO - [2026-09-20T14:15:52.474+0000] {dag.py:3089} INFO - Sync 1 DAGs
[2026-09-20T14:15:52.523+0000] {logging_mixin.py:188} INFO - [2026-09-20T14:15:52.522+0000] {dag.py:3947} INFO - Setting next_dagrun for weather_risk_pipeline to 2026-09-19 00:00:00+00:00, run_after=2026-09-20 00:00:00+00:00
[2026-09-20T14:15:52.562+0000] {processor.py:183} INFO - Processing /opt/airflow/dags/weather_risk_dag.py took 1.333 seconds
[2026-09-20T14:16:22.758+0000] {processor.py:161} INFO - Started process (PID=81) to work on /opt/airflow/dags/weather_risk_dag.py
[2026-09-20T14:16:22.759+0000] {processor.py:830} INFO - Processing file /opt/airflow/dags/weather_risk_dag.py for tasks to queue
[2026-09-20T14:16:22.762+0000] {logging_mixin.py:188} INFO - [2026-09-20T14:16:22.761+0000] {dagbag.py:545} INFO - Filling up the DagBag from /opt/airflow/dags/weather_risk_dag.py
[2026-09-20T14:16:23.447+0000] {processor.py:840} INFO - DAG(s) 'weather_risk_pipeline' retrieved from /opt/airflow/dags/weather_risk_dag.py
[2026-09-20T14:16:23.510+0000] {logging_mixin.py:188} INFO - [2026-09-20T14:16:23.509+0000] {dag.py:3089} INFO - Sync 1 DAGs
[2026-09-20T14:16:23.558+0000] {logging_mixin.py:188} INFO - [2026-09-20T14:16:23.558+0000] {dag.py:3947} INFO - Setting next_dagrun for weather_risk_pipeline to 2026-09-19 00:00:00+00:00, run_after=2026-09-20 00:00:00+00:00
[2026-09-20T14:16:23.596+0000] {processor.py:183} INFO - Processing /opt/airflow/dags/weather_risk_dag.py took 0.850 seconds
[2026-09-20T14:16:53.651+0000] {processor.py:161} INFO - Started process (PID=83) to work on /opt/airflow/dags/weather_risk_dag.py
[2026-09-20T14:16:53.653+0000] {processor.py:830} INFO - Processing file /opt/airflow/dags/weather_risk_dag.py for tasks to queue
[2026-09-20T14:16:53.656+0000] {logging_mixin.py:188} INFO - [2026-09-20T14:16:53.655+0000] {dagbag.py:545} INFO - Filling up the DagBag from /opt/airflow/dags/weather_risk_dag.py
[2026-09-20T14:16:54.343+0000] {processor.py:840} INFO - DAG(s) 'weather_risk_pipeline' retrieved from /opt/airflow/dags/weather_risk_dag.py
[2026-09-20T14:16:54.405+0000] {logging_mixin.py:188} INFO - [2026-09-20T14:16:54.404+0000] {dag.py:3089} INFO - Sync 1 DAGs
[2026-09-20T14:16:54.464+0000] {logging_mixin.py:188} INFO - [2026-09-20T14:16:54.463+0000] {dag.py:3947} INFO - Setting next_dagrun for weather_risk_pipeline to 2026-09-19 00:00:00+00:00, run_after=2026-09-20 00:00:00+00:00
[2026-09-20T14:16:54.507+0000] {processor.py:183} INFO - Processing /opt/airflow/dags/weather_risk_dag.py took 0.867 seconds
[2026-09-20T14:17:24.714+0000] {processor.py:161} INFO - Started process (PID=85) to work on /opt/airflow/dags/weather_risk_dag.py
[2026-09-20T14:17:24.715+0000] {processor.py:830} INFO - Processing file /opt/airflow/dags/weather_risk_dag.py for tasks to queue
[2026-09-20T14:17:24.720+0000] {logging_mixin.py:188} INFO - [2026-09-20T14:17:24.719+0000] {dagbag.py:545} INFO - Filling up the DagBag from /opt/airflow/dags/weather_risk_dag.py
[2026-09-20T14:17:25.420+0000] {processor.py:840} INFO - DAG(s) 'weather_risk_pipeline' retrieved from /opt/airflow/dags/weather_risk_dag.py
[2026-09-20T14:17:25.489+0000] {logging_mixin.py:188} INFO - [2026-09-20T14:17:25.488+0000] {dag.py:3089} INFO - Sync 1 DAGs
[2026-09-20T14:17:25.539+0000] {logging_mixin.py:188} INFO - [2026-09-20T14:17:25.538+0000] {dag.py:3947} INFO - Setting next_dagrun for weather_risk_pipeline to 2026-09-19 00:00:00+00:00, run_after=2026-09-20 00:00:00+00:00
[2026-09-20T14:17:25.586+0000] {processor.py:183} INFO - Processing /opt/airflow/dags/weather_risk_dag.py took 0.883 seconds
[2026-09-20T14:17:55.784+0000] {processor.py:161} INFO - Started process (PID=87) to work on /opt/airflow/dags/weather_risk_dag.py
[2026-09-20T14:17:55.787+0000] {processor.py:830} INFO - Processing file /opt/airflow/dags/weather_risk_dag.py for tasks to queue
[2026-09-20T14:17:55.790+0000] {logging_mixin.py:188} INFO - [2026-09-20T14:17:55.789+0000] {dagbag.py:545} INFO - Filling up the DagBag from /opt/airflow/dags/weather_risk_dag.py
[2026-09-20T14:17:56.495+0000] {processor.py:840} INFO - DAG(s) 'weather_risk_pipeline' retrieved from /opt/airflow/dags/weather_risk_dag.py
[2026-09-20T14:17:56.559+0000] {logging_mixin.py:188} INFO - [2026-09-20T14:17:56.558+0000] {dag.py:3089} INFO - Sync 1 DAGs
[2026-09-20T14:17:56.614+0000] {logging_mixin.py:188} INFO - [2026-09-20T14:17:56.614+0000] {dag.py:3947} INFO - Setting next_dagrun for weather_risk_pipeline to 2026-09-19 00:00:00+00:00, run_after=2026-09-20 00:00:00+00:00
[2026-09-20T14:17:56.859+0000] {processor.py:183} INFO - Processing /opt/airflow/dags/weather_risk_dag.py took 1.085 seconds
[2026-09-20T14:18:26.968+0000] {processor.py:161} INFO - Started process (PID=89) to work on /opt/airflow/dags/weather_risk_dag.py
[2026-09-20T14:18:26.970+0000] {processor.py:830} INFO - Processing file /opt/airflow/dags/weather_risk_dag.py for tasks to queue
[2026-09-20T14:18:26.975+0000] {logging_mixin.py:188} INFO - [2026-09-20T14:18:26.974+0000] {dagbag.py:545} INFO - Filling up the DagBag from /opt/airflow/dags/weather_risk_dag.py
[2026-09-20T14:18:27.772+0000] {processor.py:840} INFO - DAG(s) 'weather_risk_pipeline' retrieved from /opt/airflow/dags/weather_risk_dag.py
[2026-09-20T14:18:27.861+0000] {logging_mixin.py:188} INFO - [2026-09-20T14:18:27.860+0000] {dag.py:3089} INFO - Sync 1 DAGs
[2026-09-20T14:18:27.927+0000] {logging_mixin.py:188} INFO - [2026-09-20T14:18:27.927+0000] {dag.py:3947} INFO - Setting next_dagrun for weather_risk_pipeline to 2026-09-19 00:00:00+00:00, run_after=2026-09-20 00:00:00+00:00
[2026-09-20T14:18:27.975+0000] {processor.py:183} INFO - Processing /opt/airflow/dags/weather_risk_dag.py took 1.020 seconds
[2026-09-20T14:18:58.132+0000] {processor.py:161} INFO - Started process (PID=91) to work on /opt/airflow/dags/weather_risk_dag.py
[2026-09-20T14:18:58.135+0000] {processor.py:830} INFO - Processing file /opt/airflow/dags/weather_risk_dag.py for tasks to queue
[2026-09-20T14:18:58.139+0000] {logging_mixin.py:188} INFO - [2026-09-20T14:18:58.138+0000] {dagbag.py:545} INFO - Filling up the DagBag from /opt/airflow/dags/weather_risk_dag.py
[2026-09-20T14:18:58.792+0000] {processor.py:840} INFO - DAG(s) 'weather_risk_pipeline' retrieved from /opt/airflow/dags/weather_risk_dag.py
[2026-09-20T14:18:58.855+0000] {logging_mixin.py:188} INFO - [2026-09-20T14:18:58.854+0000] {dag.py:3089} INFO - Sync 1 DAGs
[2026-09-20T14:18:58.902+0000] {logging_mixin.py:188} INFO - [2026-09-20T14:18:58.901+0000] {dag.py:3947} INFO - Setting next_dagrun for weather_risk_pipeline to 2026-09-19 00:00:00+00:00, run_after=2026-09-20 00:00:00+00:00
[2026-09-20T14:18:58.940+0000] {processor.py:183} INFO - Processing /opt/airflow/dags/weather_risk_dag.py took 0.818 seconds
[2026-09-20T14:19:29.133+0000] {processor.py:161} INFO - Started process (PID=93) to work on /opt/airflow/dags/weather_risk_dag.py
[2026-09-20T14:19:29.134+0000] {processor.py:830} INFO - Processing file /opt/airflow/dags/weather_risk_dag.py for tasks to queue
[2026-09-20T14:19:29.138+0000] {logging_mixin.py:188} INFO - [2026-09-20T14:19:29.137+0000] {dagbag.py:545} INFO - Filling up the DagBag from /opt/airflow/dags/weather_risk_dag.py
[2026-09-20T14:19:29.781+0000] {processor.py:840} INFO - DAG(s) 'weather_risk_pipeline' retrieved from /opt/airflow/dags/weather_risk_dag.py
[2026-09-20T14:19:29.841+0000] {logging_mixin.py:188} INFO - [2026-09-20T14:19:29.840+0000] {dag.py:3089} INFO - Sync 1 DAGs
[2026-09-20T14:19:29.890+0000] {logging_mixin.py:188} INFO - [2026-09-20T14:19:29.889+0000] {dag.py:3947} INFO - Setting next_dagrun for weather_risk_pipeline to 2026-09-19 00:00:00+00:00, run_after=2026-09-20 00:00:00+00:00
[2026-09-20T14:19:29.926+0000] {processor.py:183} INFO - Processing /opt/airflow/dags/weather_risk_dag.py took 0.803 seconds
[2026-09-20T14:20:00.116+0000] {processor.py:161} INFO - Started process (PID=95) to work on /opt/airflow/dags/weather_risk_dag.py
[2026-09-20T14:20:00.119+0000] {processor.py:830} INFO - Processing file /opt/airflow/dags/weather_risk_dag.py for tasks to queue
[2026-09-20T14:20:00.122+0000] {logging_mixin.py:188} INFO - [2026-09-20T14:20:00.122+0000] {dagbag.py:545} INFO - Filling up the DagBag from /opt/airflow/dags/weather_risk_dag.py
[2026-09-20T14:20:00.767+0000] {processor.py:840} INFO - DAG(s) 'weather_risk_pipeline' retrieved from /opt/airflow/dags/weather_risk_dag.py
[2026-09-20T14:20:00.827+0000] {logging_mixin.py:188} INFO - [2026-09-20T14:20:00.826+0000] {dag.py:3089} INFO - Sync 1 DAGs
[2026-09-20T14:20:00.876+0000] {logging_mixin.py:188} INFO - [2026-09-20T14:20:00.876+0000] {dag.py:3947} INFO - Setting next_dagrun for weather_risk_pipeline to 2026-09-19 00:00:00+00:00, run_after=2026-09-20 00:00:00+00:00
[2026-09-20T14:20:00.914+0000] {processor.py:183} INFO - Processing /opt/airflow/dags/weather_risk_dag.py took 0.809 seconds
[2026-09-20T14:20:31.129+0000] {processor.py:161} INFO - Started process (PID=97) to work on /opt/airflow/dags/weather_risk_dag.py
[2026-09-20T14:20:31.130+0000] {processor.py:830} INFO - Processing file /opt/airflow/dags/weather_risk_dag.py for tasks to queue
[2026-09-20T14:20:31.132+0000] {logging_mixin.py:188} INFO - [2026-09-20T14:20:31.132+0000] {dagbag.py:545} INFO - Filling up the DagBag from /opt/airflow/dags/weather_risk_dag.py
[2026-09-20T14:20:31.813+0000] {processor.py:840} INFO - DAG(s) 'weather_risk_pipeline' retrieved from /opt/airflow/dags/weather_risk_dag.py
[2026-09-20T14:20:31.881+0000] {logging_mixin.py:188} INFO - [2026-09-20T14:20:31.880+0000] {dag.py:3089} INFO - Sync 1 DAGs
[2026-09-20T14:20:31.932+0000] {logging_mixin.py:188} INFO - [2026-09-20T14:20:31.931+0000] {dag.py:3947} INFO - Setting next_dagrun for weather_risk_pipeline to 2026-09-19 00:00:00+00:00, run_after=2026-09-20 00:00:00+00:00
[2026-09-20T14:20:31.977+0000] {processor.py:183} INFO - Processing /opt/airflow/dags/weather_risk_dag.py took 0.861 seconds
[2026-09-20T14:21:02.163+0000] {processor.py:161} INFO - Started process (PID=99) to work on /opt/airflow/dags/weather_risk_dag.py
[2026-09-20T14:21:02.166+0000] {processor.py:830} INFO - Processing file /opt/airflow/dags/weather_risk_dag.py for tasks to queue
[2026-09-20T14:21:02.170+0000] {logging_mixin.py:188} INFO - [2026-09-20T14:21:02.169+0000] {dagbag.py:545} INFO - Filling up the DagBag from /opt/airflow/dags/weather_risk_dag.py
[2026-09-20T14:21:02.838+0000] {processor.py:840} INFO - DAG(s) 'weather_risk_pipeline' retrieved from /opt/airflow/dags/weather_risk_dag.py
[2026-09-20T14:21:02.899+0000] {logging_mixin.py:188} INFO - [2026-09-20T14:21:02.898+0000] {dag.py:3089} INFO - Sync 1 DAGs
[2026-09-20T14:21:02.957+0000] {logging_mixin.py:188} INFO - [2026-09-20T14:21:02.956+0000] {dag.py:3947} INFO - Setting next_dagrun for weather_risk_pipeline to 2026-09-19 00:00:00+00:00, run_after=2026-09-20 00:00:00+00:00
[2026-09-20T14:21:03.212+0000] {processor.py:183} INFO - Processing /opt/airflow/dags/weather_risk_dag.py took 1.060 seconds
[2026-09-20T14:21:33.333+0000] {processor.py:161} INFO - Started process (PID=101) to work on /opt/airflow/dags/weather_risk_dag.py
[2026-09-20T14:21:33.335+0000] {processor.py:830} INFO - Processing file /opt/airflow/dags/weather_risk_dag.py for tasks to queue
[2026-09-20T14:21:33.339+0000] {logging_mixin.py:188} INFO - [2026-09-20T14:21:33.338+0000] {dagbag.py:545} INFO - Filling up the DagBag from /opt/airflow/dags/weather_risk_dag.py
[2026-09-20T14:21:34.035+0000] {processor.py:840} INFO - DAG(s) 'weather_risk_pipeline' retrieved from /opt/airflow/dags/weather_risk_dag.py
[2026-09-20T14:21:34.096+0000] {logging_mixin.py:188} INFO - [2026-09-20T14:21:34.095+0000] {dag.py:3089} INFO - Sync 1 DAGs
[2026-09-20T14:21:34.144+0000] {logging_mixin.py:188} INFO - [2026-09-20T14:21:34.144+0000] {dag.py:3947} INFO - Setting next_dagrun for weather_risk_pipeline to 2026-09-19 00:00:00+00:00, run_after=2026-09-20 00:00:00+00:00
[2026-09-20T14:21:34.181+0000] {processor.py:183} INFO - Processing /opt/airflow/dags/weather_risk_dag.py took 0.863 seconds
[2026-09-20T14:22:04.381+0000] {processor.py:161} INFO - Started process (PID=103) to work on /opt/airflow/dags/weather_risk_dag.py
[2026-09-20T14:22:04.384+0000] {processor.py:830} INFO - Processing file /opt/airflow/dags/weather_risk_dag.py for tasks to queue
[2026-09-20T14:22:04.387+0000] {logging_mixin.py:188} INFO - [2026-09-20T14:22:04.386+0000] {dagbag.py:545} INFO - Filling up the DagBag from /opt/airflow/dags/weather_risk_dag.py
[2026-09-20T14:22:05.116+0000] {processor.py:840} INFO - DAG(s) 'weather_risk_pipeline' retrieved from /opt/airflow/dags/weather_risk_dag.py
[2026-09-20T14:22:05.184+0000] {logging_mixin.py:188} INFO - [2026-09-20T14:22:05.184+0000] {dag.py:3089} INFO - Sync 1 DAGs
[2026-09-20T14:22:05.236+0000] {logging_mixin.py:188} INFO - [2026-09-20T14:22:05.235+0000] {dag.py:3947} INFO - Setting next_dagrun for weather_risk_pipeline to 2026-09-19 00:00:00+00:00, run_after=2026-09-20 00:00:00+00:00
[2026-09-20T14:22:05.274+0000] {processor.py:183} INFO - Processing /opt/airflow/dags/weather_risk_dag.py took 0.905 seconds
[2026-09-20T14:22:35.482+0000] {processor.py:161} INFO - Started process (PID=105) to work on /opt/airflow/dags/weather_risk_dag.py
[2026-09-20T14:22:35.484+0000] {processor.py:830} INFO - Processing file /opt/airflow/dags/weather_risk_dag.py for tasks to queue
[2026-09-20T14:22:35.486+0000] {logging_mixin.py:188} INFO - [2026-09-20T14:22:35.486+0000] {dagbag.py:545} INFO - Filling up the DagBag from /opt/airflow/dags/weather_risk_dag.py
[2026-09-20T14:22:36.131+0000] {processor.py:840} INFO - DAG(s) 'weather_risk_pipeline' retrieved from /opt/airflow/dags/weather_risk_dag.py
[2026-09-20T14:22:36.192+0000] {logging_mixin.py:188} INFO - [2026-09-20T14:22:36.191+0000] {dag.py:3089} INFO - Sync 1 DAGs
[2026-09-20T14:22:36.241+0000] {logging_mixin.py:188} INFO - [2026-09-20T14:22:36.240+0000] {dag.py:3947} INFO - Setting next_dagrun for weather_risk_pipeline to 2026-09-19 00:00:00+00:00, run_after=2026-09-20 00:00:00+00:00
[2026-09-20T14:22:36.284+0000] {processor.py:183} INFO - Processing /opt/airflow/dags/weather_risk_dag.py took 0.814 seconds
[2026-09-20T14:23:06.494+0000] {processor.py:161} INFO - Started process (PID=107) to work on /opt/airflow/dags/weather_risk_dag.py
[2026-09-20T14:23:06.497+0000] {processor.py:830} INFO - Processing file /opt/airflow/dags/weather_risk_dag.py for tasks to queue
[2026-09-20T14:23:06.501+0000] {logging_mixin.py:188} INFO - [2026-09-20T14:23:06.500+0000] {dagbag.py:545} INFO - Filling up the DagBag from /opt/airflow/dags/weather_risk_dag.py
[2026-09-20T14:23:07.281+0000] {processor.py:840} INFO - DAG(s) 'weather_risk_pipeline' retrieved from /opt/airflow/dags/weather_risk_dag.py
[2026-09-20T14:23:07.361+0000] {logging_mixin.py:188} INFO - [2026-09-20T14:23:07.360+0000] {dag.py:3089} INFO - Sync 1 DAGs
[2026-09-20T14:23:07.426+0000] {logging_mixin.py:188} INFO - [2026-09-20T14:23:07.425+0000] {dag.py:3947} INFO - Setting next_dagrun for weather_risk_pipeline to 2026-09-19 00:00:00+00:00, run_after=2026-09-20 00:00:00+00:00
[2026-09-20T14:23:07.469+0000] {processor.py:183} INFO - Processing /opt/airflow/dags/weather_risk_dag.py took 0.987 seconds
[2026-09-20T14:23:37.666+0000] {processor.py:161} INFO - Started process (PID=109) to work on /opt/airflow/dags/weather_risk_dag.py
[2026-09-20T14:23:37.668+0000] {processor.py:830} INFO - Processing file /opt/airflow/dags/weather_risk_dag.py for tasks to queue
[2026-09-20T14:23:37.671+0000] {logging_mixin.py:188} INFO - [2026-09-20T14:23:37.671+0000] {dagbag.py:545} INFO - Filling up the DagBag from /opt/airflow/dags/weather_risk_dag.py
[2026-09-20T14:23:38.465+0000] {processor.py:840} INFO - DAG(s) 'weather_risk_pipeline' retrieved from /opt/airflow/dags/weather_risk_dag.py
[2026-09-20T14:23:38.528+0000] {logging_mixin.py:188} INFO - [2026-09-20T14:23:38.527+0000] {dag.py:3089} INFO - Sync 1 DAGs
[2026-09-20T14:23:38.583+0000] {logging_mixin.py:188} INFO - [2026-09-20T14:23:38.582+0000] {dag.py:3947} INFO - Setting next_dagrun for weather_risk_pipeline to 2026-09-19 00:00:00+00:00, run_after=2026-09-20 00:00:00+00:00
[2026-09-20T14:23:38.630+0000] {processor.py:183} INFO - Processing /opt/airflow/dags/weather_risk_dag.py took 0.977 seconds
[2026-09-20T14:24:08.827+0000] {processor.py:161} INFO - Started process (PID=111) to work on /opt/airflow/dags/weather_risk_dag.py
[2026-09-20T14:24:08.828+0000] {processor.py:830} INFO - Processing file /opt/airflow/dags/weather_risk_dag.py for tasks to queue
[2026-09-20T14:24:08.831+0000] {logging_mixin.py:188} INFO - [2026-09-20T14:24:08.831+0000] {dagbag.py:545} INFO - Filling up the DagBag from /opt/airflow/dags/weather_risk_dag.py
[2026-09-20T14:24:09.546+0000] {processor.py:840} INFO - DAG(s) 'weather_risk_pipeline' retrieved from /opt/airflow/dags/weather_risk_dag.py
[2026-09-20T14:24:09.611+0000] {logging_mixin.py:188} INFO - [2026-09-20T14:24:09.610+0000] {dag.py:3089} INFO - Sync 1 DAGs
[2026-09-20T14:24:09.667+0000] {logging_mixin.py:188} INFO - [2026-09-20T14:24:09.667+0000] {dag.py:3947} INFO - Setting next_dagrun for weather_risk_pipeline to 2026-09-19 00:00:00+00:00, run_after=2026-09-20 00:00:00+00:00
[2026-09-20T14:24:09.949+0000] {processor.py:183} INFO - Processing /opt/airflow/dags/weather_risk_dag.py took 1.134 seconds
[2026-09-20T14:24:40.126+0000] {processor.py:161} INFO - Started process (PID=113) to work on /opt/airflow/dags/weather_risk_dag.py
[2026-09-20T14:24:40.129+0000] {processor.py:830} INFO - Processing file /opt/airflow/dags/weather_risk_dag.py for tasks to queue
[2026-09-20T14:24:40.132+0000] {logging_mixin.py:188} INFO - [2026-09-20T14:24:40.131+0000] {dagbag.py:545} INFO - Filling up the DagBag from /opt/airflow/dags/weather_risk_dag.py
[2026-09-20T14:24:40.709+0000] {processor.py:840} INFO - DAG(s) 'weather_risk_pipeline' retrieved from /opt/airflow/dags/weather_risk_dag.py
[2026-09-20T14:24:40.763+0000] {logging_mixin.py:188} INFO - [2026-09-20T14:24:40.762+0000] {dag.py:3089} INFO - Sync 1 DAGs
[2026-09-20T14:24:40.807+0000] {logging_mixin.py:188} INFO - [2026-09-20T14:24:40.807+0000] {dag.py:3947} INFO - Setting next_dagrun for weather_risk_pipeline to 2026-09-19 00:00:00+00:00, run_after=2026-09-20 00:00:00+00:00
[2026-09-20T14:24:40.840+0000] {processor.py:183} INFO - Processing /opt/airflow/dags/weather_risk_dag.py took 0.724 seconds
[2026-09-20T14:25:11.037+0000] {processor.py:161} INFO - Started process (PID=115) to work on /opt/airflow/dags/weather_risk_dag.py
[2026-09-20T14:25:11.041+0000] {processor.py:830} INFO - Processing file /opt/airflow/dags/weather_risk_dag.py for tasks to queue
[2026-09-20T14:25:11.044+0000] {logging_mixin.py:188} INFO - [2026-09-20T14:25:11.043+0000] {dagbag.py:545} INFO - Filling up the DagBag from /opt/airflow/dags/weather_risk_dag.py
[2026-09-20T14:25:11.804+0000] {processor.py:840} INFO - DAG(s) 'weather_risk_pipeline' retrieved from /opt/airflow/dags/weather_risk_dag.py
[2026-09-20T14:25:11.882+0000] {logging_mixin.py:188} INFO - [2026-09-20T14:25:11.882+0000] {dag.py:3089} INFO - Sync 1 DAGs
[2026-09-20T14:25:11.937+0000] {logging_mixin.py:188} INFO - [2026-09-20T14:25:11.937+0000] {dag.py:3947} INFO - Setting next_dagrun for weather_risk_pipeline to 2026-09-19 00:00:00+00:00, run_after=2026-09-20 00:00:00+00:00
[2026-09-20T14:25:11.985+0000] {processor.py:183} INFO - Processing /opt/airflow/dags/weather_risk_dag.py took 0.959 seconds
[2026-09-20T14:25:42.211+0000] {processor.py:161} INFO - Started process (PID=117) to work on /opt/airflow/dags/weather_risk_dag.py
[2026-09-20T14:25:42.215+0000] {processor.py:830} INFO - Processing file /opt/airflow/dags/weather_risk_dag.py for tasks to queue
[2026-09-20T14:25:42.219+0000] {logging_mixin.py:188} INFO - [2026-09-20T14:25:42.218+0000] {dagbag.py:545} INFO - Filling up the DagBag from /opt/airflow/dags/weather_risk_dag.py
[2026-09-20T14:25:42.990+0000] {processor.py:840} INFO - DAG(s) 'weather_risk_pipeline' retrieved from /opt/airflow/dags/weather_risk_dag.py
[2026-09-20T14:25:43.064+0000] {logging_mixin.py:188} INFO - [2026-09-20T14:25:43.061+0000] {dag.py:3089} INFO - Sync 1 DAGs
[2026-09-20T14:25:43.125+0000] {logging_mixin.py:188} INFO - [2026-09-20T14:25:43.124+0000] {dag.py:3947} INFO - Setting next_dagrun for weather_risk_pipeline to 2026-09-19 00:00:00+00:00, run_after=2026-09-20 00:00:00+00:00
[2026-09-20T14:25:43.166+0000] {processor.py:183} INFO - Processing /opt/airflow/dags/weather_risk_dag.py took 0.967 seconds
[2026-09-20T14:26:13.386+0000] {processor.py:161} INFO - Started process (PID=119) to work on /opt/airflow/dags/weather_risk_dag.py
[2026-09-20T14:26:13.388+0000] {processor.py:830} INFO - Processing file /opt/airflow/dags/weather_risk_dag.py for tasks to queue
[2026-09-20T14:26:13.391+0000] {logging_mixin.py:188} INFO - [2026-09-20T14:26:13.391+0000] {dagbag.py:545} INFO - Filling up the DagBag from /opt/airflow/dags/weather_risk_dag.py
[2026-09-20T14:26:14.168+0000] {processor.py:840} INFO - DAG(s) 'weather_risk_pipeline' retrieved from /opt/airflow/dags/weather_risk_dag.py
[2026-09-20T14:26:14.234+0000] {logging_mixin.py:188} INFO - [2026-09-20T14:26:14.233+0000] {dag.py:3089} INFO - Sync 1 DAGs
[2026-09-20T14:26:14.297+0000] {logging_mixin.py:188} INFO - [2026-09-20T14:26:14.296+0000] {dag.py:3947} INFO - Setting next_dagrun for weather_risk_pipeline to 2026-09-19 00:00:00+00:00, run_after=2026-09-20 00:00:00+00:00
[2026-09-20T14:26:14.345+0000] {processor.py:183} INFO - Processing /opt/airflow/dags/weather_risk_dag.py took 0.974 seconds
[2026-09-20T14:26:44.556+0000] {processor.py:161} INFO - Started process (PID=121) to work on /opt/airflow/dags/weather_risk_dag.py
[2026-09-20T14:26:44.557+0000] {processor.py:830} INFO - Processing file /opt/airflow/dags/weather_risk_dag.py for tasks to queue
[2026-09-20T14:26:44.560+0000] {logging_mixin.py:188} INFO - [2026-09-20T14:26:44.559+0000] {dagbag.py:545} INFO - Filling up the DagBag from /opt/airflow/dags/weather_risk_dag.py
[2026-09-20T14:26:45.214+0000] {processor.py:840} INFO - DAG(s) 'weather_risk_pipeline' retrieved from /opt/airflow/dags/weather_risk_dag.py
[2026-09-20T14:26:45.273+0000] {logging_mixin.py:188} INFO - [2026-09-20T14:26:45.272+0000] {dag.py:3089} INFO - Sync 1 DAGs
[2026-09-20T14:26:45.324+0000] {logging_mixin.py:188} INFO - [2026-09-20T14:26:45.323+0000] {dag.py:3947} INFO - Setting next_dagrun for weather_risk_pipeline to 2026-09-19 00:00:00+00:00, run_after=2026-09-20 00:00:00+00:00
[2026-09-20T14:26:45.363+0000] {processor.py:183} INFO - Processing /opt/airflow/dags/weather_risk_dag.py took 0.818 seconds
[2026-09-20T14:27:15.557+0000] {processor.py:161} INFO - Started process (PID=123) to work on /opt/airflow/dags/weather_risk_dag.py
[2026-09-20T14:27:15.560+0000] {processor.py:830} INFO - Processing file /opt/airflow/dags/weather_risk_dag.py for tasks to queue
[2026-09-20T14:27:15.564+0000] {logging_mixin.py:188} INFO - [2026-09-20T14:27:15.563+0000] {dagbag.py:545} INFO - Filling up the DagBag from /opt/airflow/dags/weather_risk_dag.py
[2026-09-20T14:27:16.341+0000] {processor.py:840} INFO - DAG(s) 'weather_risk_pipeline' retrieved from /opt/airflow/dags/weather_risk_dag.py
[2026-09-20T14:27:16.409+0000] {logging_mixin.py:188} INFO - [2026-09-20T14:27:16.408+0000] {dag.py:3089} INFO - Sync 1 DAGs
[2026-09-20T14:27:16.474+0000] {logging_mixin.py:188} INFO - [2026-09-20T14:27:16.474+0000] {dag.py:3947} INFO - Setting next_dagrun for weather_risk_pipeline to 2026-09-19 00:00:00+00:00, run_after=2026-09-20 00:00:00+00:00
[2026-09-20T14:27:16.757+0000] {processor.py:183} INFO - Processing /opt/airflow/dags/weather_risk_dag.py took 1.213 seconds
[2026-09-20T14:27:46.969+0000] {processor.py:161} INFO - Started process (PID=125) to work on /opt/airflow/dags/weather_risk_dag.py
[2026-09-20T14:27:46.971+0000] {processor.py:830} INFO - Processing file /opt/airflow/dags/weather_risk_dag.py for tasks to queue
[2026-09-20T14:27:46.975+0000] {logging_mixin.py:188} INFO - [2026-09-20T14:27:46.974+0000] {dagbag.py:545} INFO - Filling up the DagBag from /opt/airflow/dags/weather_risk_dag.py
[2026-09-20T14:27:47.739+0000] {processor.py:840} INFO - DAG(s) 'weather_risk_pipeline' retrieved from /opt/airflow/dags/weather_risk_dag.py
[2026-09-20T14:27:47.807+0000] {logging_mixin.py:188} INFO - [2026-09-20T14:27:47.806+0000] {dag.py:3089} INFO - Sync 1 DAGs
[2026-09-20T14:27:47.865+0000] {logging_mixin.py:188} INFO - [2026-09-20T14:27:47.864+0000] {dag.py:3947} INFO - Setting next_dagrun for weather_risk_pipeline to 2026-09-19 00:00:00+00:00, run_after=2026-09-20 00:00:00+00:00
[2026-09-20T14:27:47.908+0000] {processor.py:183} INFO - Processing /opt/airflow/dags/weather_risk_dag.py took 0.954 seconds
[2026-09-20T14:28:18.103+0000] {processor.py:161} INFO - Started process (PID=127) to work on /opt/airflow/dags/weather_risk_dag.py
[2026-09-20T14:28:18.104+0000] {processor.py:830} INFO - Processing file /opt/airflow/dags/weather_risk_dag.py for tasks to queue
[2026-09-20T14:28:18.107+0000] {logging_mixin.py:188} INFO - [2026-09-20T14:28:18.107+0000] {dagbag.py:545} INFO - Filling up the DagBag from /opt/airflow/dags/weather_risk_dag.py
[2026-09-20T14:28:18.870+0000] {processor.py:840} INFO - DAG(s) 'weather_risk_pipeline' retrieved from /opt/airflow/dags/weather_risk_dag.py
[2026-09-20T14:28:18.939+0000] {logging_mixin.py:188} INFO - [2026-09-20T14:28:18.938+0000] {dag.py:3089} INFO - Sync 1 DAGs
[2026-09-20T14:28:18.990+0000] {logging_mixin.py:188} INFO - [2026-09-20T14:28:18.990+0000] {dag.py:3947} INFO - Setting next_dagrun for weather_risk_pipeline to 2026-09-19 00:00:00+00:00, run_after=2026-09-20 00:00:00+00:00
[2026-09-20T14:28:19.032+0000] {processor.py:183} INFO - Processing /opt/airflow/dags/weather_risk_dag.py took 0.941 seconds
[2026-09-20T14:28:49.244+0000] {processor.py:161} INFO - Started process (PID=129) to work on /opt/airflow/dags/weather_risk_dag.py
[2026-09-20T14:28:49.245+0000] {processor.py:830} INFO - Processing file /opt/airflow/dags/weather_risk_dag.py for tasks to queue
[2026-09-20T14:28:49.248+0000] {logging_mixin.py:188} INFO - [2026-09-20T14:28:49.247+0000] {dagbag.py:545} INFO - Filling up the DagBag from /opt/airflow/dags/weather_risk_dag.py
[2026-09-20T14:28:49.980+0000] {processor.py:840} INFO - DAG(s) 'weather_risk_pipeline' retrieved from /opt/airflow/dags/weather_risk_dag.py
[2026-09-20T14:28:50.045+0000] {logging_mixin.py:188} INFO - [2026-09-20T14:28:50.044+0000] {dag.py:3089} INFO - Sync 1 DAGs
[2026-09-20T14:28:50.099+0000] {logging_mixin.py:188} INFO - [2026-09-20T14:28:50.099+0000] {dag.py:3947} INFO - Setting next_dagrun for weather_risk_pipeline to 2026-09-19 00:00:00+00:00, run_after=2026-09-20 00:00:00+00:00
[2026-09-20T14:28:50.139+0000] {processor.py:183} INFO - Processing /opt/airflow/dags/weather_risk_dag.py took 0.908 seconds
[2026-09-20T14:29:20.203+0000] {processor.py:161} INFO - Started process (PID=131) to work on /opt/airflow/dags/weather_risk_dag.py
[2026-09-20T14:29:20.206+0000] {processor.py:830} INFO - Processing file /opt/airflow/dags/weather_risk_dag.py for tasks to queue
[2026-09-20T14:29:20.209+0000] {logging_mixin.py:188} INFO - [2026-09-20T14:29:20.208+0000] {dagbag.py:545} INFO - Filling up the DagBag from /opt/airflow/dags/weather_risk_dag.py
[2026-09-20T14:29:20.863+0000] {processor.py:840} INFO - DAG(s) 'weather_risk_pipeline' retrieved from /opt/airflow/dags/weather_risk_dag.py
[2026-09-20T14:29:20.927+0000] {logging_mixin.py:188} INFO - [2026-09-20T14:29:20.926+0000] {dag.py:3089} INFO - Sync 1 DAGs
[2026-09-20T14:29:20.976+0000] {logging_mixin.py:188} INFO - [2026-09-20T14:29:20.975+0000] {dag.py:3947} INFO - Setting next_dagrun for weather_risk_pipeline to 2026-09-19 00:00:00+00:00, run_after=2026-09-20 00:00:00+00:00
[2026-09-20T14:29:21.010+0000] {processor.py:183} INFO - Processing /opt/airflow/dags/weather_risk_dag.py took 0.820 seconds
[2026-09-20T14:29:51.211+0000] {processor.py:161} INFO - Started process (PID=133) to work on /opt/airflow/dags/weather_risk_dag.py
[2026-09-20T14:29:51.212+0000] {processor.py:830} INFO - Processing file /opt/airflow/dags/weather_risk_dag.py for tasks to queue
[2026-09-20T14:29:51.215+0000] {logging_mixin.py:188} INFO - [2026-09-20T14:29:51.214+0000] {dagbag.py:545} INFO - Filling up the DagBag from /opt/airflow/dags/weather_risk_dag.py
[2026-09-20T14:29:51.866+0000] {processor.py:840} INFO - DAG(s) 'weather_risk_pipeline' retrieved from /opt/airflow/dags/weather_risk_dag.py
[2026-09-20T14:29:51.919+0000] {logging_mixin.py:188} INFO - [2026-09-20T14:29:51.918+0000] {dag.py:3089} INFO - Sync 1 DAGs
[2026-09-20T14:29:51.967+0000] {logging_mixin.py:188} INFO - [2026-09-20T14:29:51.966+0000] {dag.py:3947} INFO - Setting next_dagrun for weather_risk_pipeline to 2026-09-19 00:00:00+00:00, run_after=2026-09-20 00:00:00+00:00
[2026-09-20T14:29:52.011+0000] {processor.py:183} INFO - Processing /opt/airflow/dags/weather_risk_dag.py took 0.812 seconds
[2026-09-20T14:30:22.228+0000] {processor.py:161} INFO - Started process (PID=136) to work on /opt/airflow/dags/weather_risk_dag.py
[2026-09-20T14:30:22.231+0000] {processor.py:830} INFO - Processing file /opt/airflow/dags/weather_risk_dag.py for tasks to queue
[2026-09-20T14:30:22.234+0000] {logging_mixin.py:188} INFO - [2026-09-20T14:30:22.233+0000] {dagbag.py:545} INFO - Filling up the DagBag from /opt/airflow/dags/weather_risk_dag.py
[2026-09-20T14:30:22.868+0000] {processor.py:840} INFO - DAG(s) 'weather_risk_pipeline' retrieved from /opt/airflow/dags/weather_risk_dag.py
[2026-09-20T14:30:22.928+0000] {logging_mixin.py:188} INFO - [2026-09-20T14:30:22.927+0000] {dag.py:3089} INFO - Sync 1 DAGs
[2026-09-20T14:30:22.979+0000] {logging_mixin.py:188} INFO - [2026-09-20T14:30:22.979+0000] {dag.py:3947} INFO - Setting next_dagrun for weather_risk_pipeline to 2026-09-19 00:00:00+00:00, run_after=2026-09-20 00:00:00+00:00
[2026-09-20T14:30:23.217+0000] {processor.py:183} INFO - Processing /opt/airflow/dags/weather_risk_dag.py took 1.000 seconds
[2026-09-20T14:30:53.377+0000] {processor.py:161} INFO - Started process (PID=139) to work on /opt/airflow/dags/weather_risk_dag.py
[2026-09-20T14:30:53.379+0000] {processor.py:830} INFO - Processing file /opt/airflow/dags/weather_risk_dag.py for tasks to queue
[2026-09-20T14:30:53.382+0000] {logging_mixin.py:188} INFO - [2026-09-20T14:30:53.381+0000] {dagbag.py:545} INFO - Filling up the DagBag from /opt/airflow/dags/weather_risk_dag.py
[2026-09-20T14:30:53.982+0000] {processor.py:840} INFO - DAG(s) 'weather_risk_pipeline' retrieved from /opt/airflow/dags/weather_risk_dag.py
[2026-09-20T14:30:54.042+0000] {logging_mixin.py:188} INFO - [2026-09-20T14:30:54.041+0000] {dag.py:3089} INFO - Sync 1 DAGs
[2026-09-20T14:30:54.092+0000] {logging_mixin.py:188} INFO - [2026-09-20T14:30:54.091+0000] {dag.py:3947} INFO - Setting next_dagrun for weather_risk_pipeline to 2026-09-19 00:00:00+00:00, run_after=2026-09-20 00:00:00+00:00
[2026-09-20T14:30:54.126+0000] {processor.py:183} INFO - Processing /opt/airflow/dags/weather_risk_dag.py took 0.759 seconds
[2026-09-20T14:31:24.320+0000] {processor.py:161} INFO - Started process (PID=143) to work on /opt/airflow/dags/weather_risk_dag.py
[2026-09-20T14:31:24.322+0000] {processor.py:830} INFO - Processing file /opt/airflow/dags/weather_risk_dag.py for tasks to queue
[2026-09-20T14:31:24.326+0000] {logging_mixin.py:188} INFO - [2026-09-20T14:31:24.325+0000] {dagbag.py:545} INFO - Filling up the DagBag from /opt/airflow/dags/weather_risk_dag.py
[2026-09-20T14:31:25.018+0000] {processor.py:840} INFO - DAG(s) 'weather_risk_pipeline' retrieved from /opt/airflow/dags/weather_risk_dag.py
[2026-09-20T14:31:25.084+0000] {logging_mixin.py:188} INFO - [2026-09-20T14:31:25.084+0000] {dag.py:3089} INFO - Sync 1 DAGs
[2026-09-20T14:31:25.133+0000] {logging_mixin.py:188} INFO - [2026-09-20T14:31:25.133+0000] {dag.py:3947} INFO - Setting next_dagrun for weather_risk_pipeline to 2026-09-19 00:00:00+00:00, run_after=2026-09-20 00:00:00+00:00
[2026-09-20T14:31:25.174+0000] {processor.py:183} INFO - Processing /opt/airflow/dags/weather_risk_dag.py took 0.865 seconds
[2026-09-20T14:31:55.366+0000] {processor.py:161} INFO - Started process (PID=146) to work on /opt/airflow/dags/weather_risk_dag.py
[2026-09-20T14:31:55.367+0000] {processor.py:830} INFO - Processing file /opt/airflow/dags/weather_risk_dag.py for tasks to queue
[2026-09-20T14:31:55.372+0000] {logging_mixin.py:188} INFO - [2026-09-20T14:31:55.371+0000] {dagbag.py:545} INFO - Filling up the DagBag from /opt/airflow/dags/weather_risk_dag.py
[2026-09-20T14:31:56.227+0000] {processor.py:840} INFO - DAG(s) 'weather_risk_pipeline' retrieved from /opt/airflow/dags/weather_risk_dag.py
[2026-09-20T14:31:56.301+0000] {logging_mixin.py:188} INFO - [2026-09-20T14:31:56.300+0000] {dag.py:3089} INFO - Sync 1 DAGs
[2026-09-20T14:31:56.381+0000] {logging_mixin.py:188} INFO - [2026-09-20T14:31:56.380+0000] {dag.py:3947} INFO - Setting next_dagrun for weather_risk_pipeline to 2026-09-19 00:00:00+00:00, run_after=2026-09-20 00:00:00+00:00
[2026-09-20T14:31:56.451+0000] {processor.py:183} INFO - Processing /opt/airflow/dags/weather_risk_dag.py took 1.097 seconds
[2026-09-20T14:32:26.525+0000] {processor.py:161} INFO - Started process (PID=149) to work on /opt/airflow/dags/weather_risk_dag.py
[2026-09-20T14:32:26.527+0000] {processor.py:830} INFO - Processing file /opt/airflow/dags/weather_risk_dag.py for tasks to queue
[2026-09-20T14:32:26.532+0000] {logging_mixin.py:188} INFO - [2026-09-20T14:32:26.531+0000] {dagbag.py:545} INFO - Filling up the DagBag from /opt/airflow/dags/weather_risk_dag.py
[2026-09-20T14:32:27.214+0000] {processor.py:840} INFO - DAG(s) 'weather_risk_pipeline' retrieved from /opt/airflow/dags/weather_risk_dag.py
[2026-09-20T14:32:27.280+0000] {logging_mixin.py:188} INFO - [2026-09-20T14:32:27.279+0000] {dag.py:3089} INFO - Sync 1 DAGs
[2026-09-20T14:32:27.329+0000] {logging_mixin.py:188} INFO - [2026-09-20T14:32:27.328+0000] {dag.py:3947} INFO - Setting next_dagrun for weather_risk_pipeline to 2026-09-19 00:00:00+00:00, run_after=2026-09-20 00:00:00+00:00
[2026-09-20T14:32:27.368+0000] {processor.py:183} INFO - Processing /opt/airflow/dags/weather_risk_dag.py took 0.855 seconds
[2026-09-20T14:32:57.562+0000] {processor.py:161} INFO - Started process (PID=153) to work on /opt/airflow/dags/weather_risk_dag.py
[2026-09-20T14:32:57.564+0000] {processor.py:830} INFO - Processing file /opt/airflow/dags/weather_risk_dag.py for tasks to queue
[2026-09-20T14:32:57.568+0000] {logging_mixin.py:188} INFO - [2026-09-20T14:32:57.567+0000] {dagbag.py:545} INFO - Filling up the DagBag from /opt/airflow/dags/weather_risk_dag.py
[2026-09-20T14:32:58.233+0000] {processor.py:840} INFO - DAG(s) 'weather_risk_pipeline' retrieved from /opt/airflow/dags/weather_risk_dag.py
[2026-09-20T14:32:58.298+0000] {logging_mixin.py:188} INFO - [2026-09-20T14:32:58.297+0000] {dag.py:3089} INFO - Sync 1 DAGs
[2026-09-20T14:32:58.350+0000] {logging_mixin.py:188} INFO - [2026-09-20T14:32:58.350+0000] {dag.py:3947} INFO - Setting next_dagrun for weather_risk_pipeline to 2026-09-20 00:00:00+00:00, run_after=2026-09-21 00:00:00+00:00
[2026-09-20T14:32:58.394+0000] {processor.py:183} INFO - Processing /opt/airflow/dags/weather_risk_dag.py took 0.845 seconds
[2026-09-20T14:33:28.592+0000] {processor.py:161} INFO - Started process (PID=174) to work on /opt/airflow/dags/weather_risk_dag.py
[2026-09-20T14:33:28.595+0000] {processor.py:830} INFO - Processing file /opt/airflow/dags/weather_risk_dag.py for tasks to queue
[2026-09-20T14:33:28.598+0000] {logging_mixin.py:188} INFO - [2026-09-20T14:33:28.598+0000] {dagbag.py:545} INFO - Filling up the DagBag from /opt/airflow/dags/weather_risk_dag.py
[2026-09-20T14:33:29.235+0000] {processor.py:840} INFO - DAG(s) 'weather_risk_pipeline' retrieved from /opt/airflow/dags/weather_risk_dag.py
[2026-09-20T14:33:29.302+0000] {logging_mixin.py:188} INFO - [2026-09-20T14:33:29.301+0000] {dag.py:3089} INFO - Sync 1 DAGs
[2026-09-20T14:33:29.365+0000] {logging_mixin.py:188} INFO - [2026-09-20T14:33:29.365+0000] {dag.py:3947} INFO - Setting next_dagrun for weather_risk_pipeline to 2026-09-20 00:00:00+00:00, run_after=2026-09-21 00:00:00+00:00
[2026-09-20T14:33:29.605+0000] {processor.py:183} INFO - Processing /opt/airflow/dags/weather_risk_dag.py took 1.024 seconds
[2026-09-20T14:33:59.746+0000] {processor.py:161} INFO - Started process (PID=176) to work on /opt/airflow/dags/weather_risk_dag.py
[2026-09-20T14:33:59.747+0000] {processor.py:830} INFO - Processing file /opt/airflow/dags/weather_risk_dag.py for tasks to queue
[2026-09-20T14:33:59.750+0000] {logging_mixin.py:188} INFO - [2026-09-20T14:33:59.750+0000] {dagbag.py:545} INFO - Filling up the DagBag from /opt/airflow/dags/weather_risk_dag.py
[2026-09-20T14:34:00.330+0000] {processor.py:840} INFO - DAG(s) 'weather_risk_pipeline' retrieved from /opt/airflow/dags/weather_risk_dag.py
[2026-09-20T14:34:00.403+0000] {logging_mixin.py:188} INFO - [2026-09-20T14:34:00.401+0000] {dag.py:3089} INFO - Sync 1 DAGs
[2026-09-20T14:34:00.733+0000] {logging_mixin.py:188} INFO - [2026-09-20T14:34:00.732+0000] {dag.py:3947} INFO - Setting next_dagrun for weather_risk_pipeline to 2026-09-20 00:00:00+00:00, run_after=2026-09-21 00:00:00+00:00
[2026-09-20T14:34:00.766+0000] {processor.py:183} INFO - Processing /opt/airflow/dags/weather_risk_dag.py took 1.030 seconds
[2026-09-20T14:34:30.928+0000] {processor.py:161} INFO - Started process (PID=178) to work on /opt/airflow/dags/weather_risk_dag.py
[2026-09-20T14:34:30.930+0000] {processor.py:830} INFO - Processing file /opt/airflow/dags/weather_risk_dag.py for tasks to queue
[2026-09-20T14:34:30.933+0000] {logging_mixin.py:188} INFO - [2026-09-20T14:34:30.932+0000] {dagbag.py:545} INFO - Filling up the DagBag from /opt/airflow/dags/weather_risk_dag.py
[2026-09-20T14:34:31.590+0000] {processor.py:840} INFO - DAG(s) 'weather_risk_pipeline' retrieved from /opt/airflow/dags/weather_risk_dag.py
[2026-09-20T14:34:31.663+0000] {logging_mixin.py:188} INFO - [2026-09-20T14:34:31.662+0000] {dag.py:3089} INFO - Sync 1 DAGs
[2026-09-20T14:34:31.721+0000] {logging_mixin.py:188} INFO - [2026-09-20T14:34:31.721+0000] {dag.py:3947} INFO - Setting next_dagrun for weather_risk_pipeline to 2026-09-20 00:00:00+00:00, run_after=2026-09-21 00:00:00+00:00
[2026-09-20T14:34:31.756+0000] {processor.py:183} INFO - Processing /opt/airflow/dags/weather_risk_dag.py took 0.839 seconds
[2026-09-20T14:35:01.946+0000] {processor.py:161} INFO - Started process (PID=180) to work on /opt/airflow/dags/weather_risk_dag.py
[2026-09-20T14:35:01.947+0000] {processor.py:830} INFO - Processing file /opt/airflow/dags/weather_risk_dag.py for tasks to queue
[2026-09-20T14:35:01.949+0000] {logging_mixin.py:188} INFO - [2026-09-20T14:35:01.949+0000] {dagbag.py:545} INFO - Filling up the DagBag from /opt/airflow/dags/weather_risk_dag.py
[2026-09-20T14:35:02.681+0000] {processor.py:840} INFO - DAG(s) 'weather_risk_pipeline' retrieved from /opt/airflow/dags/weather_risk_dag.py
[2026-09-20T14:35:02.750+0000] {logging_mixin.py:188} INFO - [2026-09-20T14:35:02.749+0000] {dag.py:3089} INFO - Sync 1 DAGs
[2026-09-20T14:35:02.808+0000] {logging_mixin.py:188} INFO - [2026-09-20T14:35:02.808+0000] {dag.py:3947} INFO - Setting next_dagrun for weather_risk_pipeline to 2026-09-20 00:00:00+00:00, run_after=2026-09-21 00:00:00+00:00
[2026-09-20T14:35:02.853+0000] {processor.py:183} INFO - Processing /opt/airflow/dags/weather_risk_dag.py took 0.918 seconds
[2026-09-20T14:35:33.065+0000] {processor.py:161} INFO - Started process (PID=182) to work on /opt/airflow/dags/weather_risk_dag.py
[2026-09-20T14:35:33.068+0000] {processor.py:830} INFO - Processing file /opt/airflow/dags/weather_risk_dag.py for tasks to queue
[2026-09-20T14:35:33.071+0000] {logging_mixin.py:188} INFO - [2026-09-20T14:35:33.071+0000] {dagbag.py:545} INFO - Filling up the DagBag from /opt/airflow/dags/weather_risk_dag.py
[2026-09-20T14:35:33.681+0000] {processor.py:840} INFO - DAG(s) 'weather_risk_pipeline' retrieved from /opt/airflow/dags/weather_risk_dag.py
[2026-09-20T14:35:33.734+0000] {logging_mixin.py:188} INFO - [2026-09-20T14:35:33.733+0000] {dag.py:3089} INFO - Sync 1 DAGs
[2026-09-20T14:35:33.776+0000] {logging_mixin.py:188} INFO - [2026-09-20T14:35:33.776+0000] {dag.py:3947} INFO - Setting next_dagrun for weather_risk_pipeline to 2026-09-20 00:00:00+00:00, run_after=2026-09-21 00:00:00+00:00
[2026-09-20T14:35:33.808+0000] {processor.py:183} INFO - Processing /opt/airflow/dags/weather_risk_dag.py took 0.755 seconds
[2026-09-20T14:36:03.985+0000] {processor.py:161} INFO - Started process (PID=184) to work on /opt/airflow/dags/weather_risk_dag.py
[2026-09-20T14:36:03.986+0000] {processor.py:830} INFO - Processing file /opt/airflow/dags/weather_risk_dag.py for tasks to queue
[2026-09-20T14:36:03.989+0000] {logging_mixin.py:188} INFO - [2026-09-20T14:36:03.988+0000] {dagbag.py:545} INFO - Filling up the DagBag from /opt/airflow/dags/weather_risk_dag.py
[2026-09-20T14:36:04.600+0000] {processor.py:840} INFO - DAG(s) 'weather_risk_pipeline' retrieved from /opt/airflow/dags/weather_risk_dag.py
[2026-09-20T14:36:04.655+0000] {logging_mixin.py:188} INFO - [2026-09-20T14:36:04.655+0000] {dag.py:3089} INFO - Sync 1 DAGs
[2026-09-20T14:36:04.698+0000] {logging_mixin.py:188} INFO - [2026-09-20T14:36:04.697+0000] {dag.py:3947} INFO - Setting next_dagrun for weather_risk_pipeline to 2026-09-20 00:00:00+00:00, run_after=2026-09-21 00:00:00+00:00
[2026-09-20T14:36:04.918+0000] {processor.py:183} INFO - Processing /opt/airflow/dags/weather_risk_dag.py took 0.943 seconds
[2026-09-20T14:36:35.105+0000] {processor.py:161} INFO - Started process (PID=186) to work on /opt/airflow/dags/weather_risk_dag.py
[2026-09-20T14:36:35.107+0000] {processor.py:830} INFO - Processing file /opt/airflow/dags/weather_risk_dag.py for tasks to queue
[2026-09-20T14:36:35.109+0000] {logging_mixin.py:188} INFO - [2026-09-20T14:36:35.109+0000] {dagbag.py:545} INFO - Filling up the DagBag from /opt/airflow/dags/weather_risk_dag.py
[2026-09-20T14:36:35.748+0000] {processor.py:840} INFO - DAG(s) 'weather_risk_pipeline' retrieved from /opt/airflow/dags/weather_risk_dag.py
[2026-09-20T14:36:35.817+0000] {logging_mixin.py:188} INFO - [2026-09-20T14:36:35.816+0000] {dag.py:3089} INFO - Sync 1 DAGs
[2026-09-20T14:36:36.094+0000] {logging_mixin.py:188} INFO - [2026-09-20T14:36:36.093+0000] {dag.py:3947} INFO - Setting next_dagrun for weather_risk_pipeline to 2026-09-20 00:00:00+00:00, run_after=2026-09-21 00:00:00+00:00
[2026-09-20T14:36:36.148+0000] {processor.py:183} INFO - Processing /opt/airflow/dags/weather_risk_dag.py took 1.052 seconds
[2026-09-20T14:37:33.702+0000] {processor.py:161} INFO - Started process (PID=52) to work on /opt/airflow/dags/weather_risk_dag.py
[2026-09-20T14:37:33.708+0000] {processor.py:830} INFO - Processing file /opt/airflow/dags/weather_risk_dag.py for tasks to queue
[2026-09-20T14:37:33.716+0000] {logging_mixin.py:188} INFO - [2026-09-20T14:37:33.714+0000] {dagbag.py:545} INFO - Filling up the DagBag from /opt/airflow/dags/weather_risk_dag.py
[2026-09-20T14:37:35.018+0000] {processor.py:840} INFO - DAG(s) 'weather_risk_pipeline' retrieved from /opt/airflow/dags/weather_risk_dag.py
[2026-09-20T14:37:35.142+0000] {logging_mixin.py:188} INFO - [2026-09-20T14:37:35.139+0000] {dag.py:3089} INFO - Sync 1 DAGs
[2026-09-20T14:37:35.238+0000] {logging_mixin.py:188} INFO - [2026-09-20T14:37:35.238+0000] {dag.py:3947} INFO - Setting next_dagrun for weather_risk_pipeline to 2026-09-20 00:00:00+00:00, run_after=2026-09-21 00:00:00+00:00
[2026-09-20T14:37:35.344+0000] {processor.py:183} INFO - Processing /opt/airflow/dags/weather_risk_dag.py took 1.701 seconds
[2026-09-20T14:38:05.576+0000] {processor.py:161} INFO - Started process (PID=65) to work on /opt/airflow/dags/weather_risk_dag.py
[2026-09-20T14:38:05.579+0000] {processor.py:830} INFO - Processing file /opt/airflow/dags/weather_risk_dag.py for tasks to queue
[2026-09-20T14:38:05.583+0000] {logging_mixin.py:188} INFO - [2026-09-20T14:38:05.582+0000] {dagbag.py:545} INFO - Filling up the DagBag from /opt/airflow/dags/weather_risk_dag.py
[2026-09-20T14:38:06.330+0000] {processor.py:840} INFO - DAG(s) 'weather_risk_pipeline' retrieved from /opt/airflow/dags/weather_risk_dag.py
[2026-09-20T14:38:06.770+0000] {logging_mixin.py:188} INFO - [2026-09-20T14:38:06.769+0000] {dag.py:3089} INFO - Sync 1 DAGs
[2026-09-20T14:38:06.816+0000] {logging_mixin.py:188} INFO - [2026-09-20T14:38:06.816+0000] {dag.py:3947} INFO - Setting next_dagrun for weather_risk_pipeline to 2026-09-20 00:00:00+00:00, run_after=2026-09-21 00:00:00+00:00
[2026-09-20T14:38:06.846+0000] {processor.py:183} INFO - Processing /opt/airflow/dags/weather_risk_dag.py took 1.281 seconds
[2026-09-20T14:38:37.026+0000] {processor.py:161} INFO - Started process (PID=101) to work on /opt/airflow/dags/weather_risk_dag.py
[2026-09-20T14:38:37.029+0000] {processor.py:830} INFO - Processing file /opt/airflow/dags/weather_risk_dag.py for tasks to queue
[2026-09-20T14:38:37.032+0000] {logging_mixin.py:188} INFO - [2026-09-20T14:38:37.031+0000] {dagbag.py:545} INFO - Filling up the DagBag from /opt/airflow/dags/weather_risk_dag.py
[2026-09-20T14:38:37.671+0000] {processor.py:840} INFO - DAG(s) 'weather_risk_pipeline' retrieved from /opt/airflow/dags/weather_risk_dag.py
[2026-09-20T14:38:37.731+0000] {logging_mixin.py:188} INFO - [2026-09-20T14:38:37.730+0000] {dag.py:3089} INFO - Sync 1 DAGs
[2026-09-20T14:38:37.778+0000] {logging_mixin.py:188} INFO - [2026-09-20T14:38:37.778+0000] {dag.py:3947} INFO - Setting next_dagrun for weather_risk_pipeline to 2026-09-20 00:00:00+00:00, run_after=2026-09-21 00:00:00+00:00
[2026-09-20T14:38:37.812+0000] {processor.py:183} INFO - Processing /opt/airflow/dags/weather_risk_dag.py took 0.796 seconds
[2026-09-20T14:39:07.867+0000] {processor.py:161} INFO - Started process (PID=103) to work on /opt/airflow/dags/weather_risk_dag.py
[2026-09-20T14:39:07.870+0000] {processor.py:830} INFO - Processing file /opt/airflow/dags/weather_risk_dag.py for tasks to queue
[2026-09-20T14:39:07.873+0000] {logging_mixin.py:188} INFO - [2026-09-20T14:39:07.872+0000] {dagbag.py:545} INFO - Filling up the DagBag from /opt/airflow/dags/weather_risk_dag.py
[2026-09-20T14:39:08.478+0000] {processor.py:840} INFO - DAG(s) 'weather_risk_pipeline' retrieved from /opt/airflow/dags/weather_risk_dag.py
[2026-09-20T14:39:08.532+0000] {logging_mixin.py:188} INFO - [2026-09-20T14:39:08.531+0000] {dag.py:3089} INFO - Sync 1 DAGs
[2026-09-20T14:39:08.574+0000] {logging_mixin.py:188} INFO - [2026-09-20T14:39:08.573+0000] {dag.py:3947} INFO - Setting next_dagrun for weather_risk_pipeline to 2026-09-20 00:00:00+00:00, run_after=2026-09-21 00:00:00+00:00
[2026-09-20T14:39:08.607+0000] {processor.py:183} INFO - Processing /opt/airflow/dags/weather_risk_dag.py took 0.750 seconds
[2026-09-20T14:39:38.782+0000] {processor.py:161} INFO - Started process (PID=105) to work on /opt/airflow/dags/weather_risk_dag.py
[2026-09-20T14:39:38.785+0000] {processor.py:830} INFO - Processing file /opt/airflow/dags/weather_risk_dag.py for tasks to queue
[2026-09-20T14:39:38.790+0000] {logging_mixin.py:188} INFO - [2026-09-20T14:39:38.790+0000] {dagbag.py:545} INFO - Filling up the DagBag from /opt/airflow/dags/weather_risk_dag.py
[2026-09-20T14:39:39.376+0000] {processor.py:840} INFO - DAG(s) 'weather_risk_pipeline' retrieved from /opt/airflow/dags/weather_risk_dag.py
[2026-09-20T14:39:39.428+0000] {logging_mixin.py:188} INFO - [2026-09-20T14:39:39.427+0000] {dag.py:3089} INFO - Sync 1 DAGs
[2026-09-20T14:39:39.471+0000] {logging_mixin.py:188} INFO - [2026-09-20T14:39:39.470+0000] {dag.py:3947} INFO - Setting next_dagrun for weather_risk_pipeline to 2026-09-20 00:00:00+00:00, run_after=2026-09-21 00:00:00+00:00
[2026-09-20T14:39:39.507+0000] {processor.py:183} INFO - Processing /opt/airflow/dags/weather_risk_dag.py took 0.734 seconds
[2026-09-20T14:40:09.675+0000] {processor.py:161} INFO - Started process (PID=107) to work on /opt/airflow/dags/weather_risk_dag.py
[2026-09-20T14:40:09.678+0000] {processor.py:830} INFO - Processing file /opt/airflow/dags/weather_risk_dag.py for tasks to queue
[2026-09-20T14:40:09.681+0000] {logging_mixin.py:188} INFO - [2026-09-20T14:40:09.680+0000] {dagbag.py:545} INFO - Filling up the DagBag from /opt/airflow/dags/weather_risk_dag.py
[2026-09-20T14:40:10.321+0000] {processor.py:840} INFO - DAG(s) 'weather_risk_pipeline' retrieved from /opt/airflow/dags/weather_risk_dag.py
[2026-09-20T14:40:10.389+0000] {logging_mixin.py:188} INFO - [2026-09-20T14:40:10.388+0000] {dag.py:3089} INFO - Sync 1 DAGs
[2026-09-20T14:40:10.449+0000] {logging_mixin.py:188} INFO - [2026-09-20T14:40:10.448+0000] {dag.py:3947} INFO - Setting next_dagrun for weather_risk_pipeline to 2026-09-20 00:00:00+00:00, run_after=2026-09-21 00:00:00+00:00
[2026-09-20T14:40:10.680+0000] {processor.py:183} INFO - Processing /opt/airflow/dags/weather_risk_dag.py took 1.015 seconds
[2026-09-20T14:40:40.822+0000] {processor.py:161} INFO - Started process (PID=109) to work on /opt/airflow/dags/weather_risk_dag.py
[2026-09-20T14:40:40.824+0000] {processor.py:830} INFO - Processing file /opt/airflow/dags/weather_risk_dag.py for tasks to queue
[2026-09-20T14:40:40.827+0000] {logging_mixin.py:188} INFO - [2026-09-20T14:40:40.826+0000] {dagbag.py:545} INFO - Filling up the DagBag from /opt/airflow/dags/weather_risk_dag.py
[2026-09-20T14:40:41.387+0000] {processor.py:840} INFO - DAG(s) 'weather_risk_pipeline' retrieved from /opt/airflow/dags/weather_risk_dag.py
[2026-09-20T14:40:41.440+0000] {logging_mixin.py:188} INFO - [2026-09-20T14:40:41.439+0000] {dag.py:3089} INFO - Sync 1 DAGs
[2026-09-20T14:40:41.486+0000] {logging_mixin.py:188} INFO - [2026-09-20T14:40:41.485+0000] {dag.py:3947} INFO - Setting next_dagrun for weather_risk_pipeline to 2026-09-20 00:00:00+00:00, run_after=2026-09-21 00:00:00+00:00
[2026-09-20T14:40:41.518+0000] {processor.py:183} INFO - Processing /opt/airflow/dags/weather_risk_dag.py took 0.706 seconds
[2026-09-20T14:41:11.690+0000] {processor.py:161} INFO - Started process (PID=111) to work on /opt/airflow/dags/weather_risk_dag.py
[2026-09-20T14:41:11.691+0000] {processor.py:830} INFO - Processing file /opt/airflow/dags/weather_risk_dag.py for tasks to queue
[2026-09-20T14:41:11.694+0000] {logging_mixin.py:188} INFO - [2026-09-20T14:41:11.694+0000] {dagbag.py:545} INFO - Filling up the DagBag from /opt/airflow/dags/weather_risk_dag.py
[2026-09-20T14:41:12.274+0000] {processor.py:840} INFO - DAG(s) 'weather_risk_pipeline' retrieved from /opt/airflow/dags/weather_risk_dag.py
[2026-09-20T14:41:12.330+0000] {logging_mixin.py:188} INFO - [2026-09-20T14:41:12.330+0000] {dag.py:3089} INFO - Sync 1 DAGs
[2026-09-20T14:41:12.377+0000] {logging_mixin.py:188} INFO - [2026-09-20T14:41:12.377+0000] {dag.py:3947} INFO - Setting next_dagrun for weather_risk_pipeline to 2026-09-20 00:00:00+00:00, run_after=2026-09-21 00:00:00+00:00
[2026-09-20T14:41:12.411+0000] {processor.py:183} INFO - Processing /opt/airflow/dags/weather_risk_dag.py took 0.732 seconds
[2026-09-20T14:41:42.580+0000] {processor.py:161} INFO - Started process (PID=113) to work on /opt/airflow/dags/weather_risk_dag.py
[2026-09-20T14:41:42.582+0000] {processor.py:830} INFO - Processing file /opt/airflow/dags/weather_risk_dag.py for tasks to queue
[2026-09-20T14:41:42.585+0000] {logging_mixin.py:188} INFO - [2026-09-20T14:41:42.584+0000] {dagbag.py:545} INFO - Filling up the DagBag from /opt/airflow/dags/weather_risk_dag.py
[2026-09-20T14:41:43.155+0000] {processor.py:840} INFO - DAG(s) 'weather_risk_pipeline' retrieved from /opt/airflow/dags/weather_risk_dag.py
[2026-09-20T14:41:43.205+0000] {logging_mixin.py:188} INFO - [2026-09-20T14:41:43.205+0000] {dag.py:3089} INFO - Sync 1 DAGs
[2026-09-20T14:41:43.248+0000] {logging_mixin.py:188} INFO - [2026-09-20T14:41:43.248+0000] {dag.py:3947} INFO - Setting next_dagrun for weather_risk_pipeline to 2026-09-20 00:00:00+00:00, run_after=2026-09-21 00:00:00+00:00
[2026-09-20T14:41:43.282+0000] {processor.py:183} INFO - Processing /opt/airflow/dags/weather_risk_dag.py took 0.711 seconds
[2026-09-20T14:42:13.448+0000] {processor.py:161} INFO - Started process (PID=115) to work on /opt/airflow/dags/weather_risk_dag.py
[2026-09-20T14:42:13.450+0000] {processor.py:830} INFO - Processing file /opt/airflow/dags/weather_risk_dag.py for tasks to queue
[2026-09-20T14:42:13.453+0000] {logging_mixin.py:188} INFO - [2026-09-20T14:42:13.452+0000] {dagbag.py:545} INFO - Filling up the DagBag from /opt/airflow/dags/weather_risk_dag.py
[2026-09-20T14:42:14.043+0000] {processor.py:840} INFO - DAG(s) 'weather_risk_pipeline' retrieved from /opt/airflow/dags/weather_risk_dag.py
[2026-09-20T14:42:14.096+0000] {logging_mixin.py:188} INFO - [2026-09-20T14:42:14.095+0000] {dag.py:3089} INFO - Sync 1 DAGs
[2026-09-20T14:42:14.140+0000] {logging_mixin.py:188} INFO - [2026-09-20T14:42:14.139+0000] {dag.py:3947} INFO - Setting next_dagrun for weather_risk_pipeline to 2026-09-20 00:00:00+00:00, run_after=2026-09-21 00:00:00+00:00
[2026-09-20T14:42:14.175+0000] {processor.py:183} INFO - Processing /opt/airflow/dags/weather_risk_dag.py took 0.737 seconds
[2026-09-20T14:42:44.356+0000] {processor.py:161} INFO - Started process (PID=117) to work on /opt/airflow/dags/weather_risk_dag.py
[2026-09-20T14:42:44.359+0000] {processor.py:830} INFO - Processing file /opt/airflow/dags/weather_risk_dag.py for tasks to queue
[2026-09-20T14:42:44.363+0000] {logging_mixin.py:188} INFO - [2026-09-20T14:42:44.362+0000] {dagbag.py:545} INFO - Filling up the DagBag from /opt/airflow/dags/weather_risk_dag.py
[2026-09-20T14:42:45.016+0000] {processor.py:840} INFO - DAG(s) 'weather_risk_pipeline' retrieved from /opt/airflow/dags/weather_risk_dag.py
[2026-09-20T14:42:45.091+0000] {logging_mixin.py:188} INFO - [2026-09-20T14:42:45.090+0000] {dag.py:3089} INFO - Sync 1 DAGs
[2026-09-20T14:42:45.143+0000] {logging_mixin.py:188} INFO - [2026-09-20T14:42:45.142+0000] {dag.py:3947} INFO - Setting next_dagrun for weather_risk_pipeline to 2026-09-20 00:00:00+00:00, run_after=2026-09-21 00:00:00+00:00
[2026-09-20T14:42:45.186+0000] {processor.py:183} INFO - Processing /opt/airflow/dags/weather_risk_dag.py took 0.842 seconds
[2026-09-20T14:43:15.383+0000] {processor.py:161} INFO - Started process (PID=119) to work on /opt/airflow/dags/weather_risk_dag.py
[2026-09-20T14:43:15.387+0000] {processor.py:830} INFO - Processing file /opt/airflow/dags/weather_risk_dag.py for tasks to queue
[2026-09-20T14:43:15.390+0000] {logging_mixin.py:188} INFO - [2026-09-20T14:43:15.389+0000] {dagbag.py:545} INFO - Filling up the DagBag from /opt/airflow/dags/weather_risk_dag.py
[2026-09-20T14:43:16.039+0000] {processor.py:840} INFO - DAG(s) 'weather_risk_pipeline' retrieved from /opt/airflow/dags/weather_risk_dag.py
[2026-09-20T14:43:16.100+0000] {logging_mixin.py:188} INFO - [2026-09-20T14:43:16.099+0000] {dag.py:3089} INFO - Sync 1 DAGs
[2026-09-20T14:43:16.152+0000] {logging_mixin.py:188} INFO - [2026-09-20T14:43:16.151+0000] {dag.py:3947} INFO - Setting next_dagrun for weather_risk_pipeline to 2026-09-20 00:00:00+00:00, run_after=2026-09-21 00:00:00+00:00
[2026-09-20T14:43:16.400+0000] {processor.py:183} INFO - Processing /opt/airflow/dags/weather_risk_dag.py took 1.028 seconds
[2026-09-20T14:43:46.556+0000] {processor.py:161} INFO - Started process (PID=121) to work on /opt/airflow/dags/weather_risk_dag.py
[2026-09-20T14:43:46.558+0000] {processor.py:830} INFO - Processing file /opt/airflow/dags/weather_risk_dag.py for tasks to queue
[2026-09-20T14:43:46.562+0000] {logging_mixin.py:188} INFO - [2026-09-20T14:43:46.561+0000] {dagbag.py:545} INFO - Filling up the DagBag from /opt/airflow/dags/weather_risk_dag.py
[2026-09-20T14:43:47.255+0000] {processor.py:840} INFO - DAG(s) 'weather_risk_pipeline' retrieved from /opt/airflow/dags/weather_risk_dag.py
[2026-09-20T14:43:47.313+0000] {logging_mixin.py:188} INFO - [2026-09-20T14:43:47.313+0000] {dag.py:3089} INFO - Sync 1 DAGs
[2026-09-20T14:43:47.366+0000] {logging_mixin.py:188} INFO - [2026-09-20T14:43:47.365+0000] {dag.py:3947} INFO - Setting next_dagrun for weather_risk_pipeline to 2026-09-20 00:00:00+00:00, run_after=2026-09-21 00:00:00+00:00
[2026-09-20T14:43:47.406+0000] {processor.py:183} INFO - Processing /opt/airflow/dags/weather_risk_dag.py took 0.863 seconds
[2026-09-20T14:44:17.598+0000] {processor.py:161} INFO - Started process (PID=123) to work on /opt/airflow/dags/weather_risk_dag.py
[2026-09-20T14:44:17.602+0000] {processor.py:830} INFO - Processing file /opt/airflow/dags/weather_risk_dag.py for tasks to queue
[2026-09-20T14:44:17.604+0000] {logging_mixin.py:188} INFO - [2026-09-20T14:44:17.604+0000] {dagbag.py:545} INFO - Filling up the DagBag from /opt/airflow/dags/weather_risk_dag.py
[2026-09-20T14:44:18.258+0000] {processor.py:840} INFO - DAG(s) 'weather_risk_pipeline' retrieved from /opt/airflow/dags/weather_risk_dag.py
[2026-09-20T14:44:18.325+0000] {logging_mixin.py:188} INFO - [2026-09-20T14:44:18.324+0000] {dag.py:3089} INFO - Sync 1 DAGs
[2026-09-20T14:44:18.372+0000] {logging_mixin.py:188} INFO - [2026-09-20T14:44:18.372+0000] {dag.py:3947} INFO - Setting next_dagrun for weather_risk_pipeline to 2026-09-20 00:00:00+00:00, run_after=2026-09-21 00:00:00+00:00
[2026-09-20T14:44:18.412+0000] {processor.py:183} INFO - Processing /opt/airflow/dags/weather_risk_dag.py took 0.825 seconds
[2026-09-20T14:44:48.618+0000] {processor.py:161} INFO - Started process (PID=125) to work on /opt/airflow/dags/weather_risk_dag.py
[2026-09-20T14:44:48.619+0000] {processor.py:830} INFO - Processing file /opt/airflow/dags/weather_risk_dag.py for tasks to queue
[2026-09-20T14:44:48.621+0000] {logging_mixin.py:188} INFO - [2026-09-20T14:44:48.621+0000] {dagbag.py:545} INFO - Filling up the DagBag from /opt/airflow/dags/weather_risk_dag.py
[2026-09-20T14:44:49.310+0000] {processor.py:840} INFO - DAG(s) 'weather_risk_pipeline' retrieved from /opt/airflow/dags/weather_risk_dag.py
[2026-09-20T14:44:49.371+0000] {logging_mixin.py:188} INFO - [2026-09-20T14:44:49.371+0000] {dag.py:3089} INFO - Sync 1 DAGs
[2026-09-20T14:44:49.433+0000] {logging_mixin.py:188} INFO - [2026-09-20T14:44:49.432+0000] {dag.py:3947} INFO - Setting next_dagrun for weather_risk_pipeline to 2026-09-20 00:00:00+00:00, run_after=2026-09-21 00:00:00+00:00
[2026-09-20T14:44:49.482+0000] {processor.py:183} INFO - Processing /opt/airflow/dags/weather_risk_dag.py took 0.877 seconds
[2026-09-20T14:45:19.681+0000] {processor.py:161} INFO - Started process (PID=127) to work on /opt/airflow/dags/weather_risk_dag.py
[2026-09-20T14:45:19.684+0000] {processor.py:830} INFO - Processing file /opt/airflow/dags/weather_risk_dag.py for tasks to queue
[2026-09-20T14:45:19.687+0000] {logging_mixin.py:188} INFO - [2026-09-20T14:45:19.687+0000] {dagbag.py:545} INFO - Filling up the DagBag from /opt/airflow/dags/weather_risk_dag.py
[2026-09-20T14:45:20.237+0000] {processor.py:840} INFO - DAG(s) 'weather_risk_pipeline' retrieved from /opt/airflow/dags/weather_risk_dag.py
[2026-09-20T14:45:20.285+0000] {logging_mixin.py:188} INFO - [2026-09-20T14:45:20.285+0000] {dag.py:3089} INFO - Sync 1 DAGs
[2026-09-20T14:45:20.325+0000] {logging_mixin.py:188} INFO - [2026-09-20T14:45:20.325+0000] {dag.py:3947} INFO - Setting next_dagrun for weather_risk_pipeline to 2026-09-20 00:00:00+00:00, run_after=2026-09-21 00:00:00+00:00
[2026-09-20T14:45:20.356+0000] {processor.py:183} INFO - Processing /opt/airflow/dags/weather_risk_dag.py took 0.685 seconds
[2026-09-20T14:45:50.534+0000] {processor.py:161} INFO - Started process (PID=129) to work on /opt/airflow/dags/weather_risk_dag.py
[2026-09-20T14:45:50.535+0000] {processor.py:830} INFO - Processing file /opt/airflow/dags/weather_risk_dag.py for tasks to queue
[2026-09-20T14:45:50.538+0000] {logging_mixin.py:188} INFO - [2026-09-20T14:45:50.537+0000] {dagbag.py:545} INFO - Filling up the DagBag from /opt/airflow/dags/weather_risk_dag.py
[2026-09-20T14:45:51.056+0000] {processor.py:840} INFO - DAG(s) 'weather_risk_pipeline' retrieved from /opt/airflow/dags/weather_risk_dag.py
[2026-09-20T14:45:51.106+0000] {logging_mixin.py:188} INFO - [2026-09-20T14:45:51.105+0000] {dag.py:3089} INFO - Sync 1 DAGs
[2026-09-20T14:45:51.144+0000] {logging_mixin.py:188} INFO - [2026-09-20T14:45:51.144+0000] {dag.py:3947} INFO - Setting next_dagrun for weather_risk_pipeline to 2026-09-20 00:00:00+00:00, run_after=2026-09-21 00:00:00+00:00
[2026-09-20T14:45:51.176+0000] {processor.py:183} INFO - Processing /opt/airflow/dags/weather_risk_dag.py took 0.652 seconds
[2026-09-20T14:46:21.324+0000] {processor.py:161} INFO - Started process (PID=131) to work on /opt/airflow/dags/weather_risk_dag.py
[2026-09-20T14:46:21.327+0000] {processor.py:830} INFO - Processing file /opt/airflow/dags/weather_risk_dag.py for tasks to queue
[2026-09-20T14:46:21.330+0000] {logging_mixin.py:188} INFO - [2026-09-20T14:46:21.329+0000] {dagbag.py:545} INFO - Filling up the DagBag from /opt/airflow/dags/weather_risk_dag.py
[2026-09-20T14:46:21.848+0000] {processor.py:840} INFO - DAG(s) 'weather_risk_pipeline' retrieved from /opt/airflow/dags/weather_risk_dag.py
[2026-09-20T14:46:21.897+0000] {logging_mixin.py:188} INFO - [2026-09-20T14:46:21.896+0000] {dag.py:3089} INFO - Sync 1 DAGs
[2026-09-20T14:46:21.938+0000] {logging_mixin.py:188} INFO - [2026-09-20T14:46:21.937+0000] {dag.py:3947} INFO - Setting next_dagrun for weather_risk_pipeline to 2026-09-20 00:00:00+00:00, run_after=2026-09-21 00:00:00+00:00
[2026-09-20T14:46:22.153+0000] {processor.py:183} INFO - Processing /opt/airflow/dags/weather_risk_dag.py took 0.838 seconds
[2026-09-20T14:46:52.344+0000] {processor.py:161} INFO - Started process (PID=133) to work on /opt/airflow/dags/weather_risk_dag.py
[2026-09-20T14:46:52.345+0000] {processor.py:830} INFO - Processing file /opt/airflow/dags/weather_risk_dag.py for tasks to queue
[2026-09-20T14:46:52.348+0000] {logging_mixin.py:188} INFO - [2026-09-20T14:46:52.347+0000] {dagbag.py:545} INFO - Filling up the DagBag from /opt/airflow/dags/weather_risk_dag.py
[2026-09-20T14:46:52.880+0000] {processor.py:840} INFO - DAG(s) 'weather_risk_pipeline' retrieved from /opt/airflow/dags/weather_risk_dag.py
[2026-09-20T14:46:52.928+0000] {logging_mixin.py:188} INFO - [2026-09-20T14:46:52.928+0000] {dag.py:3089} INFO - Sync 1 DAGs
[2026-09-20T14:46:52.969+0000] {logging_mixin.py:188} INFO - [2026-09-20T14:46:52.969+0000] {dag.py:3947} INFO - Setting next_dagrun for weather_risk_pipeline to 2026-09-20 00:00:00+00:00, run_after=2026-09-21 00:00:00+00:00
[2026-09-20T14:46:52.999+0000] {processor.py:183} INFO - Processing /opt/airflow/dags/weather_risk_dag.py took 0.664 seconds
[2026-09-20T14:47:23.181+0000] {processor.py:161} INFO - Started process (PID=135) to work on /opt/airflow/dags/weather_risk_dag.py
[2026-09-20T14:47:23.193+0000] {processor.py:830} INFO - Processing file /opt/airflow/dags/weather_risk_dag.py for tasks to queue
[2026-09-20T14:47:23.195+0000] {logging_mixin.py:188} INFO - [2026-09-20T14:47:23.195+0000] {dagbag.py:545} INFO - Filling up the DagBag from /opt/airflow/dags/weather_risk_dag.py
[2026-09-20T14:47:23.725+0000] {processor.py:840} INFO - DAG(s) 'weather_risk_pipeline' retrieved from /opt/airflow/dags/weather_risk_dag.py
[2026-09-20T14:47:23.775+0000] {logging_mixin.py:188} INFO - [2026-09-20T14:47:23.774+0000] {dag.py:3089} INFO - Sync 1 DAGs
[2026-09-20T14:47:23.813+0000] {logging_mixin.py:188} INFO - [2026-09-20T14:47:23.813+0000] {dag.py:3947} INFO - Setting next_dagrun for weather_risk_pipeline to 2026-09-20 00:00:00+00:00, run_after=2026-09-21 00:00:00+00:00
[2026-09-20T14:47:23.853+0000] {processor.py:183} INFO - Processing /opt/airflow/dags/weather_risk_dag.py took 0.682 seconds
[2026-09-20T14:47:54.026+0000] {processor.py:161} INFO - Started process (PID=137) to work on /opt/airflow/dags/weather_risk_dag.py
[2026-09-20T14:47:54.028+0000] {processor.py:830} INFO - Processing file /opt/airflow/dags/weather_risk_dag.py for tasks to queue
[2026-09-20T14:47:54.031+0000] {logging_mixin.py:188} INFO - [2026-09-20T14:47:54.031+0000] {dagbag.py:545} INFO - Filling up the DagBag from /opt/airflow/dags/weather_risk_dag.py
[2026-09-20T14:47:54.561+0000] {processor.py:840} INFO - DAG(s) 'weather_risk_pipeline' retrieved from /opt/airflow/dags/weather_risk_dag.py
[2026-09-20T14:47:54.609+0000] {logging_mixin.py:188} INFO - [2026-09-20T14:47:54.609+0000] {dag.py:3089} INFO - Sync 1 DAGs
[2026-09-20T14:47:54.647+0000] {logging_mixin.py:188} INFO - [2026-09-20T14:47:54.647+0000] {dag.py:3947} INFO - Setting next_dagrun for weather_risk_pipeline to 2026-09-20 00:00:00+00:00, run_after=2026-09-21 00:00:00+00:00
[2026-09-20T14:47:54.677+0000] {processor.py:183} INFO - Processing /opt/airflow/dags/weather_risk_dag.py took 0.660 seconds
[2026-09-20T14:48:24.854+0000] {processor.py:161} INFO - Started process (PID=139) to work on /opt/airflow/dags/weather_risk_dag.py
[2026-09-20T14:48:24.856+0000] {processor.py:830} INFO - Processing file /opt/airflow/dags/weather_risk_dag.py for tasks to queue
[2026-09-20T14:48:24.860+0000] {logging_mixin.py:188} INFO - [2026-09-20T14:48:24.859+0000] {dagbag.py:545} INFO - Filling up the DagBag from /opt/airflow/dags/weather_risk_dag.py
[2026-09-20T14:48:25.413+0000] {processor.py:840} INFO - DAG(s) 'weather_risk_pipeline' retrieved from /opt/airflow/dags/weather_risk_dag.py
[2026-09-20T14:48:25.462+0000] {logging_mixin.py:188} INFO - [2026-09-20T14:48:25.461+0000] {dag.py:3089} INFO - Sync 1 DAGs
[2026-09-20T14:48:25.501+0000] {logging_mixin.py:188} INFO - [2026-09-20T14:48:25.500+0000] {dag.py:3947} INFO - Setting next_dagrun for weather_risk_pipeline to 2026-09-20 00:00:00+00:00, run_after=2026-09-21 00:00:00+00:00
[2026-09-20T14:48:25.530+0000] {processor.py:183} INFO - Processing /opt/airflow/dags/weather_risk_dag.py took 0.685 seconds
[2026-09-20T14:48:55.701+0000] {processor.py:161} INFO - Started process (PID=141) to work on /opt/airflow/dags/weather_risk_dag.py
[2026-09-20T14:48:55.704+0000] {processor.py:830} INFO - Processing file /opt/airflow/dags/weather_risk_dag.py for tasks to queue
[2026-09-20T14:48:55.707+0000] {logging_mixin.py:188} INFO - [2026-09-20T14:48:55.707+0000] {dagbag.py:545} INFO - Filling up the DagBag from /opt/airflow/dags/weather_risk_dag.py
[2026-09-20T14:48:56.244+0000] {processor.py:840} INFO - DAG(s) 'weather_risk_pipeline' retrieved from /opt/airflow/dags/weather_risk_dag.py
[2026-09-20T14:48:56.293+0000] {logging_mixin.py:188} INFO - [2026-09-20T14:48:56.293+0000] {dag.py:3089} INFO - Sync 1 DAGs
[2026-09-20T14:48:56.332+0000] {logging_mixin.py:188} INFO - [2026-09-20T14:48:56.332+0000] {dag.py:3947} INFO - Setting next_dagrun for weather_risk_pipeline to 2026-09-20 00:00:00+00:00, run_after=2026-09-21 00:00:00+00:00
[2026-09-20T14:48:56.365+0000] {processor.py:183} INFO - Processing /opt/airflow/dags/weather_risk_dag.py took 0.673 seconds
[2026-09-20T14:49:26.460+0000] {processor.py:161} INFO - Started process (PID=143) to work on /opt/airflow/dags/weather_risk_dag.py
[2026-09-20T14:49:26.462+0000] {processor.py:830} INFO - Processing file /opt/airflow/dags/weather_risk_dag.py for tasks to queue
[2026-09-20T14:49:26.465+0000] {logging_mixin.py:188} INFO - [2026-09-20T14:49:26.465+0000] {dagbag.py:545} INFO - Filling up the DagBag from /opt/airflow/dags/weather_risk_dag.py
[2026-09-20T14:49:26.984+0000] {processor.py:840} INFO - DAG(s) 'weather_risk_pipeline' retrieved from /opt/airflow/dags/weather_risk_dag.py
[2026-09-20T14:49:27.032+0000] {logging_mixin.py:188} INFO - [2026-09-20T14:49:27.031+0000] {dag.py:3089} INFO - Sync 1 DAGs
[2026-09-20T14:49:27.079+0000] {logging_mixin.py:188} INFO - [2026-09-20T14:49:27.079+0000] {dag.py:3947} INFO - Setting next_dagrun for weather_risk_pipeline to 2026-09-20 00:00:00+00:00, run_after=2026-09-21 00:00:00+00:00
[2026-09-20T14:49:27.301+0000] {processor.py:183} INFO - Processing /opt/airflow/dags/weather_risk_dag.py took 0.850 seconds
[2026-09-20T14:49:57.491+0000] {processor.py:161} INFO - Started process (PID=145) to work on /opt/airflow/dags/weather_risk_dag.py
[2026-09-20T14:49:57.494+0000] {processor.py:830} INFO - Processing file /opt/airflow/dags/weather_risk_dag.py for tasks to queue
[2026-09-20T14:49:57.497+0000] {logging_mixin.py:188} INFO - [2026-09-20T14:49:57.496+0000] {dagbag.py:545} INFO - Filling up the DagBag from /opt/airflow/dags/weather_risk_dag.py
[2026-09-20T14:49:58.022+0000] {processor.py:840} INFO - DAG(s) 'weather_risk_pipeline' retrieved from /opt/airflow/dags/weather_risk_dag.py
[2026-09-20T14:49:58.071+0000] {logging_mixin.py:188} INFO - [2026-09-20T14:49:58.070+0000] {dag.py:3089} INFO - Sync 1 DAGs
[2026-09-20T14:49:58.111+0000] {logging_mixin.py:188} INFO - [2026-09-20T14:49:58.111+0000] {dag.py:3947} INFO - Setting next_dagrun for weather_risk_pipeline to 2026-09-20 00:00:00+00:00, run_after=2026-09-21 00:00:00+00:00
[2026-09-20T14:49:58.141+0000] {processor.py:183} INFO - Processing /opt/airflow/dags/weather_risk_dag.py took 0.660 seconds
[2026-09-20T14:50:28.317+0000] {processor.py:161} INFO - Started process (PID=147) to work on /opt/airflow/dags/weather_risk_dag.py
[2026-09-20T14:50:28.321+0000] {processor.py:830} INFO - Processing file /opt/airflow/dags/weather_risk_dag.py for tasks to queue
[2026-09-20T14:50:28.323+0000] {logging_mixin.py:188} INFO - [2026-09-20T14:50:28.323+0000] {dagbag.py:545} INFO - Filling up the DagBag from /opt/airflow/dags/weather_risk_dag.py
[2026-09-20T14:50:28.936+0000] {processor.py:840} INFO - DAG(s) 'weather_risk_pipeline' retrieved from /opt/airflow/dags/weather_risk_dag.py
[2026-09-20T14:50:28.987+0000] {logging_mixin.py:188} INFO - [2026-09-20T14:50:28.986+0000] {dag.py:3089} INFO - Sync 1 DAGs
[2026-09-20T14:50:29.028+0000] {logging_mixin.py:188} INFO - [2026-09-20T14:50:29.027+0000] {dag.py:3947} INFO - Setting next_dagrun for weather_risk_pipeline to 2026-09-20 00:00:00+00:00, run_after=2026-09-21 00:00:00+00:00
[2026-09-20T14:50:29.057+0000] {processor.py:183} INFO - Processing /opt/airflow/dags/weather_risk_dag.py took 0.751 seconds
[2026-09-20T14:50:59.232+0000] {processor.py:161} INFO - Started process (PID=149) to work on /opt/airflow/dags/weather_risk_dag.py
[2026-09-20T14:50:59.235+0000] {processor.py:830} INFO - Processing file /opt/airflow/dags/weather_risk_dag.py for tasks to queue
[2026-09-20T14:50:59.237+0000] {logging_mixin.py:188} INFO - [2026-09-20T14:50:59.237+0000] {dagbag.py:545} INFO - Filling up the DagBag from /opt/airflow/dags/weather_risk_dag.py
[2026-09-20T14:50:59.762+0000] {processor.py:840} INFO - DAG(s) 'weather_risk_pipeline' retrieved from /opt/airflow/dags/weather_risk_dag.py
[2026-09-20T14:50:59.810+0000] {logging_mixin.py:188} INFO - [2026-09-20T14:50:59.810+0000] {dag.py:3089} INFO - Sync 1 DAGs
[2026-09-20T14:50:59.851+0000] {logging_mixin.py:188} INFO - [2026-09-20T14:50:59.850+0000] {dag.py:3947} INFO - Setting next_dagrun for weather_risk_pipeline to 2026-09-20 00:00:00+00:00, run_after=2026-09-21 00:00:00+00:00
[2026-09-20T14:50:59.880+0000] {processor.py:183} INFO - Processing /opt/airflow/dags/weather_risk_dag.py took 0.658 seconds
[2026-09-20T14:51:30.064+0000] {processor.py:161} INFO - Started process (PID=151) to work on /opt/airflow/dags/weather_risk_dag.py
[2026-09-20T14:51:30.068+0000] {processor.py:830} INFO - Processing file /opt/airflow/dags/weather_risk_dag.py for tasks to queue
[2026-09-20T14:51:30.070+0000] {logging_mixin.py:188} INFO - [2026-09-20T14:51:30.070+0000] {dagbag.py:545} INFO - Filling up the DagBag from /opt/airflow/dags/weather_risk_dag.py
[2026-09-20T14:51:30.648+0000] {processor.py:840} INFO - DAG(s) 'weather_risk_pipeline' retrieved from /opt/airflow/dags/weather_risk_dag.py
[2026-09-20T14:51:30.695+0000] {logging_mixin.py:188} INFO - [2026-09-20T14:51:30.695+0000] {dag.py:3089} INFO - Sync 1 DAGs
[2026-09-20T14:51:30.734+0000] {logging_mixin.py:188} INFO - [2026-09-20T14:51:30.734+0000] {dag.py:3947} INFO - Setting next_dagrun for weather_risk_pipeline to 2026-09-20 00:00:00+00:00, run_after=2026-09-21 00:00:00+00:00
[2026-09-20T14:51:30.765+0000] {processor.py:183} INFO - Processing /opt/airflow/dags/weather_risk_dag.py took 0.710 seconds
[2026-09-20T14:52:00.940+0000] {processor.py:161} INFO - Started process (PID=153) to work on /opt/airflow/dags/weather_risk_dag.py
[2026-09-20T14:52:00.942+0000] {processor.py:830} INFO - Processing file /opt/airflow/dags/weather_risk_dag.py for tasks to queue
[2026-09-20T14:52:00.944+0000] {logging_mixin.py:188} INFO - [2026-09-20T14:52:00.944+0000] {dagbag.py:545} INFO - Filling up the DagBag from /opt/airflow/dags/weather_risk_dag.py
[2026-09-20T14:52:01.470+0000] {processor.py:840} INFO - DAG(s) 'weather_risk_pipeline' retrieved from /opt/airflow/dags/weather_risk_dag.py
[2026-09-20T14:52:01.522+0000] {logging_mixin.py:188} INFO - [2026-09-20T14:52:01.521+0000] {dag.py:3089} INFO - Sync 1 DAGs
[2026-09-20T14:52:01.562+0000] {logging_mixin.py:188} INFO - [2026-09-20T14:52:01.561+0000] {dag.py:3947} INFO - Setting next_dagrun for weather_risk_pipeline to 2026-09-20 00:00:00+00:00, run_after=2026-09-21 00:00:00+00:00
[2026-09-20T14:52:01.601+0000] {processor.py:183} INFO - Processing /opt/airflow/dags/weather_risk_dag.py took 0.671 seconds
[2026-09-20T14:52:31.671+0000] {processor.py:161} INFO - Started process (PID=155) to work on /opt/airflow/dags/weather_risk_dag.py
[2026-09-20T14:52:31.673+0000] {processor.py:830} INFO - Processing file /opt/airflow/dags/weather_risk_dag.py for tasks to queue
[2026-09-20T14:52:31.676+0000] {logging_mixin.py:188} INFO - [2026-09-20T14:52:31.675+0000] {dagbag.py:545} INFO - Filling up the DagBag from /opt/airflow/dags/weather_risk_dag.py
[2026-09-20T14:52:32.212+0000] {processor.py:840} INFO - DAG(s) 'weather_risk_pipeline' retrieved from /opt/airflow/dags/weather_risk_dag.py
[2026-09-20T14:52:32.261+0000] {logging_mixin.py:188} INFO - [2026-09-20T14:52:32.260+0000] {dag.py:3089} INFO - Sync 1 DAGs
[2026-09-20T14:52:32.302+0000] {logging_mixin.py:188} INFO - [2026-09-20T14:52:32.302+0000] {dag.py:3947} INFO - Setting next_dagrun for weather_risk_pipeline to 2026-09-20 00:00:00+00:00, run_after=2026-09-21 00:00:00+00:00
[2026-09-20T14:52:32.510+0000] {processor.py:183} INFO - Processing /opt/airflow/dags/weather_risk_dag.py took 0.849 seconds
[2026-09-20T14:53:02.701+0000] {processor.py:161} INFO - Started process (PID=157) to work on /opt/airflow/dags/weather_risk_dag.py
[2026-09-20T14:53:02.704+0000] {processor.py:830} INFO - Processing file /opt/airflow/dags/weather_risk_dag.py for tasks to queue
[2026-09-20T14:53:02.707+0000] {logging_mixin.py:188} INFO - [2026-09-20T14:53:02.707+0000] {dagbag.py:545} INFO - Filling up the DagBag from /opt/airflow/dags/weather_risk_dag.py
[2026-09-20T14:53:03.237+0000] {processor.py:840} INFO - DAG(s) 'weather_risk_pipeline' retrieved from /opt/airflow/dags/weather_risk_dag.py
[2026-09-20T14:53:03.286+0000] {logging_mixin.py:188} INFO - [2026-09-20T14:53:03.286+0000] {dag.py:3089} INFO - Sync 1 DAGs
[2026-09-20T14:53:03.327+0000] {logging_mixin.py:188} INFO - [2026-09-20T14:53:03.327+0000] {dag.py:3947} INFO - Setting next_dagrun for weather_risk_pipeline to 2026-09-20 00:00:00+00:00, run_after=2026-09-21 00:00:00+00:00
[2026-09-20T14:53:03.355+0000] {processor.py:183} INFO - Processing /opt/airflow/dags/weather_risk_dag.py took 0.664 seconds
[2026-09-20T14:53:33.530+0000] {processor.py:161} INFO - Started process (PID=159) to work on /opt/airflow/dags/weather_risk_dag.py
[2026-09-20T14:53:33.531+0000] {processor.py:830} INFO - Processing file /opt/airflow/dags/weather_risk_dag.py for tasks to queue
[2026-09-20T14:53:33.534+0000] {logging_mixin.py:188} INFO - [2026-09-20T14:53:33.533+0000] {dagbag.py:545} INFO - Filling up the DagBag from /opt/airflow/dags/weather_risk_dag.py
[2026-09-20T14:53:34.059+0000] {processor.py:840} INFO - DAG(s) 'weather_risk_pipeline' retrieved from /opt/airflow/dags/weather_risk_dag.py
[2026-09-20T14:53:34.109+0000] {logging_mixin.py:188} INFO - [2026-09-20T14:53:34.108+0000] {dag.py:3089} INFO - Sync 1 DAGs
[2026-09-20T14:53:34.153+0000] {logging_mixin.py:188} INFO - [2026-09-20T14:53:34.152+0000] {dag.py:3947} INFO - Setting next_dagrun for weather_risk_pipeline to 2026-09-20 00:00:00+00:00, run_after=2026-09-21 00:00:00+00:00
[2026-09-20T14:53:34.181+0000] {processor.py:183} INFO - Processing /opt/airflow/dags/weather_risk_dag.py took 0.662 seconds
[2026-09-20T14:54:04.350+0000] {processor.py:161} INFO - Started process (PID=161) to work on /opt/airflow/dags/weather_risk_dag.py
[2026-09-20T14:54:04.352+0000] {processor.py:830} INFO - Processing file /opt/airflow/dags/weather_risk_dag.py for tasks to queue
[2026-09-20T14:54:04.355+0000] {logging_mixin.py:188} INFO - [2026-09-20T14:54:04.354+0000] {dagbag.py:545} INFO - Filling up the DagBag from /opt/airflow/dags/weather_risk_dag.py
[2026-09-20T14:54:04.883+0000] {processor.py:840} INFO - DAG(s) 'weather_risk_pipeline' retrieved from /opt/airflow/dags/weather_risk_dag.py
[2026-09-20T14:54:04.932+0000] {logging_mixin.py:188} INFO - [2026-09-20T14:54:04.931+0000] {dag.py:3089} INFO - Sync 1 DAGs
[2026-09-20T14:54:04.975+0000] {logging_mixin.py:188} INFO - [2026-09-20T14:54:04.975+0000] {dag.py:3947} INFO - Setting next_dagrun for weather_risk_pipeline to 2026-09-20 00:00:00+00:00, run_after=2026-09-21 00:00:00+00:00
[2026-09-20T14:54:05.012+0000] {processor.py:183} INFO - Processing /opt/airflow/dags/weather_risk_dag.py took 0.671 seconds
[2026-09-20T14:54:35.195+0000] {processor.py:161} INFO - Started process (PID=163) to work on /opt/airflow/dags/weather_risk_dag.py
[2026-09-20T14:54:35.197+0000] {processor.py:830} INFO - Processing file /opt/airflow/dags/weather_risk_dag.py for tasks to queue
[2026-09-20T14:54:35.200+0000] {logging_mixin.py:188} INFO - [2026-09-20T14:54:35.199+0000] {dagbag.py:545} INFO - Filling up the DagBag from /opt/airflow/dags/weather_risk_dag.py
[2026-09-20T14:54:35.758+0000] {processor.py:840} INFO - DAG(s) 'weather_risk_pipeline' retrieved from /opt/airflow/dags/weather_risk_dag.py
[2026-09-20T14:54:35.806+0000] {logging_mixin.py:188} INFO - [2026-09-20T14:54:35.805+0000] {dag.py:3089} INFO - Sync 1 DAGs
[2026-09-20T14:54:35.843+0000] {logging_mixin.py:188} INFO - [2026-09-20T14:54:35.843+0000] {dag.py:3947} INFO - Setting next_dagrun for weather_risk_pipeline to 2026-09-20 00:00:00+00:00, run_after=2026-09-21 00:00:00+00:00
[2026-09-20T14:54:35.873+0000] {processor.py:183} INFO - Processing /opt/airflow/dags/weather_risk_dag.py took 0.689 seconds
[2026-09-20T14:55:06.049+0000] {processor.py:161} INFO - Started process (PID=165) to work on /opt/airflow/dags/weather_risk_dag.py
[2026-09-20T14:55:06.052+0000] {processor.py:830} INFO - Processing file /opt/airflow/dags/weather_risk_dag.py for tasks to queue
[2026-09-20T14:55:06.055+0000] {logging_mixin.py:188} INFO - [2026-09-20T14:55:06.054+0000] {dagbag.py:545} INFO - Filling up the DagBag from /opt/airflow/dags/weather_risk_dag.py
[2026-09-20T14:55:06.577+0000] {processor.py:840} INFO - DAG(s) 'weather_risk_pipeline' retrieved from /opt/airflow/dags/weather_risk_dag.py
[2026-09-20T14:55:06.628+0000] {logging_mixin.py:188} INFO - [2026-09-20T14:55:06.627+0000] {dag.py:3089} INFO - Sync 1 DAGs
[2026-09-20T14:55:06.666+0000] {logging_mixin.py:188} INFO - [2026-09-20T14:55:06.665+0000] {dag.py:3947} INFO - Setting next_dagrun for weather_risk_pipeline to 2026-09-20 00:00:00+00:00, run_after=2026-09-21 00:00:00+00:00
[2026-09-20T14:55:06.698+0000] {processor.py:183} INFO - Processing /opt/airflow/dags/weather_risk_dag.py took 0.659 seconds
[2026-09-20T14:55:36.806+0000] {processor.py:161} INFO - Started process (PID=167) to work on /opt/airflow/dags/weather_risk_dag.py
[2026-09-20T14:55:36.809+0000] {processor.py:830} INFO - Processing file /opt/airflow/dags/weather_risk_dag.py for tasks to queue
[2026-09-20T14:55:36.811+0000] {logging_mixin.py:188} INFO - [2026-09-20T14:55:36.811+0000] {dagbag.py:545} INFO - Filling up the DagBag from /opt/airflow/dags/weather_risk_dag.py
[2026-09-20T14:55:37.334+0000] {processor.py:840} INFO - DAG(s) 'weather_risk_pipeline' retrieved from /opt/airflow/dags/weather_risk_dag.py
[2026-09-20T14:55:37.386+0000] {logging_mixin.py:188} INFO - [2026-09-20T14:55:37.385+0000] {dag.py:3089} INFO - Sync 1 DAGs
[2026-09-20T14:55:37.427+0000] {logging_mixin.py:188} INFO - [2026-09-20T14:55:37.427+0000] {dag.py:3947} INFO - Setting next_dagrun for weather_risk_pipeline to 2026-09-20 00:00:00+00:00, run_after=2026-09-21 00:00:00+00:00
[2026-09-20T14:55:37.639+0000] {processor.py:183} INFO - Processing /opt/airflow/dags/weather_risk_dag.py took 0.843 seconds
[2026-09-20T14:56:07.835+0000] {processor.py:161} INFO - Started process (PID=169) to work on /opt/airflow/dags/weather_risk_dag.py
[2026-09-20T14:56:07.839+0000] {processor.py:830} INFO - Processing file /opt/airflow/dags/weather_risk_dag.py for tasks to queue
[2026-09-20T14:56:07.841+0000] {logging_mixin.py:188} INFO - [2026-09-20T14:56:07.841+0000] {dagbag.py:545} INFO - Filling up the DagBag from /opt/airflow/dags/weather_risk_dag.py
[2026-09-20T14:56:08.377+0000] {processor.py:840} INFO - DAG(s) 'weather_risk_pipeline' retrieved from /opt/airflow/dags/weather_risk_dag.py
[2026-09-20T14:56:08.425+0000] {logging_mixin.py:188} INFO - [2026-09-20T14:56:08.425+0000] {dag.py:3089} INFO - Sync 1 DAGs
[2026-09-20T14:56:08.652+0000] {logging_mixin.py:188} INFO - [2026-09-20T14:56:08.651+0000] {dag.py:3947} INFO - Setting next_dagrun for weather_risk_pipeline to 2026-09-20 00:00:00+00:00, run_after=2026-09-21 00:00:00+00:00
[2026-09-20T14:56:08.686+0000] {processor.py:183} INFO - Processing /opt/airflow/dags/weather_risk_dag.py took 0.860 seconds
[2026-09-20T14:56:38.870+0000] {processor.py:161} INFO - Started process (PID=171) to work on /opt/airflow/dags/weather_risk_dag.py
[2026-09-20T14:56:38.873+0000] {processor.py:830} INFO - Processing file /opt/airflow/dags/weather_risk_dag.py for tasks to queue
[2026-09-20T14:56:38.875+0000] {logging_mixin.py:188} INFO - [2026-09-20T14:56:38.875+0000] {dagbag.py:545} INFO - Filling up the DagBag from /opt/airflow/dags/weather_risk_dag.py
[2026-09-20T14:56:39.400+0000] {processor.py:840} INFO - DAG(s) 'weather_risk_pipeline' retrieved from /opt/airflow/dags/weather_risk_dag.py
[2026-09-20T14:56:39.447+0000] {logging_mixin.py:188} INFO - [2026-09-20T14:56:39.447+0000] {dag.py:3089} INFO - Sync 1 DAGs
[2026-09-20T14:56:39.485+0000] {logging_mixin.py:188} INFO - [2026-09-20T14:56:39.485+0000] {dag.py:3947} INFO - Setting next_dagrun for weather_risk_pipeline to 2026-09-20 00:00:00+00:00, run_after=2026-09-21 00:00:00+00:00
[2026-09-20T14:56:39.514+0000] {processor.py:183} INFO - Processing /opt/airflow/dags/weather_risk_dag.py took 0.654 seconds
[2026-09-20T14:57:09.686+0000] {processor.py:161} INFO - Started process (PID=173) to work on /opt/airflow/dags/weather_risk_dag.py
[2026-09-20T14:57:09.689+0000] {processor.py:830} INFO - Processing file /opt/airflow/dags/weather_risk_dag.py for tasks to queue
[2026-09-20T14:57:09.692+0000] {logging_mixin.py:188} INFO - [2026-09-20T14:57:09.692+0000] {dagbag.py:545} INFO - Filling up the DagBag from /opt/airflow/dags/weather_risk_dag.py
[2026-09-20T14:57:10.235+0000] {processor.py:840} INFO - DAG(s) 'weather_risk_pipeline' retrieved from /opt/airflow/dags/weather_risk_dag.py
[2026-09-20T14:57:10.287+0000] {logging_mixin.py:188} INFO - [2026-09-20T14:57:10.286+0000] {dag.py:3089} INFO - Sync 1 DAGs
[2026-09-20T14:57:10.326+0000] {logging_mixin.py:188} INFO - [2026-09-20T14:57:10.325+0000] {dag.py:3947} INFO - Setting next_dagrun for weather_risk_pipeline to 2026-09-20 00:00:00+00:00, run_after=2026-09-21 00:00:00+00:00
[2026-09-20T14:57:10.355+0000] {processor.py:183} INFO - Processing /opt/airflow/dags/weather_risk_dag.py took 0.679 seconds
[2026-09-20T14:57:40.452+0000] {processor.py:161} INFO - Started process (PID=175) to work on /opt/airflow/dags/weather_risk_dag.py
[2026-09-20T14:57:40.454+0000] {processor.py:830} INFO - Processing file /opt/airflow/dags/weather_risk_dag.py for tasks to queue
[2026-09-20T14:57:40.457+0000] {logging_mixin.py:188} INFO - [2026-09-20T14:57:40.456+0000] {dagbag.py:545} INFO - Filling up the DagBag from /opt/airflow/dags/weather_risk_dag.py
[2026-09-20T14:57:40.975+0000] {processor.py:840} INFO - DAG(s) 'weather_risk_pipeline' retrieved from /opt/airflow/dags/weather_risk_dag.py
[2026-09-20T14:57:41.023+0000] {logging_mixin.py:188} INFO - [2026-09-20T14:57:41.022+0000] {dag.py:3089} INFO - Sync 1 DAGs
[2026-09-20T14:57:41.062+0000] {logging_mixin.py:188} INFO - [2026-09-20T14:57:41.062+0000] {dag.py:3947} INFO - Setting next_dagrun for weather_risk_pipeline to 2026-09-20 00:00:00+00:00, run_after=2026-09-21 00:00:00+00:00
[2026-09-20T14:57:41.093+0000] {processor.py:183} INFO - Processing /opt/airflow/dags/weather_risk_dag.py took 0.651 seconds
[2026-09-20T14:58:11.272+0000] {processor.py:161} INFO - Started process (PID=177) to work on /opt/airflow/dags/weather_risk_dag.py
[2026-09-20T14:58:11.275+0000] {processor.py:830} INFO - Processing file /opt/airflow/dags/weather_risk_dag.py for tasks to queue
[2026-09-20T14:58:11.278+0000] {logging_mixin.py:188} INFO - [2026-09-20T14:58:11.277+0000] {dagbag.py:545} INFO - Filling up the DagBag from /opt/airflow/dags/weather_risk_dag.py
[2026-09-20T14:58:11.821+0000] {processor.py:840} INFO - DAG(s) 'weather_risk_pipeline' retrieved from /opt/airflow/dags/weather_risk_dag.py
[2026-09-20T14:58:11.870+0000] {logging_mixin.py:188} INFO - [2026-09-20T14:58:11.870+0000] {dag.py:3089} INFO - Sync 1 DAGs
[2026-09-20T14:58:11.908+0000] {logging_mixin.py:188} INFO - [2026-09-20T14:58:11.907+0000] {dag.py:3947} INFO - Setting next_dagrun for weather_risk_pipeline to 2026-09-20 00:00:00+00:00, run_after=2026-09-21 00:00:00+00:00
[2026-09-20T14:58:11.939+0000] {processor.py:183} INFO - Processing /opt/airflow/dags/weather_risk_dag.py took 0.677 seconds
[2026-09-20T14:58:42.110+0000] {processor.py:161} INFO - Started process (PID=179) to work on /opt/airflow/dags/weather_risk_dag.py
[2026-09-20T14:58:42.112+0000] {processor.py:830} INFO - Processing file /opt/airflow/dags/weather_risk_dag.py for tasks to queue
[2026-09-20T14:58:42.115+0000] {logging_mixin.py:188} INFO - [2026-09-20T14:58:42.115+0000] {dagbag.py:545} INFO - Filling up the DagBag from /opt/airflow/dags/weather_risk_dag.py
[2026-09-20T14:58:42.647+0000] {processor.py:840} INFO - DAG(s) 'weather_risk_pipeline' retrieved from /opt/airflow/dags/weather_risk_dag.py
[2026-09-20T14:58:42.696+0000] {logging_mixin.py:188} INFO - [2026-09-20T14:58:42.696+0000] {dag.py:3089} INFO - Sync 1 DAGs
[2026-09-20T14:58:42.737+0000] {logging_mixin.py:188} INFO - [2026-09-20T14:58:42.737+0000] {dag.py:3947} INFO - Setting next_dagrun for weather_risk_pipeline to 2026-09-20 00:00:00+00:00, run_after=2026-09-21 00:00:00+00:00
[2026-09-20T14:58:42.951+0000] {processor.py:183} INFO - Processing /opt/airflow/dags/weather_risk_dag.py took 0.852 seconds
[2026-09-20T14:59:13.121+0000] {processor.py:161} INFO - Started process (PID=181) to work on /opt/airflow/dags/weather_risk_dag.py
[2026-09-20T14:59:13.124+0000] {processor.py:830} INFO - Processing file /opt/airflow/dags/weather_risk_dag.py for tasks to queue
[2026-09-20T14:59:13.126+0000] {logging_mixin.py:188} INFO - [2026-09-20T14:59:13.126+0000] {dagbag.py:545} INFO - Filling up the DagBag from /opt/airflow/dags/weather_risk_dag.py
[2026-09-20T14:59:13.662+0000] {processor.py:840} INFO - DAG(s) 'weather_risk_pipeline' retrieved from /opt/airflow/dags/weather_risk_dag.py
[2026-09-20T14:59:13.712+0000] {logging_mixin.py:188} INFO - [2026-09-20T14:59:13.711+0000] {dag.py:3089} INFO - Sync 1 DAGs
[2026-09-20T14:59:13.753+0000] {logging_mixin.py:188} INFO - [2026-09-20T14:59:13.752+0000] {dag.py:3947} INFO - Setting next_dagrun for weather_risk_pipeline to 2026-09-20 00:00:00+00:00, run_after=2026-09-21 00:00:00+00:00
[2026-09-20T14:59:13.783+0000] {processor.py:183} INFO - Processing /opt/airflow/dags/weather_risk_dag.py took 0.672 seconds
[2026-09-20T14:59:43.964+0000] {processor.py:161} INFO - Started process (PID=183) to work on /opt/airflow/dags/weather_risk_dag.py
[2026-09-20T14:59:43.967+0000] {processor.py:830} INFO - Processing file /opt/airflow/dags/weather_risk_dag.py for tasks to queue
[2026-09-20T14:59:43.969+0000] {logging_mixin.py:188} INFO - [2026-09-20T14:59:43.969+0000] {dagbag.py:545} INFO - Filling up the DagBag from /opt/airflow/dags/weather_risk_dag.py
[2026-09-20T14:59:44.503+0000] {processor.py:840} INFO - DAG(s) 'weather_risk_pipeline' retrieved from /opt/airflow/dags/weather_risk_dag.py
[2026-09-20T14:59:44.554+0000] {logging_mixin.py:188} INFO - [2026-09-20T14:59:44.554+0000] {dag.py:3089} INFO - Sync 1 DAGs
[2026-09-20T14:59:44.594+0000] {logging_mixin.py:188} INFO - [2026-09-20T14:59:44.594+0000] {dag.py:3947} INFO - Setting next_dagrun for weather_risk_pipeline to 2026-09-20 00:00:00+00:00, run_after=2026-09-21 00:00:00+00:00
[2026-09-20T14:59:44.624+0000] {processor.py:183} INFO - Processing /opt/airflow/dags/weather_risk_dag.py took 0.670 seconds
[2026-09-20T15:00:14.798+0000] {processor.py:161} INFO - Started process (PID=185) to work on /opt/airflow/dags/weather_risk_dag.py
[2026-09-20T15:00:14.801+0000] {processor.py:830} INFO - Processing file /opt/airflow/dags/weather_risk_dag.py for tasks to queue
[2026-09-20T15:00:14.804+0000] {logging_mixin.py:188} INFO - [2026-09-20T15:00:14.803+0000] {dagbag.py:545} INFO - Filling up the DagBag from /opt/airflow/dags/weather_risk_dag.py
[2026-09-20T15:00:15.335+0000] {processor.py:840} INFO - DAG(s) 'weather_risk_pipeline' retrieved from /opt/airflow/dags/weather_risk_dag.py
[2026-09-20T15:00:15.383+0000] {logging_mixin.py:188} INFO - [2026-09-20T15:00:15.382+0000] {dag.py:3089} INFO - Sync 1 DAGs
[2026-09-20T15:00:15.422+0000] {logging_mixin.py:188} INFO - [2026-09-20T15:00:15.421+0000] {dag.py:3947} INFO - Setting next_dagrun for weather_risk_pipeline to 2026-09-20 00:00:00+00:00, run_after=2026-09-21 00:00:00+00:00
[2026-09-20T15:00:15.451+0000] {processor.py:183} INFO - Processing /opt/airflow/dags/weather_risk_dag.py took 0.663 seconds
[2026-09-20T15:00:45.565+0000] {processor.py:161} INFO - Started process (PID=187) to work on /opt/airflow/dags/weather_risk_dag.py
[2026-09-20T15:00:45.567+0000] {processor.py:830} INFO - Processing file /opt/airflow/dags/weather_risk_dag.py for tasks to queue
[2026-09-20T15:00:45.569+0000] {logging_mixin.py:188} INFO - [2026-09-20T15:00:45.569+0000] {dagbag.py:545} INFO - Filling up the DagBag from /opt/airflow/dags/weather_risk_dag.py
[2026-09-20T15:00:46.092+0000] {processor.py:840} INFO - DAG(s) 'weather_risk_pipeline' retrieved from /opt/airflow/dags/weather_risk_dag.py
[2026-09-20T15:00:46.140+0000] {logging_mixin.py:188} INFO - [2026-09-20T15:00:46.139+0000] {dag.py:3089} INFO - Sync 1 DAGs
[2026-09-20T15:00:46.179+0000] {logging_mixin.py:188} INFO - [2026-09-20T15:00:46.179+0000] {dag.py:3947} INFO - Setting next_dagrun for weather_risk_pipeline to 2026-09-20 00:00:00+00:00, run_after=2026-09-21 00:00:00+00:00
[2026-09-20T15:00:46.209+0000] {processor.py:183} INFO - Processing /opt/airflow/dags/weather_risk_dag.py took 0.653 seconds
[2026-09-20T15:01:16.393+0000] {processor.py:161} INFO - Started process (PID=189) to work on /opt/airflow/dags/weather_risk_dag.py
[2026-09-20T15:01:16.394+0000] {processor.py:830} INFO - Processing file /opt/airflow/dags/weather_risk_dag.py for tasks to queue
[2026-09-20T15:01:16.397+0000] {logging_mixin.py:188} INFO - [2026-09-20T15:01:16.396+0000] {dagbag.py:545} INFO - Filling up the DagBag from /opt/airflow/dags/weather_risk_dag.py
[2026-09-20T15:01:16.929+0000] {processor.py:840} INFO - DAG(s) 'weather_risk_pipeline' retrieved from /opt/airflow/dags/weather_risk_dag.py
[2026-09-20T15:01:16.977+0000] {logging_mixin.py:188} INFO - [2026-09-20T15:01:16.977+0000] {dag.py:3089} INFO - Sync 1 DAGs
[2026-09-20T15:01:17.016+0000] {logging_mixin.py:188} INFO - [2026-09-20T15:01:17.015+0000] {dag.py:3947} INFO - Setting next_dagrun for weather_risk_pipeline to 2026-09-20 00:00:00+00:00, run_after=2026-09-21 00:00:00+00:00
[2026-09-20T15:01:17.242+0000] {processor.py:183} INFO - Processing /opt/airflow/dags/weather_risk_dag.py took 0.858 seconds
[2026-09-20T15:01:47.427+0000] {processor.py:161} INFO - Started process (PID=191) to work on /opt/airflow/dags/weather_risk_dag.py
[2026-09-20T15:01:47.430+0000] {processor.py:830} INFO - Processing file /opt/airflow/dags/weather_risk_dag.py for tasks to queue
[2026-09-20T15:01:47.432+0000] {logging_mixin.py:188} INFO - [2026-09-20T15:01:47.432+0000] {dagbag.py:545} INFO - Filling up the DagBag from /opt/airflow/dags/weather_risk_dag.py
[2026-09-20T15:01:47.952+0000] {processor.py:840} INFO - DAG(s) 'weather_risk_pipeline' retrieved from /opt/airflow/dags/weather_risk_dag.py
[2026-09-20T15:01:47.999+0000] {logging_mixin.py:188} INFO - [2026-09-20T15:01:47.999+0000] {dag.py:3089} INFO - Sync 1 DAGs
[2026-09-20T15:01:48.224+0000] {logging_mixin.py:188} INFO - [2026-09-20T15:01:48.223+0000] {dag.py:3947} INFO - Setting next_dagrun for weather_risk_pipeline to 2026-09-20 00:00:00+00:00, run_after=2026-09-21 00:00:00+00:00
[2026-09-20T15:01:48.256+0000] {processor.py:183} INFO - Processing /opt/airflow/dags/weather_risk_dag.py took 0.838 seconds
[2026-09-20T15:02:18.432+0000] {processor.py:161} INFO - Started process (PID=193) to work on /opt/airflow/dags/weather_risk_dag.py
[2026-09-20T15:02:18.433+0000] {processor.py:830} INFO - Processing file /opt/airflow/dags/weather_risk_dag.py for tasks to queue
[2026-09-20T15:02:18.436+0000] {logging_mixin.py:188} INFO - [2026-09-20T15:02:18.435+0000] {dagbag.py:545} INFO - Filling up the DagBag from /opt/airflow/dags/weather_risk_dag.py
[2026-09-20T15:02:18.967+0000] {processor.py:840} INFO - DAG(s) 'weather_risk_pipeline' retrieved from /opt/airflow/dags/weather_risk_dag.py
[2026-09-20T15:02:19.017+0000] {logging_mixin.py:188} INFO - [2026-09-20T15:02:19.016+0000] {dag.py:3089} INFO - Sync 1 DAGs
[2026-09-20T15:02:19.060+0000] {logging_mixin.py:188} INFO - [2026-09-20T15:02:19.060+0000] {dag.py:3947} INFO - Setting next_dagrun for weather_risk_pipeline to 2026-09-20 00:00:00+00:00, run_after=2026-09-21 00:00:00+00:00
[2026-09-20T15:02:19.091+0000] {processor.py:183} INFO - Processing /opt/airflow/dags/weather_risk_dag.py took 0.668 seconds
[2026-09-20T15:02:49.212+0000] {processor.py:161} INFO - Started process (PID=195) to work on /opt/airflow/dags/weather_risk_dag.py
[2026-09-20T15:02:49.215+0000] {processor.py:830} INFO - Processing file /opt/airflow/dags/weather_risk_dag.py for tasks to queue
[2026-09-20T15:02:49.218+0000] {logging_mixin.py:188} INFO - [2026-09-20T15:02:49.217+0000] {dagbag.py:545} INFO - Filling up the DagBag from /opt/airflow/dags/weather_risk_dag.py
[2026-09-20T15:02:49.764+0000] {processor.py:840} INFO - DAG(s) 'weather_risk_pipeline' retrieved from /opt/airflow/dags/weather_risk_dag.py
[2026-09-20T15:02:49.815+0000] {logging_mixin.py:188} INFO - [2026-09-20T15:02:49.815+0000] {dag.py:3089} INFO - Sync 1 DAGs
[2026-09-20T15:02:49.858+0000] {logging_mixin.py:188} INFO - [2026-09-20T15:02:49.858+0000] {dag.py:3947} INFO - Setting next_dagrun for weather_risk_pipeline to 2026-09-20 00:00:00+00:00, run_after=2026-09-21 00:00:00+00:00
[2026-09-20T15:02:49.888+0000] {processor.py:183} INFO - Processing /opt/airflow/dags/weather_risk_dag.py took 0.685 seconds
[2026-09-20T15:03:20.070+0000] {processor.py:161} INFO - Started process (PID=197) to work on /opt/airflow/dags/weather_risk_dag.py
[2026-09-20T15:03:20.072+0000] {processor.py:830} INFO - Processing file /opt/airflow/dags/weather_risk_dag.py for tasks to queue
[2026-09-20T15:03:20.074+0000] {logging_mixin.py:188} INFO - [2026-09-20T15:03:20.074+0000] {dagbag.py:545} INFO - Filling up the DagBag from /opt/airflow/dags/weather_risk_dag.py
[2026-09-20T15:03:20.592+0000] {processor.py:840} INFO - DAG(s) 'weather_risk_pipeline' retrieved from /opt/airflow/dags/weather_risk_dag.py
[2026-09-20T15:03:20.640+0000] {logging_mixin.py:188} INFO - [2026-09-20T15:03:20.640+0000] {dag.py:3089} INFO - Sync 1 DAGs
[2026-09-20T15:03:20.679+0000] {logging_mixin.py:188} INFO - [2026-09-20T15:03:20.679+0000] {dag.py:3947} INFO - Setting next_dagrun for weather_risk_pipeline to 2026-09-20 00:00:00+00:00, run_after=2026-09-21 00:00:00+00:00
[2026-09-20T15:03:20.708+0000] {processor.py:183} INFO - Processing /opt/airflow/dags/weather_risk_dag.py took 0.648 seconds
[2026-09-20T15:03:50.884+0000] {processor.py:161} INFO - Started process (PID=199) to work on /opt/airflow/dags/weather_risk_dag.py
[2026-09-20T15:03:50.887+0000] {processor.py:830} INFO - Processing file /opt/airflow/dags/weather_risk_dag.py for tasks to queue
[2026-09-20T15:03:50.889+0000] {logging_mixin.py:188} INFO - [2026-09-20T15:03:50.889+0000] {dagbag.py:545} INFO - Filling up the DagBag from /opt/airflow/dags/weather_risk_dag.py
[2026-09-20T15:03:51.406+0000] {processor.py:840} INFO - DAG(s) 'weather_risk_pipeline' retrieved from /opt/airflow/dags/weather_risk_dag.py
[2026-09-20T15:03:51.455+0000] {logging_mixin.py:188} INFO - [2026-09-20T15:03:51.454+0000] {dag.py:3089} INFO - Sync 1 DAGs
[2026-09-20T15:03:51.494+0000] {logging_mixin.py:188} INFO - [2026-09-20T15:03:51.493+0000] {dag.py:3947} INFO - Setting next_dagrun for weather_risk_pipeline to 2026-09-20 00:00:00+00:00, run_after=2026-09-21 00:00:00+00:00
[2026-09-20T15:03:51.526+0000] {processor.py:183} INFO - Processing /opt/airflow/dags/weather_risk_dag.py took 0.651 seconds
[2026-09-20T15:04:21.691+0000] {processor.py:161} INFO - Started process (PID=201) to work on /opt/airflow/dags/weather_risk_dag.py
[2026-09-20T15:04:21.695+0000] {processor.py:830} INFO - Processing file /opt/airflow/dags/weather_risk_dag.py for tasks to queue
[2026-09-20T15:04:21.697+0000] {logging_mixin.py:188} INFO - [2026-09-20T15:04:21.697+0000] {dagbag.py:545} INFO - Filling up the DagBag from /opt/airflow/dags/weather_risk_dag.py
[2026-09-20T15:04:22.222+0000] {processor.py:840} INFO - DAG(s) 'weather_risk_pipeline' retrieved from /opt/airflow/dags/weather_risk_dag.py
[2026-09-20T15:04:22.269+0000] {logging_mixin.py:188} INFO - [2026-09-20T15:04:22.268+0000] {dag.py:3089} INFO - Sync 1 DAGs
[2026-09-20T15:04:22.307+0000] {logging_mixin.py:188} INFO - [2026-09-20T15:04:22.306+0000] {dag.py:3947} INFO - Setting next_dagrun for weather_risk_pipeline to 2026-09-20 00:00:00+00:00, run_after=2026-09-21 00:00:00+00:00
[2026-09-20T15:04:22.520+0000] {processor.py:183} INFO - Processing /opt/airflow/dags/weather_risk_dag.py took 0.838 seconds
[2026-09-20T15:04:52.712+0000] {processor.py:161} INFO - Started process (PID=203) to work on /opt/airflow/dags/weather_risk_dag.py
[2026-09-20T15:04:52.715+0000] {processor.py:830} INFO - Processing file /opt/airflow/dags/weather_risk_dag.py for tasks to queue
[2026-09-20T15:04:52.718+0000] {logging_mixin.py:188} INFO - [2026-09-20T15:04:52.717+0000] {dagbag.py:545} INFO - Filling up the DagBag from /opt/airflow/dags/weather_risk_dag.py
[2026-09-20T15:04:53.235+0000] {processor.py:840} INFO - DAG(s) 'weather_risk_pipeline' retrieved from /opt/airflow/dags/weather_risk_dag.py
[2026-09-20T15:04:53.283+0000] {logging_mixin.py:188} INFO - [2026-09-20T15:04:53.282+0000] {dag.py:3089} INFO - Sync 1 DAGs
[2026-09-20T15:04:53.507+0000] {logging_mixin.py:188} INFO - [2026-09-20T15:04:53.507+0000] {dag.py:3947} INFO - Setting next_dagrun for weather_risk_pipeline to 2026-09-20 00:00:00+00:00, run_after=2026-09-21 00:00:00+00:00
[2026-09-20T15:04:53.539+0000] {processor.py:183} INFO - Processing /opt/airflow/dags/weather_risk_dag.py took 0.836 seconds
[2026-09-20T15:05:23.726+0000] {processor.py:161} INFO - Started process (PID=205) to work on /opt/airflow/dags/weather_risk_dag.py
[2026-09-20T15:05:23.729+0000] {processor.py:830} INFO - Processing file /opt/airflow/dags/weather_risk_dag.py for tasks to queue
[2026-09-20T15:05:23.732+0000] {logging_mixin.py:188} INFO - [2026-09-20T15:05:23.731+0000] {dagbag.py:545} INFO - Filling up the DagBag from /opt/airflow/dags/weather_risk_dag.py
[2026-09-20T15:05:24.254+0000] {processor.py:840} INFO - DAG(s) 'weather_risk_pipeline' retrieved from /opt/airflow/dags/weather_risk_dag.py
[2026-09-20T15:05:24.306+0000] {logging_mixin.py:188} INFO - [2026-09-20T15:05:24.305+0000] {dag.py:3089} INFO - Sync 1 DAGs
[2026-09-20T15:05:24.347+0000] {logging_mixin.py:188} INFO - [2026-09-20T15:05:24.347+0000] {dag.py:3947} INFO - Setting next_dagrun for weather_risk_pipeline to 2026-09-20 00:00:00+00:00, run_after=2026-09-21 00:00:00+00:00
[2026-09-20T15:05:24.379+0000] {processor.py:183} INFO - Processing /opt/airflow/dags/weather_risk_dag.py took 0.663 seconds
[2026-09-20T15:05:54.549+0000] {processor.py:161} INFO - Started process (PID=207) to work on /opt/airflow/dags/weather_risk_dag.py
[2026-09-20T15:05:54.551+0000] {processor.py:830} INFO - Processing file /opt/airflow/dags/weather_risk_dag.py for tasks to queue
[2026-09-20T15:05:54.554+0000] {logging_mixin.py:188} INFO - [2026-09-20T15:05:54.554+0000] {dagbag.py:545} INFO - Filling up the DagBag from /opt/airflow/dags/weather_risk_dag.py
[2026-09-20T15:05:55.088+0000] {processor.py:840} INFO - DAG(s) 'weather_risk_pipeline' retrieved from /opt/airflow/dags/weather_risk_dag.py
[2026-09-20T15:05:55.138+0000] {logging_mixin.py:188} INFO - [2026-09-20T15:05:55.138+0000] {dag.py:3089} INFO - Sync 1 DAGs
[2026-09-20T15:05:55.176+0000] {logging_mixin.py:188} INFO - [2026-09-20T15:05:55.176+0000] {dag.py:3947} INFO - Setting next_dagrun for weather_risk_pipeline to 2026-09-20 00:00:00+00:00, run_after=2026-09-21 00:00:00+00:00
[2026-09-20T15:05:55.208+0000] {processor.py:183} INFO - Processing /opt/airflow/dags/weather_risk_dag.py took 0.668 seconds
[2026-09-20T15:06:25.260+0000] {processor.py:161} INFO - Started process (PID=209) to work on /opt/airflow/dags/weather_risk_dag.py
[2026-09-20T15:06:25.262+0000] {processor.py:830} INFO - Processing file /opt/airflow/dags/weather_risk_dag.py for tasks to queue
[2026-09-20T15:06:25.265+0000] {logging_mixin.py:188} INFO - [2026-09-20T15:06:25.264+0000] {dagbag.py:545} INFO - Filling up the DagBag from /opt/airflow/dags/weather_risk_dag.py
[2026-09-20T15:06:25.785+0000] {processor.py:840} INFO - DAG(s) 'weather_risk_pipeline' retrieved from /opt/airflow/dags/weather_risk_dag.py
[2026-09-20T15:06:25.833+0000] {logging_mixin.py:188} INFO - [2026-09-20T15:06:25.832+0000] {dag.py:3089} INFO - Sync 1 DAGs
[2026-09-20T15:06:25.871+0000] {logging_mixin.py:188} INFO - [2026-09-20T15:06:25.871+0000] {dag.py:3947} INFO - Setting next_dagrun for weather_risk_pipeline to 2026-09-20 00:00:00+00:00, run_after=2026-09-21 00:00:00+00:00
[2026-09-20T15:06:25.901+0000] {processor.py:183} INFO - Processing /opt/airflow/dags/weather_risk_dag.py took 0.651 seconds
[2026-09-20T15:06:56.076+0000] {processor.py:161} INFO - Started process (PID=211) to work on /opt/airflow/dags/weather_risk_dag.py
[2026-09-20T15:06:56.079+0000] {processor.py:830} INFO - Processing file /opt/airflow/dags/weather_risk_dag.py for tasks to queue
[2026-09-20T15:06:56.083+0000] {logging_mixin.py:188} INFO - [2026-09-20T15:06:56.082+0000] {dagbag.py:545} INFO - Filling up the DagBag from /opt/airflow/dags/weather_risk_dag.py
[2026-09-20T15:06:56.629+0000] {processor.py:840} INFO - DAG(s) 'weather_risk_pipeline' retrieved from /opt/airflow/dags/weather_risk_dag.py
[2026-09-20T15:06:56.679+0000] {logging_mixin.py:188} INFO - [2026-09-20T15:06:56.678+0000] {dag.py:3089} INFO - Sync 1 DAGs
[2026-09-20T15:06:56.724+0000] {logging_mixin.py:188} INFO - [2026-09-20T15:06:56.724+0000] {dag.py:3947} INFO - Setting next_dagrun for weather_risk_pipeline to 2026-09-20 00:00:00+00:00, run_after=2026-09-21 00:00:00+00:00
[2026-09-20T15:06:56.756+0000] {processor.py:183} INFO - Processing /opt/airflow/dags/weather_risk_dag.py took 0.689 seconds
[2026-09-20T15:07:26.927+0000] {processor.py:161} INFO - Started process (PID=213) to work on /opt/airflow/dags/weather_risk_dag.py
[2026-09-20T15:07:26.929+0000] {processor.py:830} INFO - Processing file /opt/airflow/dags/weather_risk_dag.py for tasks to queue
[2026-09-20T15:07:26.932+0000] {logging_mixin.py:188} INFO - [2026-09-20T15:07:26.932+0000] {dagbag.py:545} INFO - Filling up the DagBag from /opt/airflow/dags/weather_risk_dag.py
[2026-09-20T15:07:27.459+0000] {processor.py:840} INFO - DAG(s) 'weather_risk_pipeline' retrieved from /opt/airflow/dags/weather_risk_dag.py
[2026-09-20T15:07:27.508+0000] {logging_mixin.py:188} INFO - [2026-09-20T15:07:27.507+0000] {dag.py:3089} INFO - Sync 1 DAGs
[2026-09-20T15:07:27.547+0000] {logging_mixin.py:188} INFO - [2026-09-20T15:07:27.546+0000] {dag.py:3947} INFO - Setting next_dagrun for weather_risk_pipeline to 2026-09-20 00:00:00+00:00, run_after=2026-09-21 00:00:00+00:00
[2026-09-20T15:07:27.775+0000] {processor.py:183} INFO - Processing /opt/airflow/dags/weather_risk_dag.py took 0.858 seconds
[2026-09-20T15:07:57.843+0000] {processor.py:161} INFO - Started process (PID=215) to work on /opt/airflow/dags/weather_risk_dag.py
[2026-09-20T15:07:57.845+0000] {processor.py:830} INFO - Processing file /opt/airflow/dags/weather_risk_dag.py for tasks to queue
[2026-09-20T15:07:57.847+0000] {logging_mixin.py:188} INFO - [2026-09-20T15:07:57.846+0000] {dagbag.py:545} INFO - Filling up the DagBag from /opt/airflow/dags/weather_risk_dag.py
[2026-09-20T15:07:58.377+0000] {processor.py:840} INFO - DAG(s) 'weather_risk_pipeline' retrieved from /opt/airflow/dags/weather_risk_dag.py
[2026-09-20T15:07:58.425+0000] {logging_mixin.py:188} INFO - [2026-09-20T15:07:58.425+0000] {dag.py:3089} INFO - Sync 1 DAGs
[2026-09-20T15:07:58.657+0000] {logging_mixin.py:188} INFO - [2026-09-20T15:07:58.657+0000] {dag.py:3947} INFO - Setting next_dagrun for weather_risk_pipeline to 2026-09-20 00:00:00+00:00, run_after=2026-09-21 00:00:00+00:00
[2026-09-20T15:07:58.689+0000] {processor.py:183} INFO - Processing /opt/airflow/dags/weather_risk_dag.py took 0.855 seconds
[2026-09-20T15:08:28.877+0000] {processor.py:161} INFO - Started process (PID=217) to work on /opt/airflow/dags/weather_risk_dag.py
[2026-09-20T15:08:28.880+0000] {processor.py:830} INFO - Processing file /opt/airflow/dags/weather_risk_dag.py for tasks to queue
[2026-09-20T15:08:28.883+0000] {logging_mixin.py:188} INFO - [2026-09-20T15:08:28.882+0000] {dagbag.py:545} INFO - Filling up the DagBag from /opt/airflow/dags/weather_risk_dag.py
[2026-09-20T15:08:29.423+0000] {processor.py:840} INFO - DAG(s) 'weather_risk_pipeline' retrieved from /opt/airflow/dags/weather_risk_dag.py
[2026-09-20T15:08:29.475+0000] {logging_mixin.py:188} INFO - [2026-09-20T15:08:29.474+0000] {dag.py:3089} INFO - Sync 1 DAGs
[2026-09-20T15:08:29.514+0000] {logging_mixin.py:188} INFO - [2026-09-20T15:08:29.514+0000] {dag.py:3947} INFO - Setting next_dagrun for weather_risk_pipeline to 2026-09-20 00:00:00+00:00, run_after=2026-09-21 00:00:00+00:00
[2026-09-20T15:08:29.544+0000] {processor.py:183} INFO - Processing /opt/airflow/dags/weather_risk_dag.py took 0.677 seconds
[2026-09-20T15:08:59.718+0000] {processor.py:161} INFO - Started process (PID=219) to work on /opt/airflow/dags/weather_risk_dag.py
[2026-09-20T15:08:59.721+0000] {processor.py:830} INFO - Processing file /opt/airflow/dags/weather_risk_dag.py for tasks to queue
[2026-09-20T15:08:59.723+0000] {logging_mixin.py:188} INFO - [2026-09-20T15:08:59.723+0000] {dagbag.py:545} INFO - Filling up the DagBag from /opt/airflow/dags/weather_risk_dag.py
[2026-09-20T15:09:00.252+0000] {processor.py:840} INFO - DAG(s) 'weather_risk_pipeline' retrieved from /opt/airflow/dags/weather_risk_dag.py
[2026-09-20T15:09:00.301+0000] {logging_mixin.py:188} INFO - [2026-09-20T15:09:00.300+0000] {dag.py:3089} INFO - Sync 1 DAGs
[2026-09-20T15:09:00.340+0000] {logging_mixin.py:188} INFO - [2026-09-20T15:09:00.340+0000] {dag.py:3947} INFO - Setting next_dagrun for weather_risk_pipeline to 2026-09-20 00:00:00+00:00, run_after=2026-09-21 00:00:00+00:00
[2026-09-20T15:09:00.371+0000] {processor.py:183} INFO - Processing /opt/airflow/dags/weather_risk_dag.py took 0.663 seconds
[2026-09-20T15:09:30.539+0000] {processor.py:161} INFO - Started process (PID=221) to work on /opt/airflow/dags/weather_risk_dag.py
[2026-09-20T15:09:30.540+0000] {processor.py:830} INFO - Processing file /opt/airflow/dags/weather_risk_dag.py for tasks to queue
[2026-09-20T15:09:30.543+0000] {logging_mixin.py:188} INFO - [2026-09-20T15:09:30.542+0000] {dagbag.py:545} INFO - Filling up the DagBag from /opt/airflow/dags/weather_risk_dag.py
[2026-09-20T15:09:31.073+0000] {processor.py:840} INFO - DAG(s) 'weather_risk_pipeline' retrieved from /opt/airflow/dags/weather_risk_dag.py
[2026-09-20T15:09:31.131+0000] {logging_mixin.py:188} INFO - [2026-09-20T15:09:31.130+0000] {dag.py:3089} INFO - Sync 1 DAGs
[2026-09-20T15:09:31.175+0000] {logging_mixin.py:188} INFO - [2026-09-20T15:09:31.174+0000] {dag.py:3947} INFO - Setting next_dagrun for weather_risk_pipeline to 2026-09-20 00:00:00+00:00, run_after=2026-09-21 00:00:00+00:00
[2026-09-20T15:09:31.207+0000] {processor.py:183} INFO - Processing /opt/airflow/dags/weather_risk_dag.py took 0.678 seconds
[2026-09-20T15:10:01.387+0000] {processor.py:161} INFO - Started process (PID=223) to work on /opt/airflow/dags/weather_risk_dag.py
[2026-09-20T15:10:01.390+0000] {processor.py:830} INFO - Processing file /opt/airflow/dags/weather_risk_dag.py for tasks to queue
[2026-09-20T15:10:01.393+0000] {logging_mixin.py:188} INFO - [2026-09-20T15:10:01.392+0000] {dagbag.py:545} INFO - Filling up the DagBag from /opt/airflow/dags/weather_risk_dag.py
[2026-09-20T15:10:01.909+0000] {processor.py:840} INFO - DAG(s) 'weather_risk_pipeline' retrieved from /opt/airflow/dags/weather_risk_dag.py
[2026-09-20T15:10:01.957+0000] {logging_mixin.py:188} INFO - [2026-09-20T15:10:01.956+0000] {dag.py:3089} INFO - Sync 1 DAGs
[2026-09-20T15:10:01.996+0000] {logging_mixin.py:188} INFO - [2026-09-20T15:10:01.996+0000] {dag.py:3947} INFO - Setting next_dagrun for weather_risk_pipeline to 2026-09-20 00:00:00+00:00, run_after=2026-09-21 00:00:00+00:00
[2026-09-20T15:10:02.030+0000] {processor.py:183} INFO - Processing /opt/airflow/dags/weather_risk_dag.py took 0.653 seconds
[2026-09-20T15:10:32.204+0000] {processor.py:161} INFO - Started process (PID=225) to work on /opt/airflow/dags/weather_risk_dag.py
[2026-09-20T15:10:32.207+0000] {processor.py:830} INFO - Processing file /opt/airflow/dags/weather_risk_dag.py for tasks to queue
[2026-09-20T15:10:32.210+0000] {logging_mixin.py:188} INFO - [2026-09-20T15:10:32.210+0000] {dagbag.py:545} INFO - Filling up the DagBag from /opt/airflow/dags/weather_risk_dag.py
[2026-09-20T15:10:32.736+0000] {processor.py:840} INFO - DAG(s) 'weather_risk_pipeline' retrieved from /opt/airflow/dags/weather_risk_dag.py
[2026-09-20T15:10:32.785+0000] {logging_mixin.py:188} INFO - [2026-09-20T15:10:32.785+0000] {dag.py:3089} INFO - Sync 1 DAGs
[2026-09-20T15:10:32.825+0000] {logging_mixin.py:188} INFO - [2026-09-20T15:10:32.825+0000] {dag.py:3947} INFO - Setting next_dagrun for weather_risk_pipeline to 2026-09-20 00:00:00+00:00, run_after=2026-09-21 00:00:00+00:00
[2026-09-20T15:10:33.037+0000] {processor.py:183} INFO - Processing /opt/airflow/dags/weather_risk_dag.py took 0.842 seconds
[2026-09-20T15:11:03.215+0000] {processor.py:161} INFO - Started process (PID=227) to work on /opt/airflow/dags/weather_risk_dag.py
[2026-09-20T15:11:03.218+0000] {processor.py:830} INFO - Processing file /opt/airflow/dags/weather_risk_dag.py for tasks to queue
[2026-09-20T15:11:03.221+0000] {logging_mixin.py:188} INFO - [2026-09-20T15:11:03.220+0000] {dagbag.py:545} INFO - Filling up the DagBag from /opt/airflow/dags/weather_risk_dag.py
[2026-09-20T15:11:03.759+0000] {processor.py:840} INFO - DAG(s) 'weather_risk_pipeline' retrieved from /opt/airflow/dags/weather_risk_dag.py
[2026-09-20T15:11:03.808+0000] {logging_mixin.py:188} INFO - [2026-09-20T15:11:03.808+0000] {dag.py:3089} INFO - Sync 1 DAGs
[2026-09-20T15:11:04.039+0000] {logging_mixin.py:188} INFO - [2026-09-20T15:11:04.038+0000] {dag.py:3947} INFO - Setting next_dagrun for weather_risk_pipeline to 2026-09-20 00:00:00+00:00, run_after=2026-09-21 00:00:00+00:00
[2026-09-20T15:11:04.070+0000] {processor.py:183} INFO - Processing /opt/airflow/dags/weather_risk_dag.py took 0.866 seconds
[2026-09-20T15:11:34.131+0000] {processor.py:161} INFO - Started process (PID=229) to work on /opt/airflow/dags/weather_risk_dag.py
[2026-09-20T15:11:34.134+0000] {processor.py:830} INFO - Processing file /opt/airflow/dags/weather_risk_dag.py for tasks to queue
[2026-09-20T15:11:34.137+0000] {logging_mixin.py:188} INFO - [2026-09-20T15:11:34.136+0000] {dagbag.py:545} INFO - Filling up the DagBag from /opt/airflow/dags/weather_risk_dag.py
[2026-09-20T15:11:34.672+0000] {processor.py:840} INFO - DAG(s) 'weather_risk_pipeline' retrieved from /opt/airflow/dags/weather_risk_dag.py
[2026-09-20T15:11:34.723+0000] {logging_mixin.py:188} INFO - [2026-09-20T15:11:34.723+0000] {dag.py:3089} INFO - Sync 1 DAGs
[2026-09-20T15:11:34.763+0000] {logging_mixin.py:188} INFO - [2026-09-20T15:11:34.762+0000] {dag.py:3947} INFO - Setting next_dagrun for weather_risk_pipeline to 2026-09-20 00:00:00+00:00, run_after=2026-09-21 00:00:00+00:00
[2026-09-20T15:11:34.792+0000] {processor.py:183} INFO - Processing /opt/airflow/dags/weather_risk_dag.py took 0.671 seconds
[2026-09-20T15:12:04.976+0000] {processor.py:161} INFO - Started process (PID=231) to work on /opt/airflow/dags/weather_risk_dag.py
[2026-09-20T15:12:04.978+0000] {processor.py:830} INFO - Processing file /opt/airflow/dags/weather_risk_dag.py for tasks to queue
[2026-09-20T15:12:04.981+0000] {logging_mixin.py:188} INFO - [2026-09-20T15:12:04.980+0000] {dagbag.py:545} INFO - Filling up the DagBag from /opt/airflow/dags/weather_risk_dag.py
[2026-09-20T15:12:05.504+0000] {processor.py:840} INFO - DAG(s) 'weather_risk_pipeline' retrieved from /opt/airflow/dags/weather_risk_dag.py
[2026-09-20T15:12:05.553+0000] {logging_mixin.py:188} INFO - [2026-09-20T15:12:05.552+0000] {dag.py:3089} INFO - Sync 1 DAGs
[2026-09-20T15:12:05.591+0000] {logging_mixin.py:188} INFO - [2026-09-20T15:12:05.591+0000] {dag.py:3947} INFO - Setting next_dagrun for weather_risk_pipeline to 2026-09-20 00:00:00+00:00, run_after=2026-09-21 00:00:00+00:00
[2026-09-20T15:12:05.622+0000] {processor.py:183} INFO - Processing /opt/airflow/dags/weather_risk_dag.py took 0.656 seconds
[2026-09-20T15:12:35.806+0000] {processor.py:161} INFO - Started process (PID=233) to work on /opt/airflow/dags/weather_risk_dag.py
[2026-09-20T15:12:35.807+0000] {processor.py:830} INFO - Processing file /opt/airflow/dags/weather_risk_dag.py for tasks to queue
[2026-09-20T15:12:35.810+0000] {logging_mixin.py:188} INFO - [2026-09-20T15:12:35.810+0000] {dagbag.py:545} INFO - Filling up the DagBag from /opt/airflow/dags/weather_risk_dag.py
[2026-09-20T15:12:36.346+0000] {processor.py:840} INFO - DAG(s) 'weather_risk_pipeline' retrieved from /opt/airflow/dags/weather_risk_dag.py
[2026-09-20T15:12:36.396+0000] {logging_mixin.py:188} INFO - [2026-09-20T15:12:36.395+0000] {dag.py:3089} INFO - Sync 1 DAGs
[2026-09-20T15:12:36.435+0000] {logging_mixin.py:188} INFO - [2026-09-20T15:12:36.435+0000] {dag.py:3947} INFO - Setting next_dagrun for weather_risk_pipeline to 2026-09-20 00:00:00+00:00, run_after=2026-09-21 00:00:00+00:00
[2026-09-20T15:12:36.466+0000] {processor.py:183} INFO - Processing /opt/airflow/dags/weather_risk_dag.py took 0.669 seconds
[2026-09-20T15:13:06.647+0000] {processor.py:161} INFO - Started process (PID=235) to work on /opt/airflow/dags/weather_risk_dag.py
[2026-09-20T15:13:06.650+0000] {processor.py:830} INFO - Processing file /opt/airflow/dags/weather_risk_dag.py for tasks to queue
[2026-09-20T15:13:06.653+0000] {logging_mixin.py:188} INFO - [2026-09-20T15:13:06.652+0000] {dagbag.py:545} INFO - Filling up the DagBag from /opt/airflow/dags/weather_risk_dag.py
[2026-09-20T15:13:07.181+0000] {processor.py:840} INFO - DAG(s) 'weather_risk_pipeline' retrieved from /opt/airflow/dags/weather_risk_dag.py
[2026-09-20T15:13:07.229+0000] {logging_mixin.py:188} INFO - [2026-09-20T15:13:07.229+0000] {dag.py:3089} INFO - Sync 1 DAGs
[2026-09-20T15:13:07.269+0000] {logging_mixin.py:188} INFO - [2026-09-20T15:13:07.269+0000] {dag.py:3947} INFO - Setting next_dagrun for weather_risk_pipeline to 2026-09-20 00:00:00+00:00, run_after=2026-09-21 00:00:00+00:00
[2026-09-20T15:13:07.302+0000] {processor.py:183} INFO - Processing /opt/airflow/dags/weather_risk_dag.py took 0.665 seconds
[2026-09-20T15:13:37.473+0000] {processor.py:161} INFO - Started process (PID=237) to work on /opt/airflow/dags/weather_risk_dag.py
[2026-09-20T15:13:37.476+0000] {processor.py:830} INFO - Processing file /opt/airflow/dags/weather_risk_dag.py for tasks to queue
[2026-09-20T15:13:37.478+0000] {logging_mixin.py:188} INFO - [2026-09-20T15:13:37.477+0000] {dagbag.py:545} INFO - Filling up the DagBag from /opt/airflow/dags/weather_risk_dag.py
[2026-09-20T15:13:38.001+0000] {processor.py:840} INFO - DAG(s) 'weather_risk_pipeline' retrieved from /opt/airflow/dags/weather_risk_dag.py
[2026-09-20T15:13:38.051+0000] {logging_mixin.py:188} INFO - [2026-09-20T15:13:38.051+0000] {dag.py:3089} INFO - Sync 1 DAGs
[2026-09-20T15:13:38.093+0000] {logging_mixin.py:188} INFO - [2026-09-20T15:13:38.093+0000] {dag.py:3947} INFO - Setting next_dagrun for weather_risk_pipeline to 2026-09-20 00:00:00+00:00, run_after=2026-09-21 00:00:00+00:00
[2026-09-20T15:13:38.309+0000] {processor.py:183} INFO - Processing /opt/airflow/dags/weather_risk_dag.py took 0.844 seconds
[2026-09-20T15:14:08.489+0000] {processor.py:161} INFO - Started process (PID=239) to work on /opt/airflow/dags/weather_risk_dag.py
[2026-09-20T15:14:08.492+0000] {processor.py:830} INFO - Processing file /opt/airflow/dags/weather_risk_dag.py for tasks to queue
[2026-09-20T15:14:08.495+0000] {logging_mixin.py:188} INFO - [2026-09-20T15:14:08.495+0000] {dagbag.py:545} INFO - Filling up the DagBag from /opt/airflow/dags/weather_risk_dag.py
[2026-09-20T15:14:09.028+0000] {processor.py:840} INFO - DAG(s) 'weather_risk_pipeline' retrieved from /opt/airflow/dags/weather_risk_dag.py
[2026-09-20T15:14:09.078+0000] {logging_mixin.py:188} INFO - [2026-09-20T15:14:09.077+0000] {dag.py:3089} INFO - Sync 1 DAGs
[2026-09-20T15:14:09.298+0000] {logging_mixin.py:188} INFO - [2026-09-20T15:14:09.297+0000] {dag.py:3947} INFO - Setting next_dagrun for weather_risk_pipeline to 2026-09-20 00:00:00+00:00, run_after=2026-09-21 00:00:00+00:00
[2026-09-20T15:14:09.326+0000] {processor.py:183} INFO - Processing /opt/airflow/dags/weather_risk_dag.py took 0.847 seconds
[2026-09-20T15:14:39.403+0000] {processor.py:161} INFO - Started process (PID=241) to work on /opt/airflow/dags/weather_risk_dag.py
[2026-09-20T15:14:39.406+0000] {processor.py:830} INFO - Processing file /opt/airflow/dags/weather_risk_dag.py for tasks to queue
[2026-09-20T15:14:39.409+0000] {logging_mixin.py:188} INFO - [2026-09-20T15:14:39.408+0000] {dagbag.py:545} INFO - Filling up the DagBag from /opt/airflow/dags/weather_risk_dag.py
[2026-09-20T15:14:39.938+0000] {processor.py:840} INFO - DAG(s) 'weather_risk_pipeline' retrieved from /opt/airflow/dags/weather_risk_dag.py
[2026-09-20T15:14:39.988+0000] {logging_mixin.py:188} INFO - [2026-09-20T15:14:39.988+0000] {dag.py:3089} INFO - Sync 1 DAGs
[2026-09-20T15:14:40.031+0000] {logging_mixin.py:188} INFO - [2026-09-20T15:14:40.031+0000] {dag.py:3947} INFO - Setting next_dagrun for weather_risk_pipeline to 2026-09-20 00:00:00+00:00, run_after=2026-09-21 00:00:00+00:00
[2026-09-20T15:14:40.063+0000] {processor.py:183} INFO - Processing /opt/airflow/dags/weather_risk_dag.py took 0.671 seconds
[2026-09-20T15:15:10.250+0000] {processor.py:161} INFO - Started process (PID=243) to work on /opt/airflow/dags/weather_risk_dag.py
[2026-09-20T15:15:10.253+0000] {processor.py:830} INFO - Processing file /opt/airflow/dags/weather_risk_dag.py for tasks to queue
[2026-09-20T15:15:10.256+0000] {logging_mixin.py:188} INFO - [2026-09-20T15:15:10.255+0000] {dagbag.py:545} INFO - Filling up the DagBag from /opt/airflow/dags/weather_risk_dag.py
[2026-09-20T15:15:10.822+0000] {processor.py:840} INFO - DAG(s) 'weather_risk_pipeline' retrieved from /opt/airflow/dags/weather_risk_dag.py
[2026-09-20T15:15:10.870+0000] {logging_mixin.py:188} INFO - [2026-09-20T15:15:10.869+0000] {dag.py:3089} INFO - Sync 1 DAGs
[2026-09-20T15:15:10.908+0000] {logging_mixin.py:188} INFO - [2026-09-20T15:15:10.907+0000] {dag.py:3947} INFO - Setting next_dagrun for weather_risk_pipeline to 2026-09-20 00:00:00+00:00, run_after=2026-09-21 00:00:00+00:00
[2026-09-20T15:15:10.937+0000] {processor.py:183} INFO - Processing /opt/airflow/dags/weather_risk_dag.py took 0.697 seconds
[2026-09-20T15:15:41.107+0000] {processor.py:161} INFO - Started process (PID=245) to work on /opt/airflow/dags/weather_risk_dag.py
[2026-09-20T15:15:41.108+0000] {processor.py:830} INFO - Processing file /opt/airflow/dags/weather_risk_dag.py for tasks to queue
[2026-09-20T15:15:41.111+0000] {logging_mixin.py:188} INFO - [2026-09-20T15:15:41.110+0000] {dagbag.py:545} INFO - Filling up the DagBag from /opt/airflow/dags/weather_risk_dag.py
[2026-09-20T15:15:41.631+0000] {processor.py:840} INFO - DAG(s) 'weather_risk_pipeline' retrieved from /opt/airflow/dags/weather_risk_dag.py
[2026-09-20T15:15:41.681+0000] {logging_mixin.py:188} INFO - [2026-09-20T15:15:41.680+0000] {dag.py:3089} INFO - Sync 1 DAGs
[2026-09-20T15:15:41.720+0000] {logging_mixin.py:188} INFO - [2026-09-20T15:15:41.720+0000] {dag.py:3947} INFO - Setting next_dagrun for weather_risk_pipeline to 2026-09-20 00:00:00+00:00, run_after=2026-09-21 00:00:00+00:00
[2026-09-20T15:15:41.750+0000] {processor.py:183} INFO - Processing /opt/airflow/dags/weather_risk_dag.py took 0.654 seconds
[2026-09-20T15:16:11.927+0000] {processor.py:161} INFO - Started process (PID=247) to work on /opt/airflow/dags/weather_risk_dag.py
[2026-09-20T15:16:11.930+0000] {processor.py:830} INFO - Processing file /opt/airflow/dags/weather_risk_dag.py for tasks to queue
[2026-09-20T15:16:11.933+0000] {logging_mixin.py:188} INFO - [2026-09-20T15:16:11.933+0000] {dagbag.py:545} INFO - Filling up the DagBag from /opt/airflow/dags/weather_risk_dag.py
[2026-09-20T15:16:12.452+0000] {processor.py:840} INFO - DAG(s) 'weather_risk_pipeline' retrieved from /opt/airflow/dags/weather_risk_dag.py
[2026-09-20T15:16:12.500+0000] {logging_mixin.py:188} INFO - [2026-09-20T15:16:12.499+0000] {dag.py:3089} INFO - Sync 1 DAGs
[2026-09-20T15:16:12.539+0000] {logging_mixin.py:188} INFO - [2026-09-20T15:16:12.539+0000] {dag.py:3947} INFO - Setting next_dagrun for weather_risk_pipeline to 2026-09-20 00:00:00+00:00, run_after=2026-09-21 00:00:00+00:00
[2026-09-20T15:16:12.571+0000] {processor.py:183} INFO - Processing /opt/airflow/dags/weather_risk_dag.py took 0.653 seconds
[2026-09-20T15:16:42.753+0000] {processor.py:161} INFO - Started process (PID=249) to work on /opt/airflow/dags/weather_risk_dag.py
[2026-09-20T15:16:42.756+0000] {processor.py:830} INFO - Processing file /opt/airflow/dags/weather_risk_dag.py for tasks to queue
[2026-09-20T15:16:42.759+0000] {logging_mixin.py:188} INFO - [2026-09-20T15:16:42.758+0000] {dagbag.py:545} INFO - Filling up the DagBag from /opt/airflow/dags/weather_risk_dag.py
[2026-09-20T15:16:43.289+0000] {processor.py:840} INFO - DAG(s) 'weather_risk_pipeline' retrieved from /opt/airflow/dags/weather_risk_dag.py
[2026-09-20T15:16:43.337+0000] {logging_mixin.py:188} INFO - [2026-09-20T15:16:43.336+0000] {dag.py:3089} INFO - Sync 1 DAGs
[2026-09-20T15:16:43.378+0000] {logging_mixin.py:188} INFO - [2026-09-20T15:16:43.378+0000] {dag.py:3947} INFO - Setting next_dagrun for weather_risk_pipeline to 2026-09-20 00:00:00+00:00, run_after=2026-09-21 00:00:00+00:00
[2026-09-20T15:16:43.599+0000] {processor.py:183} INFO - Processing /opt/airflow/dags/weather_risk_dag.py took 0.856 seconds
[2026-09-20T15:17:13.790+0000] {processor.py:161} INFO - Started process (PID=251) to work on /opt/airflow/dags/weather_risk_dag.py
[2026-09-20T15:17:13.794+0000] {processor.py:830} INFO - Processing file /opt/airflow/dags/weather_risk_dag.py for tasks to queue
[2026-09-20T15:17:13.797+0000] {logging_mixin.py:188} INFO - [2026-09-20T15:17:13.796+0000] {dagbag.py:545} INFO - Filling up the DagBag from /opt/airflow/dags/weather_risk_dag.py
[2026-09-20T15:17:14.317+0000] {processor.py:840} INFO - DAG(s) 'weather_risk_pipeline' retrieved from /opt/airflow/dags/weather_risk_dag.py
[2026-09-20T15:17:14.366+0000] {logging_mixin.py:188} INFO - [2026-09-20T15:17:14.365+0000] {dag.py:3089} INFO - Sync 1 DAGs
[2026-09-20T15:17:14.594+0000] {logging_mixin.py:188} INFO - [2026-09-20T15:17:14.593+0000] {dag.py:3947} INFO - Setting next_dagrun for weather_risk_pipeline to 2026-09-20 00:00:00+00:00, run_after=2026-09-21 00:00:00+00:00
[2026-09-20T15:17:14.629+0000] {processor.py:183} INFO - Processing /opt/airflow/dags/weather_risk_dag.py took 0.848 seconds
[2026-09-20T15:17:44.808+0000] {processor.py:161} INFO - Started process (PID=253) to work on /opt/airflow/dags/weather_risk_dag.py
[2026-09-20T15:17:44.811+0000] {processor.py:830} INFO - Processing file /opt/airflow/dags/weather_risk_dag.py for tasks to queue
[2026-09-20T15:17:44.813+0000] {logging_mixin.py:188} INFO - [2026-09-20T15:17:44.813+0000] {dagbag.py:545} INFO - Filling up the DagBag from /opt/airflow/dags/weather_risk_dag.py
[2026-09-20T15:17:45.337+0000] {processor.py:840} INFO - DAG(s) 'weather_risk_pipeline' retrieved from /opt/airflow/dags/weather_risk_dag.py
[2026-09-20T15:17:45.389+0000] {logging_mixin.py:188} INFO - [2026-09-20T15:17:45.388+0000] {dag.py:3089} INFO - Sync 1 DAGs
[2026-09-20T15:17:45.437+0000] {logging_mixin.py:188} INFO - [2026-09-20T15:17:45.437+0000] {dag.py:3947} INFO - Setting next_dagrun for weather_risk_pipeline to 2026-09-20 00:00:00+00:00, run_after=2026-09-21 00:00:00+00:00
[2026-09-20T15:17:45.468+0000] {processor.py:183} INFO - Processing /opt/airflow/dags/weather_risk_dag.py took 0.670 seconds
[2026-09-20T15:18:15.540+0000] {processor.py:161} INFO - Started process (PID=255) to work on /opt/airflow/dags/weather_risk_dag.py
[2026-09-20T15:18:15.543+0000] {processor.py:830} INFO - Processing file /opt/airflow/dags/weather_risk_dag.py for tasks to queue
[2026-09-20T15:18:15.546+0000] {logging_mixin.py:188} INFO - [2026-09-20T15:18:15.545+0000] {dagbag.py:545} INFO - Filling up the DagBag from /opt/airflow/dags/weather_risk_dag.py
[2026-09-20T15:18:16.082+0000] {processor.py:840} INFO - DAG(s) 'weather_risk_pipeline' retrieved from /opt/airflow/dags/weather_risk_dag.py
[2026-09-20T15:18:16.131+0000] {logging_mixin.py:188} INFO - [2026-09-20T15:18:16.130+0000] {dag.py:3089} INFO - Sync 1 DAGs
[2026-09-20T15:18:16.170+0000] {logging_mixin.py:188} INFO - [2026-09-20T15:18:16.170+0000] {dag.py:3947} INFO - Setting next_dagrun for weather_risk_pipeline to 2026-09-20 00:00:00+00:00, run_after=2026-09-21 00:00:00+00:00
[2026-09-20T15:18:16.201+0000] {processor.py:183} INFO - Processing /opt/airflow/dags/weather_risk_dag.py took 0.670 seconds
[2026-09-20T15:18:46.385+0000] {processor.py:161} INFO - Started process (PID=257) to work on /opt/airflow/dags/weather_risk_dag.py
[2026-09-20T15:18:46.387+0000] {processor.py:830} INFO - Processing file /opt/airflow/dags/weather_risk_dag.py for tasks to queue
[2026-09-20T15:18:46.390+0000] {logging_mixin.py:188} INFO - [2026-09-20T15:18:46.389+0000] {dagbag.py:545} INFO - Filling up the DagBag from /opt/airflow/dags/weather_risk_dag.py
[2026-09-20T15:18:46.912+0000] {processor.py:840} INFO - DAG(s) 'weather_risk_pipeline' retrieved from /opt/airflow/dags/weather_risk_dag.py
[2026-09-20T15:18:46.961+0000] {logging_mixin.py:188} INFO - [2026-09-20T15:18:46.960+0000] {dag.py:3089} INFO - Sync 1 DAGs
[2026-09-20T15:18:47.000+0000] {logging_mixin.py:188} INFO - [2026-09-20T15:18:47.000+0000] {dag.py:3947} INFO - Setting next_dagrun for weather_risk_pipeline to 2026-09-20 00:00:00+00:00, run_after=2026-09-21 00:00:00+00:00
[2026-09-20T15:18:47.028+0000] {processor.py:183} INFO - Processing /opt/airflow/dags/weather_risk_dag.py took 0.653 seconds
[2026-09-20T15:19:17.195+0000] {processor.py:161} INFO - Started process (PID=259) to work on /opt/airflow/dags/weather_risk_dag.py
[2026-09-20T15:19:17.198+0000] {processor.py:830} INFO - Processing file /opt/airflow/dags/weather_risk_dag.py for tasks to queue
[2026-09-20T15:19:17.202+0000] {logging_mixin.py:188} INFO - [2026-09-20T15:19:17.201+0000] {dagbag.py:545} INFO - Filling up the DagBag from /opt/airflow/dags/weather_risk_dag.py
[2026-09-20T15:19:17.732+0000] {processor.py:840} INFO - DAG(s) 'weather_risk_pipeline' retrieved from /opt/airflow/dags/weather_risk_dag.py
[2026-09-20T15:19:17.781+0000] {logging_mixin.py:188} INFO - [2026-09-20T15:19:17.780+0000] {dag.py:3089} INFO - Sync 1 DAGs
[2026-09-20T15:19:17.819+0000] {logging_mixin.py:188} INFO - [2026-09-20T15:19:17.819+0000] {dag.py:3947} INFO - Setting next_dagrun for weather_risk_pipeline to 2026-09-20 00:00:00+00:00, run_after=2026-09-21 00:00:00+00:00
[2026-09-20T15:19:18.035+0000] {processor.py:183} INFO - Processing /opt/airflow/dags/weather_risk_dag.py took 0.849 seconds
[2026-09-20T15:19:48.214+0000] {processor.py:161} INFO - Started process (PID=261) to work on /opt/airflow/dags/weather_risk_dag.py
[2026-09-20T15:19:48.217+0000] {processor.py:830} INFO - Processing file /opt/airflow/dags/weather_risk_dag.py for tasks to queue
[2026-09-20T15:19:48.220+0000] {logging_mixin.py:188} INFO - [2026-09-20T15:19:48.219+0000] {dagbag.py:545} INFO - Filling up the DagBag from /opt/airflow/dags/weather_risk_dag.py
[2026-09-20T15:19:48.748+0000] {processor.py:840} INFO - DAG(s) 'weather_risk_pipeline' retrieved from /opt/airflow/dags/weather_risk_dag.py
[2026-09-20T15:19:48.795+0000] {logging_mixin.py:188} INFO - [2026-09-20T15:19:48.795+0000] {dag.py:3089} INFO - Sync 1 DAGs
[2026-09-20T15:19:49.030+0000] {logging_mixin.py:188} INFO - [2026-09-20T15:19:49.029+0000] {dag.py:3947} INFO - Setting next_dagrun for weather_risk_pipeline to 2026-09-20 00:00:00+00:00, run_after=2026-09-21 00:00:00+00:00
[2026-09-20T15:19:49.068+0000] {processor.py:183} INFO - Processing /opt/airflow/dags/weather_risk_dag.py took 0.865 seconds
[2026-09-20T15:20:19.225+0000] {processor.py:161} INFO - Started process (PID=263) to work on /opt/airflow/dags/weather_risk_dag.py
[2026-09-20T15:20:19.227+0000] {processor.py:830} INFO - Processing file /opt/airflow/dags/weather_risk_dag.py for tasks to queue
[2026-09-20T15:20:19.229+0000] {logging_mixin.py:188} INFO - [2026-09-20T15:20:19.229+0000] {dagbag.py:545} INFO - Filling up the DagBag from /opt/airflow/dags/weather_risk_dag.py
[2026-09-20T15:20:19.747+0000] {processor.py:840} INFO - DAG(s) 'weather_risk_pipeline' retrieved from /opt/airflow/dags/weather_risk_dag.py
[2026-09-20T15:20:19.797+0000] {logging_mixin.py:188} INFO - [2026-09-20T15:20:19.796+0000] {dag.py:3089} INFO - Sync 1 DAGs
[2026-09-20T15:20:20.029+0000] {logging_mixin.py:188} INFO - [2026-09-20T15:20:20.028+0000] {dag.py:3947} INFO - Setting next_dagrun for weather_risk_pipeline to 2026-09-20 00:00:00+00:00, run_after=2026-09-21 00:00:00+00:00
[2026-09-20T15:20:20.065+0000] {processor.py:183} INFO - Processing /opt/airflow/dags/weather_risk_dag.py took 0.848 seconds
[2026-09-20T15:20:50.256+0000] {processor.py:161} INFO - Started process (PID=265) to work on /opt/airflow/dags/weather_risk_dag.py
[2026-09-20T15:20:50.258+0000] {processor.py:830} INFO - Processing file /opt/airflow/dags/weather_risk_dag.py for tasks to queue
[2026-09-20T15:20:50.261+0000] {logging_mixin.py:188} INFO - [2026-09-20T15:20:50.261+0000] {dagbag.py:545} INFO - Filling up the DagBag from /opt/airflow/dags/weather_risk_dag.py
[2026-09-20T15:20:50.813+0000] {processor.py:840} INFO - DAG(s) 'weather_risk_pipeline' retrieved from /opt/airflow/dags/weather_risk_dag.py
[2026-09-20T15:20:50.863+0000] {logging_mixin.py:188} INFO - [2026-09-20T15:20:50.862+0000] {dag.py:3089} INFO - Sync 1 DAGs
[2026-09-20T15:20:50.902+0000] {logging_mixin.py:188} INFO - [2026-09-20T15:20:50.901+0000] {dag.py:3947} INFO - Setting next_dagrun for weather_risk_pipeline to 2026-09-20 00:00:00+00:00, run_after=2026-09-21 00:00:00+00:00
[2026-09-20T15:20:50.932+0000] {processor.py:183} INFO - Processing /opt/airflow/dags/weather_risk_dag.py took 0.686 seconds
[2026-09-20T15:21:21.108+0000] {processor.py:161} INFO - Started process (PID=267) to work on /opt/airflow/dags/weather_risk_dag.py
[2026-09-20T15:21:21.109+0000] {processor.py:830} INFO - Processing file /opt/airflow/dags/weather_risk_dag.py for tasks to queue
[2026-09-20T15:21:21.111+0000] {logging_mixin.py:188} INFO - [2026-09-20T15:21:21.111+0000] {dagbag.py:545} INFO - Filling up the DagBag from /opt/airflow/dags/weather_risk_dag.py
[2026-09-20T15:21:21.627+0000] {processor.py:840} INFO - DAG(s) 'weather_risk_pipeline' retrieved from /opt/airflow/dags/weather_risk_dag.py
[2026-09-20T15:21:21.676+0000] {logging_mixin.py:188} INFO - [2026-09-20T15:21:21.675+0000] {dag.py:3089} INFO - Sync 1 DAGs
[2026-09-20T15:21:21.715+0000] {logging_mixin.py:188} INFO - [2026-09-20T15:21:21.714+0000] {dag.py:3947} INFO - Setting next_dagrun for weather_risk_pipeline to 2026-09-20 00:00:00+00:00, run_after=2026-09-21 00:00:00+00:00
[2026-09-20T15:21:21.744+0000] {processor.py:183} INFO - Processing /opt/airflow/dags/weather_risk_dag.py took 0.646 seconds
[2026-09-20T15:21:51.917+0000] {processor.py:161} INFO - Started process (PID=269) to work on /opt/airflow/dags/weather_risk_dag.py
[2026-09-20T15:21:51.919+0000] {processor.py:830} INFO - Processing file /opt/airflow/dags/weather_risk_dag.py for tasks to queue
[2026-09-20T15:21:51.921+0000] {logging_mixin.py:188} INFO - [2026-09-20T15:21:51.921+0000] {dagbag.py:545} INFO - Filling up the DagBag from /opt/airflow/dags/weather_risk_dag.py
[2026-09-20T15:21:52.442+0000] {processor.py:840} INFO - DAG(s) 'weather_risk_pipeline' retrieved from /opt/airflow/dags/weather_risk_dag.py
[2026-09-20T15:21:52.491+0000] {logging_mixin.py:188} INFO - [2026-09-20T15:21:52.490+0000] {dag.py:3089} INFO - Sync 1 DAGs
[2026-09-20T15:21:52.531+0000] {logging_mixin.py:188} INFO - [2026-09-20T15:21:52.530+0000] {dag.py:3947} INFO - Setting next_dagrun for weather_risk_pipeline to 2026-09-20 00:00:00+00:00, run_after=2026-09-21 00:00:00+00:00
[2026-09-20T15:21:52.561+0000] {processor.py:183} INFO - Processing /opt/airflow/dags/weather_risk_dag.py took 0.654 seconds
[2026-09-20T15:22:22.747+0000] {processor.py:161} INFO - Started process (PID=271) to work on /opt/airflow/dags/weather_risk_dag.py
[2026-09-20T15:22:22.750+0000] {processor.py:830} INFO - Processing file /opt/airflow/dags/weather_risk_dag.py for tasks to queue
[2026-09-20T15:22:22.753+0000] {logging_mixin.py:188} INFO - [2026-09-20T15:22:22.752+0000] {dagbag.py:545} INFO - Filling up the DagBag from /opt/airflow/dags/weather_risk_dag.py
[2026-09-20T15:22:23.285+0000] {processor.py:840} INFO - DAG(s) 'weather_risk_pipeline' retrieved from /opt/airflow/dags/weather_risk_dag.py
[2026-09-20T15:22:23.333+0000] {logging_mixin.py:188} INFO - [2026-09-20T15:22:23.332+0000] {dag.py:3089} INFO - Sync 1 DAGs
[2026-09-20T15:22:23.374+0000] {logging_mixin.py:188} INFO - [2026-09-20T15:22:23.373+0000] {dag.py:3947} INFO - Setting next_dagrun for weather_risk_pipeline to 2026-09-20 00:00:00+00:00, run_after=2026-09-21 00:00:00+00:00
[2026-09-20T15:22:23.594+0000] {processor.py:183} INFO - Processing /opt/airflow/dags/weather_risk_dag.py took 0.857 seconds
[2026-09-20T15:22:53.792+0000] {processor.py:161} INFO - Started process (PID=273) to work on /opt/airflow/dags/weather_risk_dag.py
[2026-09-20T15:22:53.794+0000] {processor.py:830} INFO - Processing file /opt/airflow/dags/weather_risk_dag.py for tasks to queue
[2026-09-20T15:22:53.797+0000] {logging_mixin.py:188} INFO - [2026-09-20T15:22:53.797+0000] {dagbag.py:545} INFO - Filling up the DagBag from /opt/airflow/dags/weather_risk_dag.py
[2026-09-20T15:22:54.314+0000] {processor.py:840} INFO - DAG(s) 'weather_risk_pipeline' retrieved from /opt/airflow/dags/weather_risk_dag.py
[2026-09-20T15:22:54.362+0000] {logging_mixin.py:188} INFO - [2026-09-20T15:22:54.361+0000] {dag.py:3089} INFO - Sync 1 DAGs
[2026-09-20T15:22:54.601+0000] {logging_mixin.py:188} INFO - [2026-09-20T15:22:54.600+0000] {dag.py:3947} INFO - Setting next_dagrun for weather_risk_pipeline to 2026-09-20 00:00:00+00:00, run_after=2026-09-21 00:00:00+00:00
[2026-09-20T15:22:54.639+0000] {processor.py:183} INFO - Processing /opt/airflow/dags/weather_risk_dag.py took 0.857 seconds
[2026-09-20T15:23:24.829+0000] {processor.py:161} INFO - Started process (PID=275) to work on /opt/airflow/dags/weather_risk_dag.py
[2026-09-20T15:23:24.832+0000] {processor.py:830} INFO - Processing file /opt/airflow/dags/weather_risk_dag.py for tasks to queue
[2026-09-20T15:23:24.835+0000] {logging_mixin.py:188} INFO - [2026-09-20T15:23:24.835+0000] {dagbag.py:545} INFO - Filling up the DagBag from /opt/airflow/dags/weather_risk_dag.py
[2026-09-20T15:23:25.377+0000] {processor.py:840} INFO - DAG(s) 'weather_risk_pipeline' retrieved from /opt/airflow/dags/weather_risk_dag.py
[2026-09-20T15:23:25.425+0000] {logging_mixin.py:188} INFO - [2026-09-20T15:23:25.424+0000] {dag.py:3089} INFO - Sync 1 DAGs
[2026-09-20T15:23:25.653+0000] {logging_mixin.py:188} INFO - [2026-09-20T15:23:25.653+0000] {dag.py:3947} INFO - Setting next_dagrun for weather_risk_pipeline to 2026-09-20 00:00:00+00:00, run_after=2026-09-21 00:00:00+00:00
[2026-09-20T15:23:25.688+0000] {processor.py:183} INFO - Processing /opt/airflow/dags/weather_risk_dag.py took 0.869 seconds
[2026-09-20T15:23:55.877+0000] {processor.py:161} INFO - Started process (PID=277) to work on /opt/airflow/dags/weather_risk_dag.py
[2026-09-20T15:23:55.878+0000] {processor.py:830} INFO - Processing file /opt/airflow/dags/weather_risk_dag.py for tasks to queue
[2026-09-20T15:23:55.881+0000] {logging_mixin.py:188} INFO - [2026-09-20T15:23:55.880+0000] {dagbag.py:545} INFO - Filling up the DagBag from /opt/airflow/dags/weather_risk_dag.py
[2026-09-20T15:23:56.517+0000] {processor.py:840} INFO - DAG(s) 'weather_risk_pipeline' retrieved from /opt/airflow/dags/weather_risk_dag.py
[2026-09-20T15:23:56.566+0000] {logging_mixin.py:188} INFO - [2026-09-20T15:23:56.566+0000] {dag.py:3089} INFO - Sync 1 DAGs
[2026-09-20T15:23:56.605+0000] {logging_mixin.py:188} INFO - [2026-09-20T15:23:56.605+0000] {dag.py:3947} INFO - Setting next_dagrun for weather_risk_pipeline to 2026-09-20 00:00:00+00:00, run_after=2026-09-21 00:00:00+00:00
[2026-09-20T15:23:56.636+0000] {processor.py:183} INFO - Processing /opt/airflow/dags/weather_risk_dag.py took 0.770 seconds
[2026-09-20T15:24:26.795+0000] {processor.py:161} INFO - Started process (PID=279) to work on /opt/airflow/dags/weather_risk_dag.py
[2026-09-20T15:24:26.796+0000] {processor.py:830} INFO - Processing file /opt/airflow/dags/weather_risk_dag.py for tasks to queue
[2026-09-20T15:24:26.799+0000] {logging_mixin.py:188} INFO - [2026-09-20T15:24:26.798+0000] {dagbag.py:545} INFO - Filling up the DagBag from /opt/airflow/dags/weather_risk_dag.py
[2026-09-20T15:24:27.318+0000] {processor.py:840} INFO - DAG(s) 'weather_risk_pipeline' retrieved from /opt/airflow/dags/weather_risk_dag.py
[2026-09-20T15:24:27.367+0000] {logging_mixin.py:188} INFO - [2026-09-20T15:24:27.366+0000] {dag.py:3089} INFO - Sync 1 DAGs
[2026-09-20T15:24:27.407+0000] {logging_mixin.py:188} INFO - [2026-09-20T15:24:27.407+0000] {dag.py:3947} INFO - Setting next_dagrun for weather_risk_pipeline to 2026-09-20 00:00:00+00:00, run_after=2026-09-21 00:00:00+00:00
[2026-09-20T15:24:27.438+0000] {processor.py:183} INFO - Processing /opt/airflow/dags/weather_risk_dag.py took 0.653 seconds
[2026-09-20T15:24:57.621+0000] {processor.py:161} INFO - Started process (PID=281) to work on /opt/airflow/dags/weather_risk_dag.py
[2026-09-20T15:24:57.624+0000] {processor.py:830} INFO - Processing file /opt/airflow/dags/weather_risk_dag.py for tasks to queue
[2026-09-20T15:24:57.626+0000] {logging_mixin.py:188} INFO - [2026-09-20T15:24:57.626+0000] {dagbag.py:545} INFO - Filling up the DagBag from /opt/airflow/dags/weather_risk_dag.py
[2026-09-20T15:24:58.161+0000] {processor.py:840} INFO - DAG(s) 'weather_risk_pipeline' retrieved from /opt/airflow/dags/weather_risk_dag.py
[2026-09-20T15:24:58.209+0000] {logging_mixin.py:188} INFO - [2026-09-20T15:24:58.208+0000] {dag.py:3089} INFO - Sync 1 DAGs
[2026-09-20T15:24:58.248+0000] {logging_mixin.py:188} INFO - [2026-09-20T15:24:58.248+0000] {dag.py:3947} INFO - Setting next_dagrun for weather_risk_pipeline to 2026-09-20 00:00:00+00:00, run_after=2026-09-21 00:00:00+00:00
[2026-09-20T15:24:58.277+0000] {processor.py:183} INFO - Processing /opt/airflow/dags/weather_risk_dag.py took 0.667 seconds
[2026-09-20T15:25:28.459+0000] {processor.py:161} INFO - Started process (PID=283) to work on /opt/airflow/dags/weather_risk_dag.py
[2026-09-20T15:25:28.461+0000] {processor.py:830} INFO - Processing file /opt/airflow/dags/weather_risk_dag.py for tasks to queue
[2026-09-20T15:25:28.463+0000] {logging_mixin.py:188} INFO - [2026-09-20T15:25:28.463+0000] {dagbag.py:545} INFO - Filling up the DagBag from /opt/airflow/dags/weather_risk_dag.py
[2026-09-20T15:25:29.016+0000] {processor.py:840} INFO - DAG(s) 'weather_risk_pipeline' retrieved from /opt/airflow/dags/weather_risk_dag.py
[2026-09-20T15:25:29.069+0000] {logging_mixin.py:188} INFO - [2026-09-20T15:25:29.069+0000] {dag.py:3089} INFO - Sync 1 DAGs
[2026-09-20T15:25:29.110+0000] {logging_mixin.py:188} INFO - [2026-09-20T15:25:29.109+0000] {dag.py:3947} INFO - Setting next_dagrun for weather_risk_pipeline to 2026-09-20 00:00:00+00:00, run_after=2026-09-21 00:00:00+00:00
[2026-09-20T15:25:29.331+0000] {processor.py:183} INFO - Processing /opt/airflow/dags/weather_risk_dag.py took 0.883 seconds
[2026-09-20T15:25:59.509+0000] {processor.py:161} INFO - Started process (PID=285) to work on /opt/airflow/dags/weather_risk_dag.py
[2026-09-20T15:25:59.512+0000] {processor.py:830} INFO - Processing file /opt/airflow/dags/weather_risk_dag.py for tasks to queue
[2026-09-20T15:25:59.514+0000] {logging_mixin.py:188} INFO - [2026-09-20T15:25:59.514+0000] {dagbag.py:545} INFO - Filling up the DagBag from /opt/airflow/dags/weather_risk_dag.py
[2026-09-20T15:26:00.034+0000] {processor.py:840} INFO - DAG(s) 'weather_risk_pipeline' retrieved from /opt/airflow/dags/weather_risk_dag.py
[2026-09-20T15:26:00.087+0000] {logging_mixin.py:188} INFO - [2026-09-20T15:26:00.086+0000] {dag.py:3089} INFO - Sync 1 DAGs
[2026-09-20T15:26:00.312+0000] {logging_mixin.py:188} INFO - [2026-09-20T15:26:00.312+0000] {dag.py:3947} INFO - Setting next_dagrun for weather_risk_pipeline to 2026-09-20 00:00:00+00:00, run_after=2026-09-21 00:00:00+00:00
[2026-09-20T15:26:00.343+0000] {processor.py:183} INFO - Processing /opt/airflow/dags/weather_risk_dag.py took 0.844 seconds
[2026-09-20T15:26:30.393+0000] {processor.py:161} INFO - Started process (PID=287) to work on /opt/airflow/dags/weather_risk_dag.py
[2026-09-20T15:26:30.394+0000] {processor.py:830} INFO - Processing file /opt/airflow/dags/weather_risk_dag.py for tasks to queue
[2026-09-20T15:26:30.397+0000] {logging_mixin.py:188} INFO - [2026-09-20T15:26:30.396+0000] {dagbag.py:545} INFO - Filling up the DagBag from /opt/airflow/dags/weather_risk_dag.py
[2026-09-20T15:26:30.917+0000] {processor.py:840} INFO - DAG(s) 'weather_risk_pipeline' retrieved from /opt/airflow/dags/weather_risk_dag.py
[2026-09-20T15:26:30.968+0000] {logging_mixin.py:188} INFO - [2026-09-20T15:26:30.967+0000] {dag.py:3089} INFO - Sync 1 DAGs
[2026-09-20T15:26:31.199+0000] {logging_mixin.py:188} INFO - [2026-09-20T15:26:31.198+0000] {dag.py:3947} INFO - Setting next_dagrun for weather_risk_pipeline to 2026-09-20 00:00:00+00:00, run_after=2026-09-21 00:00:00+00:00
[2026-09-20T15:26:31.229+0000] {processor.py:183} INFO - Processing /opt/airflow/dags/weather_risk_dag.py took 0.845 seconds
[2026-09-20T15:27:01.417+0000] {processor.py:161} INFO - Started process (PID=289) to work on /opt/airflow/dags/weather_risk_dag.py
[2026-09-20T15:27:01.420+0000] {processor.py:830} INFO - Processing file /opt/airflow/dags/weather_risk_dag.py for tasks to queue
[2026-09-20T15:27:01.423+0000] {logging_mixin.py:188} INFO - [2026-09-20T15:27:01.422+0000] {dagbag.py:545} INFO - Filling up the DagBag from /opt/airflow/dags/weather_risk_dag.py
[2026-09-20T15:27:02.015+0000] {processor.py:840} INFO - DAG(s) 'weather_risk_pipeline' retrieved from /opt/airflow/dags/weather_risk_dag.py
[2026-09-20T15:27:02.069+0000] {logging_mixin.py:188} INFO - [2026-09-20T15:27:02.068+0000] {dag.py:3089} INFO - Sync 1 DAGs
[2026-09-20T15:27:02.113+0000] {logging_mixin.py:188} INFO - [2026-09-20T15:27:02.112+0000] {dag.py:3947} INFO - Setting next_dagrun for weather_risk_pipeline to 2026-09-20 00:00:00+00:00, run_after=2026-09-21 00:00:00+00:00
[2026-09-20T15:27:02.147+0000] {processor.py:183} INFO - Processing /opt/airflow/dags/weather_risk_dag.py took 0.740 seconds
[2026-09-20T15:27:32.328+0000] {processor.py:161} INFO - Started process (PID=291) to work on /opt/airflow/dags/weather_risk_dag.py
[2026-09-20T15:27:32.331+0000] {processor.py:830} INFO - Processing file /opt/airflow/dags/weather_risk_dag.py for tasks to queue
[2026-09-20T15:27:32.334+0000] {logging_mixin.py:188} INFO - [2026-09-20T15:27:32.333+0000] {dagbag.py:545} INFO - Filling up the DagBag from /opt/airflow/dags/weather_risk_dag.py
[2026-09-20T15:27:33.048+0000] {processor.py:840} INFO - DAG(s) 'weather_risk_pipeline' retrieved from /opt/airflow/dags/weather_risk_dag.py
[2026-09-20T15:27:33.114+0000] {logging_mixin.py:188} INFO - [2026-09-20T15:27:33.113+0000] {dag.py:3089} INFO - Sync 1 DAGs
[2026-09-20T15:27:33.169+0000] {logging_mixin.py:188} INFO - [2026-09-20T15:27:33.169+0000] {dag.py:3947} INFO - Setting next_dagrun for weather_risk_pipeline to 2026-09-20 00:00:00+00:00, run_after=2026-09-21 00:00:00+00:00
[2026-09-20T15:27:33.213+0000] {processor.py:183} INFO - Processing /opt/airflow/dags/weather_risk_dag.py took 0.898 seconds
[2026-09-20T15:28:03.386+0000] {processor.py:161} INFO - Started process (PID=293) to work on /opt/airflow/dags/weather_risk_dag.py
[2026-09-20T15:28:03.389+0000] {processor.py:830} INFO - Processing file /opt/airflow/dags/weather_risk_dag.py for tasks to queue
[2026-09-20T15:28:03.391+0000] {logging_mixin.py:188} INFO - [2026-09-20T15:28:03.391+0000] {dagbag.py:545} INFO - Filling up the DagBag from /opt/airflow/dags/weather_risk_dag.py
[2026-09-20T15:28:03.969+0000] {processor.py:840} INFO - DAG(s) 'weather_risk_pipeline' retrieved from /opt/airflow/dags/weather_risk_dag.py
[2026-09-20T15:28:04.026+0000] {logging_mixin.py:188} INFO - [2026-09-20T15:28:04.025+0000] {dag.py:3089} INFO - Sync 1 DAGs
[2026-09-20T15:28:04.071+0000] {logging_mixin.py:188} INFO - [2026-09-20T15:28:04.071+0000] {dag.py:3947} INFO - Setting next_dagrun for weather_risk_pipeline to 2026-09-20 00:00:00+00:00, run_after=2026-09-21 00:00:00+00:00
[2026-09-20T15:28:04.108+0000] {processor.py:183} INFO - Processing /opt/airflow/dags/weather_risk_dag.py took 0.731 seconds
[2026-09-20T15:28:34.273+0000] {processor.py:161} INFO - Started process (PID=295) to work on /opt/airflow/dags/weather_risk_dag.py
[2026-09-20T15:28:34.275+0000] {processor.py:830} INFO - Processing file /opt/airflow/dags/weather_risk_dag.py for tasks to queue
[2026-09-20T15:28:34.278+0000] {logging_mixin.py:188} INFO - [2026-09-20T15:28:34.277+0000] {dagbag.py:545} INFO - Filling up the DagBag from /opt/airflow/dags/weather_risk_dag.py
[2026-09-20T15:28:34.882+0000] {processor.py:840} INFO - DAG(s) 'weather_risk_pipeline' retrieved from /opt/airflow/dags/weather_risk_dag.py
[2026-09-20T15:28:34.936+0000] {logging_mixin.py:188} INFO - [2026-09-20T15:28:34.935+0000] {dag.py:3089} INFO - Sync 1 DAGs
[2026-09-20T15:28:34.980+0000] {logging_mixin.py:188} INFO - [2026-09-20T15:28:34.980+0000] {dag.py:3947} INFO - Setting next_dagrun for weather_risk_pipeline to 2026-09-20 00:00:00+00:00, run_after=2026-09-21 00:00:00+00:00
[2026-09-20T15:28:35.207+0000] {processor.py:183} INFO - Processing /opt/airflow/dags/weather_risk_dag.py took 0.943 seconds
[2026-09-20T15:29:05.372+0000] {processor.py:161} INFO - Started process (PID=297) to work on /opt/airflow/dags/weather_risk_dag.py
[2026-09-20T15:29:05.375+0000] {processor.py:830} INFO - Processing file /opt/airflow/dags/weather_risk_dag.py for tasks to queue
[2026-09-20T15:29:05.378+0000] {logging_mixin.py:188} INFO - [2026-09-20T15:29:05.377+0000] {dagbag.py:545} INFO - Filling up the DagBag from /opt/airflow/dags/weather_risk_dag.py
[2026-09-20T15:29:05.959+0000] {processor.py:840} INFO - DAG(s) 'weather_risk_pipeline' retrieved from /opt/airflow/dags/weather_risk_dag.py
[2026-09-20T15:29:06.013+0000] {logging_mixin.py:188} INFO - [2026-09-20T15:29:06.012+0000] {dag.py:3089} INFO - Sync 1 DAGs
[2026-09-20T15:29:06.258+0000] {logging_mixin.py:188} INFO - [2026-09-20T15:29:06.257+0000] {dag.py:3947} INFO - Setting next_dagrun for weather_risk_pipeline to 2026-09-20 00:00:00+00:00, run_after=2026-09-21 00:00:00+00:00
[2026-09-20T15:29:06.288+0000] {processor.py:183} INFO - Processing /opt/airflow/dags/weather_risk_dag.py took 0.926 seconds
[2026-09-20T15:29:36.373+0000] {processor.py:161} INFO - Started process (PID=299) to work on /opt/airflow/dags/weather_risk_dag.py
[2026-09-20T15:29:36.376+0000] {processor.py:830} INFO - Processing file /opt/airflow/dags/weather_risk_dag.py for tasks to queue
[2026-09-20T15:29:36.379+0000] {logging_mixin.py:188} INFO - [2026-09-20T15:29:36.378+0000] {dagbag.py:545} INFO - Filling up the DagBag from /opt/airflow/dags/weather_risk_dag.py
[2026-09-20T15:29:36.961+0000] {processor.py:840} INFO - DAG(s) 'weather_risk_pipeline' retrieved from /opt/airflow/dags/weather_risk_dag.py
[2026-09-20T15:29:37.017+0000] {logging_mixin.py:188} INFO - [2026-09-20T15:29:37.017+0000] {dag.py:3089} INFO - Sync 1 DAGs
[2026-09-20T15:29:37.255+0000] {logging_mixin.py:188} INFO - [2026-09-20T15:29:37.255+0000] {dag.py:3947} INFO - Setting next_dagrun for weather_risk_pipeline to 2026-09-20 00:00:00+00:00, run_after=2026-09-21 00:00:00+00:00
[2026-09-20T15:29:37.289+0000] {processor.py:183} INFO - Processing /opt/airflow/dags/weather_risk_dag.py took 0.925 seconds
[2026-09-20T15:30:07.471+0000] {processor.py:161} INFO - Started process (PID=301) to work on /opt/airflow/dags/weather_risk_dag.py
[2026-09-20T15:30:07.473+0000] {processor.py:830} INFO - Processing file /opt/airflow/dags/weather_risk_dag.py for tasks to queue
[2026-09-20T15:30:07.477+0000] {logging_mixin.py:188} INFO - [2026-09-20T15:30:07.476+0000] {dagbag.py:545} INFO - Filling up the DagBag from /opt/airflow/dags/weather_risk_dag.py
[2026-09-20T15:30:08.071+0000] {processor.py:840} INFO - DAG(s) 'weather_risk_pipeline' retrieved from /opt/airflow/dags/weather_risk_dag.py
[2026-09-20T15:30:08.125+0000] {logging_mixin.py:188} INFO - [2026-09-20T15:30:08.124+0000] {dag.py:3089} INFO - Sync 1 DAGs
[2026-09-20T15:30:08.169+0000] {logging_mixin.py:188} INFO - [2026-09-20T15:30:08.168+0000] {dag.py:3947} INFO - Setting next_dagrun for weather_risk_pipeline to 2026-09-20 00:00:00+00:00, run_after=2026-09-21 00:00:00+00:00
[2026-09-20T15:30:08.205+0000] {processor.py:183} INFO - Processing /opt/airflow/dags/weather_risk_dag.py took 0.745 seconds
[2026-09-20T15:30:38.395+0000] {processor.py:161} INFO - Started process (PID=303) to work on /opt/airflow/dags/weather_risk_dag.py
[2026-09-20T15:30:38.398+0000] {processor.py:830} INFO - Processing file /opt/airflow/dags/weather_risk_dag.py for tasks to queue
[2026-09-20T15:30:38.402+0000] {logging_mixin.py:188} INFO - [2026-09-20T15:30:38.402+0000] {dagbag.py:545} INFO - Filling up the DagBag from /opt/airflow/dags/weather_risk_dag.py
[2026-09-20T15:30:39.093+0000] {processor.py:840} INFO - DAG(s) 'weather_risk_pipeline' retrieved from /opt/airflow/dags/weather_risk_dag.py
[2026-09-20T15:30:39.152+0000] {logging_mixin.py:188} INFO - [2026-09-20T15:30:39.151+0000] {dag.py:3089} INFO - Sync 1 DAGs
[2026-09-20T15:30:39.199+0000] {logging_mixin.py:188} INFO - [2026-09-20T15:30:39.199+0000] {dag.py:3947} INFO - Setting next_dagrun for weather_risk_pipeline to 2026-09-20 00:00:00+00:00, run_after=2026-09-21 00:00:00+00:00
[2026-09-20T15:30:39.236+0000] {processor.py:183} INFO - Processing /opt/airflow/dags/weather_risk_dag.py took 0.852 seconds
[2026-09-20T15:31:09.430+0000] {processor.py:161} INFO - Started process (PID=305) to work on /opt/airflow/dags/weather_risk_dag.py
[2026-09-20T15:31:09.433+0000] {processor.py:830} INFO - Processing file /opt/airflow/dags/weather_risk_dag.py for tasks to queue
[2026-09-20T15:31:09.437+0000] {logging_mixin.py:188} INFO - [2026-09-20T15:31:09.436+0000] {dagbag.py:545} INFO - Filling up the DagBag from /opt/airflow/dags/weather_risk_dag.py
[2026-09-20T15:31:10.085+0000] {processor.py:840} INFO - DAG(s) 'weather_risk_pipeline' retrieved from /opt/airflow/dags/weather_risk_dag.py
[2026-09-20T15:31:10.143+0000] {logging_mixin.py:188} INFO - [2026-09-20T15:31:10.142+0000] {dag.py:3089} INFO - Sync 1 DAGs
[2026-09-20T15:31:10.191+0000] {logging_mixin.py:188} INFO - [2026-09-20T15:31:10.190+0000] {dag.py:3947} INFO - Setting next_dagrun for weather_risk_pipeline to 2026-09-20 00:00:00+00:00, run_after=2026-09-21 00:00:00+00:00
[2026-09-20T15:31:10.233+0000] {processor.py:183} INFO - Processing /opt/airflow/dags/weather_risk_dag.py took 0.814 seconds
[2026-09-20T15:31:40.422+0000] {processor.py:161} INFO - Started process (PID=307) to work on /opt/airflow/dags/weather_risk_dag.py
[2026-09-20T15:31:40.426+0000] {processor.py:830} INFO - Processing file /opt/airflow/dags/weather_risk_dag.py for tasks to queue
[2026-09-20T15:31:40.429+0000] {logging_mixin.py:188} INFO - [2026-09-20T15:31:40.429+0000] {dagbag.py:545} INFO - Filling up the DagBag from /opt/airflow/dags/weather_risk_dag.py
[2026-09-20T15:31:41.126+0000] {processor.py:840} INFO - DAG(s) 'weather_risk_pipeline' retrieved from /opt/airflow/dags/weather_risk_dag.py
[2026-09-20T15:31:41.186+0000] {logging_mixin.py:188} INFO - [2026-09-20T15:31:41.185+0000] {dag.py:3089} INFO - Sync 1 DAGs
[2026-09-20T15:31:41.238+0000] {logging_mixin.py:188} INFO - [2026-09-20T15:31:41.238+0000] {dag.py:3947} INFO - Setting next_dagrun for weather_risk_pipeline to 2026-09-20 00:00:00+00:00, run_after=2026-09-21 00:00:00+00:00
[2026-09-20T15:31:41.492+0000] {processor.py:183} INFO - Processing /opt/airflow/dags/weather_risk_dag.py took 1.081 seconds
[2026-09-20T15:32:11.586+0000] {processor.py:161} INFO - Started process (PID=309) to work on /opt/airflow/dags/weather_risk_dag.py
[2026-09-20T15:32:11.589+0000] {processor.py:830} INFO - Processing file /opt/airflow/dags/weather_risk_dag.py for tasks to queue
[2026-09-20T15:32:11.593+0000] {logging_mixin.py:188} INFO - [2026-09-20T15:32:11.593+0000] {dagbag.py:545} INFO - Filling up the DagBag from /opt/airflow/dags/weather_risk_dag.py
[2026-09-20T15:32:12.258+0000] {processor.py:840} INFO - DAG(s) 'weather_risk_pipeline' retrieved from /opt/airflow/dags/weather_risk_dag.py
[2026-09-20T15:32:12.319+0000] {logging_mixin.py:188} INFO - [2026-09-20T15:32:12.319+0000] {dag.py:3089} INFO - Sync 1 DAGs
[2026-09-20T15:32:12.596+0000] {logging_mixin.py:188} INFO - [2026-09-20T15:32:12.596+0000] {dag.py:3947} INFO - Setting next_dagrun for weather_risk_pipeline to 2026-09-20 00:00:00+00:00, run_after=2026-09-21 00:00:00+00:00
[2026-09-20T15:32:12.636+0000] {processor.py:183} INFO - Processing /opt/airflow/dags/weather_risk_dag.py took 1.061 seconds
[2026-09-20T15:32:42.839+0000] {processor.py:161} INFO - Started process (PID=311) to work on /opt/airflow/dags/weather_risk_dag.py
[2026-09-20T15:32:42.842+0000] {processor.py:830} INFO - Processing file /opt/airflow/dags/weather_risk_dag.py for tasks to queue
[2026-09-20T15:32:42.845+0000] {logging_mixin.py:188} INFO - [2026-09-20T15:32:42.844+0000] {dagbag.py:545} INFO - Filling up the DagBag from /opt/airflow/dags/weather_risk_dag.py
[2026-09-20T15:32:43.473+0000] {processor.py:840} INFO - DAG(s) 'weather_risk_pipeline' retrieved from /opt/airflow/dags/weather_risk_dag.py
[2026-09-20T15:32:43.534+0000] {logging_mixin.py:188} INFO - [2026-09-20T15:32:43.533+0000] {dag.py:3089} INFO - Sync 1 DAGs
[2026-09-20T15:32:43.583+0000] {logging_mixin.py:188} INFO - [2026-09-20T15:32:43.582+0000] {dag.py:3947} INFO - Setting next_dagrun for weather_risk_pipeline to 2026-09-20 00:00:00+00:00, run_after=2026-09-21 00:00:00+00:00
[2026-09-20T15:32:43.623+0000] {processor.py:183} INFO - Processing /opt/airflow/dags/weather_risk_dag.py took 0.794 seconds
[2026-09-20T15:33:13.814+0000] {processor.py:161} INFO - Started process (PID=313) to work on /opt/airflow/dags/weather_risk_dag.py
[2026-09-20T15:33:13.815+0000] {processor.py:830} INFO - Processing file /opt/airflow/dags/weather_risk_dag.py for tasks to queue
[2026-09-20T15:33:13.818+0000] {logging_mixin.py:188} INFO - [2026-09-20T15:33:13.818+0000] {dagbag.py:545} INFO - Filling up the DagBag from /opt/airflow/dags/weather_risk_dag.py
[2026-09-20T15:33:14.340+0000] {processor.py:840} INFO - DAG(s) 'weather_risk_pipeline' retrieved from /opt/airflow/dags/weather_risk_dag.py
[2026-09-20T15:33:14.388+0000] {logging_mixin.py:188} INFO - [2026-09-20T15:33:14.388+0000] {dag.py:3089} INFO - Sync 1 DAGs
[2026-09-20T15:33:14.428+0000] {logging_mixin.py:188} INFO - [2026-09-20T15:33:14.428+0000] {dag.py:3947} INFO - Setting next_dagrun for weather_risk_pipeline to 2026-09-20 00:00:00+00:00, run_after=2026-09-21 00:00:00+00:00
[2026-09-20T15:33:14.464+0000] {processor.py:183} INFO - Processing /opt/airflow/dags/weather_risk_dag.py took 0.661 seconds
[2026-09-20T15:33:44.648+0000] {processor.py:161} INFO - Started process (PID=315) to work on /opt/airflow/dags/weather_risk_dag.py
[2026-09-20T15:33:44.650+0000] {processor.py:830} INFO - Processing file /opt/airflow/dags/weather_risk_dag.py for tasks to queue
[2026-09-20T15:33:44.652+0000] {logging_mixin.py:188} INFO - [2026-09-20T15:33:44.652+0000] {dagbag.py:545} INFO - Filling up the DagBag from /opt/airflow/dags/weather_risk_dag.py
[2026-09-20T15:33:45.171+0000] {processor.py:840} INFO - DAG(s) 'weather_risk_pipeline' retrieved from /opt/airflow/dags/weather_risk_dag.py
[2026-09-20T15:33:45.221+0000] {logging_mixin.py:188} INFO - [2026-09-20T15:33:45.220+0000] {dag.py:3089} INFO - Sync 1 DAGs
[2026-09-20T15:33:45.260+0000] {logging_mixin.py:188} INFO - [2026-09-20T15:33:45.259+0000] {dag.py:3947} INFO - Setting next_dagrun for weather_risk_pipeline to 2026-09-20 00:00:00+00:00, run_after=2026-09-21 00:00:00+00:00
[2026-09-20T15:33:45.289+0000] {processor.py:183} INFO - Processing /opt/airflow/dags/weather_risk_dag.py took 0.651 seconds
[2026-09-20T15:34:15.459+0000] {processor.py:161} INFO - Started process (PID=317) to work on /opt/airflow/dags/weather_risk_dag.py
[2026-09-20T15:34:15.460+0000] {processor.py:830} INFO - Processing file /opt/airflow/dags/weather_risk_dag.py for tasks to queue
[2026-09-20T15:34:15.463+0000] {logging_mixin.py:188} INFO - [2026-09-20T15:34:15.462+0000] {dagbag.py:545} INFO - Filling up the DagBag from /opt/airflow/dags/weather_risk_dag.py
[2026-09-20T15:34:15.991+0000] {processor.py:840} INFO - DAG(s) 'weather_risk_pipeline' retrieved from /opt/airflow/dags/weather_risk_dag.py
[2026-09-20T15:34:16.041+0000] {logging_mixin.py:188} INFO - [2026-09-20T15:34:16.040+0000] {dag.py:3089} INFO - Sync 1 DAGs
[2026-09-20T15:34:16.082+0000] {logging_mixin.py:188} INFO - [2026-09-20T15:34:16.082+0000] {dag.py:3947} INFO - Setting next_dagrun for weather_risk_pipeline to 2026-09-20 00:00:00+00:00, run_after=2026-09-21 00:00:00+00:00
[2026-09-20T15:34:16.305+0000] {processor.py:183} INFO - Processing /opt/airflow/dags/weather_risk_dag.py took 0.856 seconds
[2026-09-20T15:34:46.446+0000] {processor.py:161} INFO - Started process (PID=319) to work on /opt/airflow/dags/weather_risk_dag.py
[2026-09-20T15:34:46.449+0000] {processor.py:830} INFO - Processing file /opt/airflow/dags/weather_risk_dag.py for tasks to queue
[2026-09-20T15:34:46.451+0000] {logging_mixin.py:188} INFO - [2026-09-20T15:34:46.451+0000] {dagbag.py:545} INFO - Filling up the DagBag from /opt/airflow/dags/weather_risk_dag.py
[2026-09-20T15:34:46.982+0000] {processor.py:840} INFO - DAG(s) 'weather_risk_pipeline' retrieved from /opt/airflow/dags/weather_risk_dag.py
[2026-09-20T15:34:47.030+0000] {logging_mixin.py:188} INFO - [2026-09-20T15:34:47.030+0000] {dag.py:3089} INFO - Sync 1 DAGs
[2026-09-20T15:34:47.262+0000] {logging_mixin.py:188} INFO - [2026-09-20T15:34:47.261+0000] {dag.py:3947} INFO - Setting next_dagrun for weather_risk_pipeline to 2026-09-20 00:00:00+00:00, run_after=2026-09-21 00:00:00+00:00
[2026-09-20T15:34:47.295+0000] {processor.py:183} INFO - Processing /opt/airflow/dags/weather_risk_dag.py took 0.859 seconds
[2026-09-20T15:35:17.494+0000] {processor.py:161} INFO - Started process (PID=321) to work on /opt/airflow/dags/weather_risk_dag.py
[2026-09-20T15:35:17.495+0000] {processor.py:830} INFO - Processing file /opt/airflow/dags/weather_risk_dag.py for tasks to queue
[2026-09-20T15:35:17.498+0000] {logging_mixin.py:188} INFO - [2026-09-20T15:35:17.497+0000] {dagbag.py:545} INFO - Filling up the DagBag from /opt/airflow/dags/weather_risk_dag.py
[2026-09-20T15:35:18.025+0000] {processor.py:840} INFO - DAG(s) 'weather_risk_pipeline' retrieved from /opt/airflow/dags/weather_risk_dag.py
[2026-09-20T15:35:18.074+0000] {logging_mixin.py:188} INFO - [2026-09-20T15:35:18.074+0000] {dag.py:3089} INFO - Sync 1 DAGs
[2026-09-20T15:35:18.305+0000] {logging_mixin.py:188} INFO - [2026-09-20T15:35:18.305+0000] {dag.py:3947} INFO - Setting next_dagrun for weather_risk_pipeline to 2026-09-20 00:00:00+00:00, run_after=2026-09-21 00:00:00+00:00
[2026-09-20T15:35:18.337+0000] {processor.py:183} INFO - Processing /opt/airflow/dags/weather_risk_dag.py took 0.853 seconds
[2026-09-20T15:35:48.536+0000] {processor.py:161} INFO - Started process (PID=323) to work on /opt/airflow/dags/weather_risk_dag.py
[2026-09-20T15:35:48.539+0000] {processor.py:830} INFO - Processing file /opt/airflow/dags/weather_risk_dag.py for tasks to queue
[2026-09-20T15:35:48.542+0000] {logging_mixin.py:188} INFO - [2026-09-20T15:35:48.541+0000] {dagbag.py:545} INFO - Filling up the DagBag from /opt/airflow/dags/weather_risk_dag.py
[2026-09-20T15:35:49.093+0000] {processor.py:840} INFO - DAG(s) 'weather_risk_pipeline' retrieved from /opt/airflow/dags/weather_risk_dag.py
[2026-09-20T15:35:49.336+0000] {logging_mixin.py:188} INFO - [2026-09-20T15:35:49.335+0000] {dag.py:3089} INFO - Sync 1 DAGs
[2026-09-20T15:35:49.376+0000] {logging_mixin.py:188} INFO - [2026-09-20T15:35:49.376+0000] {dag.py:3947} INFO - Setting next_dagrun for weather_risk_pipeline to 2026-09-20 00:00:00+00:00, run_after=2026-09-21 00:00:00+00:00
[2026-09-20T15:35:49.405+0000] {processor.py:183} INFO - Processing /opt/airflow/dags/weather_risk_dag.py took 0.879 seconds
[2026-09-20T15:36:19.600+0000] {processor.py:161} INFO - Started process (PID=325) to work on /opt/airflow/dags/weather_risk_dag.py
[2026-09-20T15:36:19.602+0000] {processor.py:830} INFO - Processing file /opt/airflow/dags/weather_risk_dag.py for tasks to queue
[2026-09-20T15:36:19.604+0000] {logging_mixin.py:188} INFO - [2026-09-20T15:36:19.603+0000] {dagbag.py:545} INFO - Filling up the DagBag from /opt/airflow/dags/weather_risk_dag.py
[2026-09-20T15:36:20.124+0000] {processor.py:840} INFO - DAG(s) 'weather_risk_pipeline' retrieved from /opt/airflow/dags/weather_risk_dag.py
[2026-09-20T15:36:20.172+0000] {logging_mixin.py:188} INFO - [2026-09-20T15:36:20.171+0000] {dag.py:3089} INFO - Sync 1 DAGs
[2026-09-20T15:36:20.219+0000] {logging_mixin.py:188} INFO - [2026-09-20T15:36:20.219+0000] {dag.py:3947} INFO - Setting next_dagrun for weather_risk_pipeline to 2026-09-20 00:00:00+00:00, run_after=2026-09-21 00:00:00+00:00
[2026-09-20T15:36:20.250+0000] {processor.py:183} INFO - Processing /opt/airflow/dags/weather_risk_dag.py took 0.658 seconds
[2026-09-20T15:36:50.422+0000] {processor.py:161} INFO - Started process (PID=327) to work on /opt/airflow/dags/weather_risk_dag.py
[2026-09-20T15:36:50.424+0000] {processor.py:830} INFO - Processing file /opt/airflow/dags/weather_risk_dag.py for tasks to queue
[2026-09-20T15:36:50.426+0000] {logging_mixin.py:188} INFO - [2026-09-20T15:36:50.426+0000] {dagbag.py:545} INFO - Filling up the DagBag from /opt/airflow/dags/weather_risk_dag.py
[2026-09-20T15:36:50.943+0000] {processor.py:840} INFO - DAG(s) 'weather_risk_pipeline' retrieved from /opt/airflow/dags/weather_risk_dag.py
[2026-09-20T15:36:50.992+0000] {logging_mixin.py:188} INFO - [2026-09-20T15:36:50.992+0000] {dag.py:3089} INFO - Sync 1 DAGs
[2026-09-20T15:36:51.032+0000] {logging_mixin.py:188} INFO - [2026-09-20T15:36:51.032+0000] {dag.py:3947} INFO - Setting next_dagrun for weather_risk_pipeline to 2026-09-20 00:00:00+00:00, run_after=2026-09-21 00:00:00+00:00
[2026-09-20T15:36:51.063+0000] {processor.py:183} INFO - Processing /opt/airflow/dags/weather_risk_dag.py took 0.651 seconds
[2026-09-20T15:37:21.190+0000] {processor.py:161} INFO - Started process (PID=329) to work on /opt/airflow/dags/weather_risk_dag.py
[2026-09-20T15:37:21.191+0000] {processor.py:830} INFO - Processing file /opt/airflow/dags/weather_risk_dag.py for tasks to queue
[2026-09-20T15:37:21.193+0000] {logging_mixin.py:188} INFO - [2026-09-20T15:37:21.193+0000] {dagbag.py:545} INFO - Filling up the DagBag from /opt/airflow/dags/weather_risk_dag.py
[2026-09-20T15:37:21.715+0000] {processor.py:840} INFO - DAG(s) 'weather_risk_pipeline' retrieved from /opt/airflow/dags/weather_risk_dag.py
[2026-09-20T15:37:21.763+0000] {logging_mixin.py:188} INFO - [2026-09-20T15:37:21.762+0000] {dag.py:3089} INFO - Sync 1 DAGs
[2026-09-20T15:37:21.802+0000] {logging_mixin.py:188} INFO - [2026-09-20T15:37:21.802+0000] {dag.py:3947} INFO - Setting next_dagrun for weather_risk_pipeline to 2026-09-20 00:00:00+00:00, run_after=2026-09-21 00:00:00+00:00
[2026-09-20T15:37:22.022+0000] {processor.py:183} INFO - Processing /opt/airflow/dags/weather_risk_dag.py took 0.841 seconds
[2026-09-20T15:37:52.248+0000] {processor.py:161} INFO - Started process (PID=331) to work on /opt/airflow/dags/weather_risk_dag.py
[2026-09-20T15:37:52.251+0000] {processor.py:830} INFO - Processing file /opt/airflow/dags/weather_risk_dag.py for tasks to queue
[2026-09-20T15:37:52.254+0000] {logging_mixin.py:188} INFO - [2026-09-20T15:37:52.253+0000] {dagbag.py:545} INFO - Filling up the DagBag from /opt/airflow/dags/weather_risk_dag.py
[2026-09-20T15:37:52.776+0000] {processor.py:840} INFO - DAG(s) 'weather_risk_pipeline' retrieved from /opt/airflow/dags/weather_risk_dag.py
[2026-09-20T15:37:52.824+0000] {logging_mixin.py:188} INFO - [2026-09-20T15:37:52.823+0000] {dag.py:3089} INFO - Sync 1 DAGs
[2026-09-20T15:37:53.050+0000] {logging_mixin.py:188} INFO - [2026-09-20T15:37:53.050+0000] {dag.py:3947} INFO - Setting next_dagrun for weather_risk_pipeline to 2026-09-20 00:00:00+00:00, run_after=2026-09-21 00:00:00+00:00
[2026-09-20T15:37:53.083+0000] {processor.py:183} INFO - Processing /opt/airflow/dags/weather_risk_dag.py took 0.845 seconds
[2026-09-20T15:38:23.270+0000] {processor.py:161} INFO - Started process (PID=333) to work on /opt/airflow/dags/weather_risk_dag.py
[2026-09-20T15:38:23.271+0000] {processor.py:830} INFO - Processing file /opt/airflow/dags/weather_risk_dag.py for tasks to queue
[2026-09-20T15:38:23.274+0000] {logging_mixin.py:188} INFO - [2026-09-20T15:38:23.274+0000] {dagbag.py:545} INFO - Filling up the DagBag from /opt/airflow/dags/weather_risk_dag.py
[2026-09-20T15:38:23.800+0000] {processor.py:840} INFO - DAG(s) 'weather_risk_pipeline' retrieved from /opt/airflow/dags/weather_risk_dag.py
[2026-09-20T15:38:23.848+0000] {logging_mixin.py:188} INFO - [2026-09-20T15:38:23.848+0000] {dag.py:3089} INFO - Sync 1 DAGs
[2026-09-20T15:38:24.081+0000] {logging_mixin.py:188} INFO - [2026-09-20T15:38:24.081+0000] {dag.py:3947} INFO - Setting next_dagrun for weather_risk_pipeline to 2026-09-20 00:00:00+00:00, run_after=2026-09-21 00:00:00+00:00
[2026-09-20T15:38:24.113+0000] {processor.py:183} INFO - Processing /opt/airflow/dags/weather_risk_dag.py took 0.853 seconds
[2026-09-20T15:38:54.303+0000] {processor.py:161} INFO - Started process (PID=335) to work on /opt/airflow/dags/weather_risk_dag.py
[2026-09-20T15:38:54.305+0000] {processor.py:830} INFO - Processing file /opt/airflow/dags/weather_risk_dag.py for tasks to queue
[2026-09-20T15:38:54.308+0000] {logging_mixin.py:188} INFO - [2026-09-20T15:38:54.308+0000] {dagbag.py:545} INFO - Filling up the DagBag from /opt/airflow/dags/weather_risk_dag.py
[2026-09-20T15:38:54.867+0000] {processor.py:840} INFO - DAG(s) 'weather_risk_pipeline' retrieved from /opt/airflow/dags/weather_risk_dag.py
[2026-09-20T15:38:55.100+0000] {logging_mixin.py:188} INFO - [2026-09-20T15:38:55.099+0000] {dag.py:3089} INFO - Sync 1 DAGs
[2026-09-20T15:38:55.141+0000] {logging_mixin.py:188} INFO - [2026-09-20T15:38:55.141+0000] {dag.py:3947} INFO - Setting next_dagrun for weather_risk_pipeline to 2026-09-20 00:00:00+00:00, run_after=2026-09-21 00:00:00+00:00
[2026-09-20T15:38:55.171+0000] {processor.py:183} INFO - Processing /opt/airflow/dags/weather_risk_dag.py took 0.878 seconds
[2026-09-20T15:39:25.356+0000] {processor.py:161} INFO - Started process (PID=337) to work on /opt/airflow/dags/weather_risk_dag.py
[2026-09-20T15:39:25.357+0000] {processor.py:830} INFO - Processing file /opt/airflow/dags/weather_risk_dag.py for tasks to queue
[2026-09-20T15:39:25.360+0000] {logging_mixin.py:188} INFO - [2026-09-20T15:39:25.359+0000] {dagbag.py:545} INFO - Filling up the DagBag from /opt/airflow/dags/weather_risk_dag.py
[2026-09-20T15:39:25.892+0000] {processor.py:840} INFO - DAG(s) 'weather_risk_pipeline' retrieved from /opt/airflow/dags/weather_risk_dag.py
[2026-09-20T15:39:25.941+0000] {logging_mixin.py:188} INFO - [2026-09-20T15:39:25.940+0000] {dag.py:3089} INFO - Sync 1 DAGs
[2026-09-20T15:39:25.980+0000] {logging_mixin.py:188} INFO - [2026-09-20T15:39:25.980+0000] {dag.py:3947} INFO - Setting next_dagrun for weather_risk_pipeline to 2026-09-20 00:00:00+00:00, run_after=2026-09-21 00:00:00+00:00
[2026-09-20T15:39:26.011+0000] {processor.py:183} INFO - Processing /opt/airflow/dags/weather_risk_dag.py took 0.665 seconds
[2026-09-20T15:39:56.179+0000] {processor.py:161} INFO - Started process (PID=339) to work on /opt/airflow/dags/weather_risk_dag.py
[2026-09-20T15:39:56.181+0000] {processor.py:830} INFO - Processing file /opt/airflow/dags/weather_risk_dag.py for tasks to queue
[2026-09-20T15:39:56.184+0000] {logging_mixin.py:188} INFO - [2026-09-20T15:39:56.183+0000] {dagbag.py:545} INFO - Filling up the DagBag from /opt/airflow/dags/weather_risk_dag.py
[2026-09-20T15:39:56.699+0000] {processor.py:840} INFO - DAG(s) 'weather_risk_pipeline' retrieved from /opt/airflow/dags/weather_risk_dag.py
[2026-09-20T15:39:56.749+0000] {logging_mixin.py:188} INFO - [2026-09-20T15:39:56.748+0000] {dag.py:3089} INFO - Sync 1 DAGs
[2026-09-20T15:39:56.788+0000] {logging_mixin.py:188} INFO - [2026-09-20T15:39:56.788+0000] {dag.py:3947} INFO - Setting next_dagrun for weather_risk_pipeline to 2026-09-20 00:00:00+00:00, run_after=2026-09-21 00:00:00+00:00
[2026-09-20T15:39:56.818+0000] {processor.py:183} INFO - Processing /opt/airflow/dags/weather_risk_dag.py took 0.650 seconds
[2026-09-20T15:40:27.000+0000] {processor.py:161} INFO - Started process (PID=341) to work on /opt/airflow/dags/weather_risk_dag.py
[2026-09-20T15:40:27.001+0000] {processor.py:830} INFO - Processing file /opt/airflow/dags/weather_risk_dag.py for tasks to queue
[2026-09-20T15:40:27.005+0000] {logging_mixin.py:188} INFO - [2026-09-20T15:40:27.004+0000] {dagbag.py:545} INFO - Filling up the DagBag from /opt/airflow/dags/weather_risk_dag.py
[2026-09-20T15:40:27.536+0000] {processor.py:840} INFO - DAG(s) 'weather_risk_pipeline' retrieved from /opt/airflow/dags/weather_risk_dag.py
[2026-09-20T15:40:27.586+0000] {logging_mixin.py:188} INFO - [2026-09-20T15:40:27.586+0000] {dag.py:3089} INFO - Sync 1 DAGs
[2026-09-20T15:40:27.626+0000] {logging_mixin.py:188} INFO - [2026-09-20T15:40:27.626+0000] {dag.py:3947} INFO - Setting next_dagrun for weather_risk_pipeline to 2026-09-20 00:00:00+00:00, run_after=2026-09-21 00:00:00+00:00
[2026-09-20T15:40:27.836+0000] {processor.py:183} INFO - Processing /opt/airflow/dags/weather_risk_dag.py took 0.846 seconds
[2026-09-20T15:40:58.033+0000] {processor.py:161} INFO - Started process (PID=343) to work on /opt/airflow/dags/weather_risk_dag.py
[2026-09-20T15:40:58.036+0000] {processor.py:830} INFO - Processing file /opt/airflow/dags/weather_risk_dag.py for tasks to queue
[2026-09-20T15:40:58.039+0000] {logging_mixin.py:188} INFO - [2026-09-20T15:40:58.038+0000] {dagbag.py:545} INFO - Filling up the DagBag from /opt/airflow/dags/weather_risk_dag.py
[2026-09-20T15:40:58.578+0000] {processor.py:840} INFO - DAG(s) 'weather_risk_pipeline' retrieved from /opt/airflow/dags/weather_risk_dag.py
[2026-09-20T15:40:58.627+0000] {logging_mixin.py:188} INFO - [2026-09-20T15:40:58.627+0000] {dag.py:3089} INFO - Sync 1 DAGs
[2026-09-20T15:40:58.862+0000] {logging_mixin.py:188} INFO - [2026-09-20T15:40:58.862+0000] {dag.py:3947} INFO - Setting next_dagrun for weather_risk_pipeline to 2026-09-20 00:00:00+00:00, run_after=2026-09-21 00:00:00+00:00
[2026-09-20T15:40:58.895+0000] {processor.py:183} INFO - Processing /opt/airflow/dags/weather_risk_dag.py took 0.873 seconds
[2026-09-20T15:41:29.079+0000] {processor.py:161} INFO - Started process (PID=345) to work on /opt/airflow/dags/weather_risk_dag.py
[2026-09-20T15:41:29.080+0000] {processor.py:830} INFO - Processing file /opt/airflow/dags/weather_risk_dag.py for tasks to queue
[2026-09-20T15:41:29.082+0000] {logging_mixin.py:188} INFO - [2026-09-20T15:41:29.082+0000] {dagbag.py:545} INFO - Filling up the DagBag from /opt/airflow/dags/weather_risk_dag.py
[2026-09-20T15:41:29.612+0000] {processor.py:840} INFO - DAG(s) 'weather_risk_pipeline' retrieved from /opt/airflow/dags/weather_risk_dag.py
[2026-09-20T15:41:29.666+0000] {logging_mixin.py:188} INFO - [2026-09-20T15:41:29.665+0000] {dag.py:3089} INFO - Sync 1 DAGs
[2026-09-20T15:41:29.895+0000] {logging_mixin.py:188} INFO - [2026-09-20T15:41:29.895+0000] {dag.py:3947} INFO - Setting next_dagrun for weather_risk_pipeline to 2026-09-20 00:00:00+00:00, run_after=2026-09-21 00:00:00+00:00
[2026-09-20T15:41:29.928+0000] {processor.py:183} INFO - Processing /opt/airflow/dags/weather_risk_dag.py took 0.859 seconds
[2026-09-20T15:42:00.117+0000] {processor.py:161} INFO - Started process (PID=347) to work on /opt/airflow/dags/weather_risk_dag.py
[2026-09-20T15:42:00.120+0000] {processor.py:830} INFO - Processing file /opt/airflow/dags/weather_risk_dag.py for tasks to queue
[2026-09-20T15:42:00.123+0000] {logging_mixin.py:188} INFO - [2026-09-20T15:42:00.122+0000] {dagbag.py:545} INFO - Filling up the DagBag from /opt/airflow/dags/weather_risk_dag.py
[2026-09-20T15:42:00.645+0000] {processor.py:840} INFO - DAG(s) 'weather_risk_pipeline' retrieved from /opt/airflow/dags/weather_risk_dag.py
[2026-09-20T15:42:00.694+0000] {logging_mixin.py:188} INFO - [2026-09-20T15:42:00.694+0000] {dag.py:3089} INFO - Sync 1 DAGs
[2026-09-20T15:42:00.734+0000] {logging_mixin.py:188} INFO - [2026-09-20T15:42:00.733+0000] {dag.py:3947} INFO - Setting next_dagrun for weather_risk_pipeline to 2026-09-20 00:00:00+00:00, run_after=2026-09-21 00:00:00+00:00
[2026-09-20T15:42:00.767+0000] {processor.py:183} INFO - Processing /opt/airflow/dags/weather_risk_dag.py took 0.659 seconds
[2026-09-20T15:42:30.899+0000] {processor.py:161} INFO - Started process (PID=349) to work on /opt/airflow/dags/weather_risk_dag.py
[2026-09-20T15:42:30.900+0000] {processor.py:830} INFO - Processing file /opt/airflow/dags/weather_risk_dag.py for tasks to queue
[2026-09-20T15:42:30.903+0000] {logging_mixin.py:188} INFO - [2026-09-20T15:42:30.902+0000] {dagbag.py:545} INFO - Filling up the DagBag from /opt/airflow/dags/weather_risk_dag.py
[2026-09-20T15:42:31.424+0000] {processor.py:840} INFO - DAG(s) 'weather_risk_pipeline' retrieved from /opt/airflow/dags/weather_risk_dag.py
[2026-09-20T15:42:31.474+0000] {logging_mixin.py:188} INFO - [2026-09-20T15:42:31.473+0000] {dag.py:3089} INFO - Sync 1 DAGs
[2026-09-20T15:42:31.513+0000] {logging_mixin.py:188} INFO - [2026-09-20T15:42:31.512+0000] {dag.py:3947} INFO - Setting next_dagrun for weather_risk_pipeline to 2026-09-20 00:00:00+00:00, run_after=2026-09-21 00:00:00+00:00
[2026-09-20T15:42:31.542+0000] {processor.py:183} INFO - Processing /opt/airflow/dags/weather_risk_dag.py took 0.653 seconds
[2026-09-20T15:43:01.740+0000] {processor.py:161} INFO - Started process (PID=351) to work on /opt/airflow/dags/weather_risk_dag.py
[2026-09-20T15:43:01.743+0000] {processor.py:830} INFO - Processing file /opt/airflow/dags/weather_risk_dag.py for tasks to queue
[2026-09-20T15:43:01.746+0000] {logging_mixin.py:188} INFO - [2026-09-20T15:43:01.745+0000] {dagbag.py:545} INFO - Filling up the DagBag from /opt/airflow/dags/weather_risk_dag.py
[2026-09-20T15:43:02.276+0000] {processor.py:840} INFO - DAG(s) 'weather_risk_pipeline' retrieved from /opt/airflow/dags/weather_risk_dag.py
[2026-09-20T15:43:02.327+0000] {logging_mixin.py:188} INFO - [2026-09-20T15:43:02.326+0000] {dag.py:3089} INFO - Sync 1 DAGs
[2026-09-20T15:43:02.366+0000] {logging_mixin.py:188} INFO - [2026-09-20T15:43:02.366+0000] {dag.py:3947} INFO - Setting next_dagrun for weather_risk_pipeline to 2026-09-20 00:00:00+00:00, run_after=2026-09-21 00:00:00+00:00
[2026-09-20T15:43:02.398+0000] {processor.py:183} INFO - Processing /opt/airflow/dags/weather_risk_dag.py took 0.668 seconds
[2026-09-20T15:43:32.567+0000] {processor.py:161} INFO - Started process (PID=353) to work on /opt/airflow/dags/weather_risk_dag.py
[2026-09-20T15:43:32.568+0000] {processor.py:830} INFO - Processing file /opt/airflow/dags/weather_risk_dag.py for tasks to queue
[2026-09-20T15:43:32.570+0000] {logging_mixin.py:188} INFO - [2026-09-20T15:43:32.570+0000] {dagbag.py:545} INFO - Filling up the DagBag from /opt/airflow/dags/weather_risk_dag.py
[2026-09-20T15:43:33.098+0000] {processor.py:840} INFO - DAG(s) 'weather_risk_pipeline' retrieved from /opt/airflow/dags/weather_risk_dag.py
[2026-09-20T15:43:33.149+0000] {logging_mixin.py:188} INFO - [2026-09-20T15:43:33.148+0000] {dag.py:3089} INFO - Sync 1 DAGs
[2026-09-20T15:43:33.192+0000] {logging_mixin.py:188} INFO - [2026-09-20T15:43:33.191+0000] {dag.py:3947} INFO - Setting next_dagrun for weather_risk_pipeline to 2026-09-20 00:00:00+00:00, run_after=2026-09-21 00:00:00+00:00
[2026-09-20T15:43:33.410+0000] {processor.py:183} INFO - Processing /opt/airflow/dags/weather_risk_dag.py took 0.852 seconds
[2026-09-20T15:44:03.581+0000] {processor.py:161} INFO - Started process (PID=355) to work on /opt/airflow/dags/weather_risk_dag.py
[2026-09-20T15:44:03.585+0000] {processor.py:830} INFO - Processing file /opt/airflow/dags/weather_risk_dag.py for tasks to queue
[2026-09-20T15:44:03.588+0000] {logging_mixin.py:188} INFO - [2026-09-20T15:44:03.587+0000] {dagbag.py:545} INFO - Filling up the DagBag from /opt/airflow/dags/weather_risk_dag.py
[2026-09-20T15:44:04.119+0000] {processor.py:840} INFO - DAG(s) 'weather_risk_pipeline' retrieved from /opt/airflow/dags/weather_risk_dag.py
[2026-09-20T15:44:04.168+0000] {logging_mixin.py:188} INFO - [2026-09-20T15:44:04.167+0000] {dag.py:3089} INFO - Sync 1 DAGs
[2026-09-20T15:44:04.389+0000] {logging_mixin.py:188} INFO - [2026-09-20T15:44:04.389+0000] {dag.py:3947} INFO - Setting next_dagrun for weather_risk_pipeline to 2026-09-20 00:00:00+00:00, run_after=2026-09-21 00:00:00+00:00
[2026-09-20T15:44:04.421+0000] {processor.py:183} INFO - Processing /opt/airflow/dags/weather_risk_dag.py took 0.850 seconds
[2026-09-20T15:44:34.521+0000] {processor.py:161} INFO - Started process (PID=357) to work on /opt/airflow/dags/weather_risk_dag.py
[2026-09-20T15:44:34.525+0000] {processor.py:830} INFO - Processing file /opt/airflow/dags/weather_risk_dag.py for tasks to queue
[2026-09-20T15:44:34.528+0000] {logging_mixin.py:188} INFO - [2026-09-20T15:44:34.527+0000] {dagbag.py:545} INFO - Filling up the DagBag from /opt/airflow/dags/weather_risk_dag.py
[2026-09-20T15:44:35.046+0000] {processor.py:840} INFO - DAG(s) 'weather_risk_pipeline' retrieved from /opt/airflow/dags/weather_risk_dag.py
[2026-09-20T15:44:35.097+0000] {logging_mixin.py:188} INFO - [2026-09-20T15:44:35.096+0000] {dag.py:3089} INFO - Sync 1 DAGs
[2026-09-20T15:44:35.328+0000] {logging_mixin.py:188} INFO - [2026-09-20T15:44:35.328+0000] {dag.py:3947} INFO - Setting next_dagrun for weather_risk_pipeline to 2026-09-20 00:00:00+00:00, run_after=2026-09-21 00:00:00+00:00
[2026-09-20T15:44:35.358+0000] {processor.py:183} INFO - Processing /opt/airflow/dags/weather_risk_dag.py took 0.846 seconds
[2026-09-20T15:45:05.549+0000] {processor.py:161} INFO - Started process (PID=359) to work on /opt/airflow/dags/weather_risk_dag.py
[2026-09-20T15:45:05.552+0000] {processor.py:830} INFO - Processing file /opt/airflow/dags/weather_risk_dag.py for tasks to queue
[2026-09-20T15:45:05.555+0000] {logging_mixin.py:188} INFO - [2026-09-20T15:45:05.554+0000] {dagbag.py:545} INFO - Filling up the DagBag from /opt/airflow/dags/weather_risk_dag.py
[2026-09-20T15:45:06.079+0000] {processor.py:840} INFO - DAG(s) 'weather_risk_pipeline' retrieved from /opt/airflow/dags/weather_risk_dag.py
[2026-09-20T15:45:06.128+0000] {logging_mixin.py:188} INFO - [2026-09-20T15:45:06.127+0000] {dag.py:3089} INFO - Sync 1 DAGs
[2026-09-20T15:45:06.167+0000] {logging_mixin.py:188} INFO - [2026-09-20T15:45:06.167+0000] {dag.py:3947} INFO - Setting next_dagrun for weather_risk_pipeline to 2026-09-20 00:00:00+00:00, run_after=2026-09-21 00:00:00+00:00
[2026-09-20T15:45:06.197+0000] {processor.py:183} INFO - Processing /opt/airflow/dags/weather_risk_dag.py took 0.659 seconds
[2026-09-20T15:45:36.372+0000] {processor.py:161} INFO - Started process (PID=361) to work on /opt/airflow/dags/weather_risk_dag.py
[2026-09-20T15:45:36.375+0000] {processor.py:830} INFO - Processing file /opt/airflow/dags/weather_risk_dag.py for tasks to queue
[2026-09-20T15:45:36.379+0000] {logging_mixin.py:188} INFO - [2026-09-20T15:45:36.378+0000] {dagbag.py:545} INFO - Filling up the DagBag from /opt/airflow/dags/weather_risk_dag.py
[2026-09-20T15:45:36.914+0000] {processor.py:840} INFO - DAG(s) 'weather_risk_pipeline' retrieved from /opt/airflow/dags/weather_risk_dag.py
[2026-09-20T15:45:36.962+0000] {logging_mixin.py:188} INFO - [2026-09-20T15:45:36.961+0000] {dag.py:3089} INFO - Sync 1 DAGs
[2026-09-20T15:45:37.001+0000] {logging_mixin.py:188} INFO - [2026-09-20T15:45:37.001+0000] {dag.py:3947} INFO - Setting next_dagrun for weather_risk_pipeline to 2026-09-20 00:00:00+00:00, run_after=2026-09-21 00:00:00+00:00
[2026-09-20T15:45:37.032+0000] {processor.py:183} INFO - Processing /opt/airflow/dags/weather_risk_dag.py took 0.669 seconds
[2026-09-20T15:46:07.201+0000] {processor.py:161} INFO - Started process (PID=363) to work on /opt/airflow/dags/weather_risk_dag.py
[2026-09-20T15:46:07.204+0000] {processor.py:830} INFO - Processing file /opt/airflow/dags/weather_risk_dag.py for tasks to queue
[2026-09-20T15:46:07.206+0000] {logging_mixin.py:188} INFO - [2026-09-20T15:46:07.206+0000] {dagbag.py:545} INFO - Filling up the DagBag from /opt/airflow/dags/weather_risk_dag.py
[2026-09-20T15:46:07.730+0000] {processor.py:840} INFO - DAG(s) 'weather_risk_pipeline' retrieved from /opt/airflow/dags/weather_risk_dag.py
[2026-09-20T15:46:07.779+0000] {logging_mixin.py:188} INFO - [2026-09-20T15:46:07.779+0000] {dag.py:3089} INFO - Sync 1 DAGs
[2026-09-20T15:46:07.819+0000] {logging_mixin.py:188} INFO - [2026-09-20T15:46:07.818+0000] {dag.py:3947} INFO - Setting next_dagrun for weather_risk_pipeline to 2026-09-20 00:00:00+00:00, run_after=2026-09-21 00:00:00+00:00
[2026-09-20T15:46:07.851+0000] {processor.py:183} INFO - Processing /opt/airflow/dags/weather_risk_dag.py took 0.660 seconds
[2026-09-20T15:46:38.043+0000] {processor.py:161} INFO - Started process (PID=365) to work on /opt/airflow/dags/weather_risk_dag.py
[2026-09-20T15:46:38.046+0000] {processor.py:830} INFO - Processing file /opt/airflow/dags/weather_risk_dag.py for tasks to queue
[2026-09-20T15:46:38.049+0000] {logging_mixin.py:188} INFO - [2026-09-20T15:46:38.048+0000] {dagbag.py:545} INFO - Filling up the DagBag from /opt/airflow/dags/weather_risk_dag.py
[2026-09-20T15:46:38.569+0000] {processor.py:840} INFO - DAG(s) 'weather_risk_pipeline' retrieved from /opt/airflow/dags/weather_risk_dag.py
[2026-09-20T15:46:38.616+0000] {logging_mixin.py:188} INFO - [2026-09-20T15:46:38.616+0000] {dag.py:3089} INFO - Sync 1 DAGs
[2026-09-20T15:46:38.666+0000] {logging_mixin.py:188} INFO - [2026-09-20T15:46:38.665+0000] {dag.py:3947} INFO - Setting next_dagrun for weather_risk_pipeline to 2026-09-20 00:00:00+00:00, run_after=2026-09-21 00:00:00+00:00
[2026-09-20T15:46:38.890+0000] {processor.py:183} INFO - Processing /opt/airflow/dags/weather_risk_dag.py took 0.857 seconds
[2026-09-20T15:47:09.081+0000] {processor.py:161} INFO - Started process (PID=367) to work on /opt/airflow/dags/weather_risk_dag.py
[2026-09-20T15:47:09.083+0000] {processor.py:830} INFO - Processing file /opt/airflow/dags/weather_risk_dag.py for tasks to queue
[2026-09-20T15:47:09.086+0000] {logging_mixin.py:188} INFO - [2026-09-20T15:47:09.086+0000] {dagbag.py:545} INFO - Filling up the DagBag from /opt/airflow/dags/weather_risk_dag.py
[2026-09-20T15:47:09.617+0000] {processor.py:840} INFO - DAG(s) 'weather_risk_pipeline' retrieved from /opt/airflow/dags/weather_risk_dag.py
[2026-09-20T15:47:09.666+0000] {logging_mixin.py:188} INFO - [2026-09-20T15:47:09.665+0000] {dag.py:3089} INFO - Sync 1 DAGs
[2026-09-20T15:47:09.900+0000] {logging_mixin.py:188} INFO - [2026-09-20T15:47:09.899+0000] {dag.py:3947} INFO - Setting next_dagrun for weather_risk_pipeline to 2026-09-20 00:00:00+00:00, run_after=2026-09-21 00:00:00+00:00
[2026-09-20T15:47:09.932+0000] {processor.py:183} INFO - Processing /opt/airflow/dags/weather_risk_dag.py took 0.860 seconds
[2026-09-20T15:47:40.120+0000] {processor.py:161} INFO - Started process (PID=369) to work on /opt/airflow/dags/weather_risk_dag.py
[2026-09-20T15:47:40.123+0000] {processor.py:830} INFO - Processing file /opt/airflow/dags/weather_risk_dag.py for tasks to queue
[2026-09-20T15:47:40.125+0000] {logging_mixin.py:188} INFO - [2026-09-20T15:47:40.125+0000] {dagbag.py:545} INFO - Filling up the DagBag from /opt/airflow/dags/weather_risk_dag.py
[2026-09-20T15:47:40.654+0000] {processor.py:840} INFO - DAG(s) 'weather_risk_pipeline' retrieved from /opt/airflow/dags/weather_risk_dag.py
[2026-09-20T15:47:40.704+0000] {logging_mixin.py:188} INFO - [2026-09-20T15:47:40.704+0000] {dag.py:3089} INFO - Sync 1 DAGs
[2026-09-20T15:47:40.936+0000] {logging_mixin.py:188} INFO - [2026-09-20T15:47:40.935+0000] {dag.py:3947} INFO - Setting next_dagrun for weather_risk_pipeline to 2026-09-20 00:00:00+00:00, run_after=2026-09-21 00:00:00+00:00
[2026-09-20T15:47:40.969+0000] {processor.py:183} INFO - Processing /opt/airflow/dags/weather_risk_dag.py took 0.860 seconds
[2026-09-20T15:48:11.152+0000] {processor.py:161} INFO - Started process (PID=371) to work on /opt/airflow/dags/weather_risk_dag.py
[2026-09-20T15:48:11.156+0000] {processor.py:830} INFO - Processing file /opt/airflow/dags/weather_risk_dag.py for tasks to queue
[2026-09-20T15:48:11.159+0000] {logging_mixin.py:188} INFO - [2026-09-20T15:48:11.158+0000] {dagbag.py:545} INFO - Filling up the DagBag from /opt/airflow/dags/weather_risk_dag.py
[2026-09-20T15:48:11.681+0000] {processor.py:840} INFO - DAG(s) 'weather_risk_pipeline' retrieved from /opt/airflow/dags/weather_risk_dag.py
[2026-09-20T15:48:11.731+0000] {logging_mixin.py:188} INFO - [2026-09-20T15:48:11.730+0000] {dag.py:3089} INFO - Sync 1 DAGs
[2026-09-20T15:48:11.771+0000] {logging_mixin.py:188} INFO - [2026-09-20T15:48:11.771+0000] {dag.py:3947} INFO - Setting next_dagrun for weather_risk_pipeline to 2026-09-20 00:00:00+00:00, run_after=2026-09-21 00:00:00+00:00
[2026-09-20T15:48:11.800+0000] {processor.py:183} INFO - Processing /opt/airflow/dags/weather_risk_dag.py took 0.658 seconds
[2026-09-20T15:48:41.928+0000] {processor.py:161} INFO - Started process (PID=373) to work on /opt/airflow/dags/weather_risk_dag.py
[2026-09-20T15:48:41.931+0000] {processor.py:830} INFO - Processing file /opt/airflow/dags/weather_risk_dag.py for tasks to queue
[2026-09-20T15:48:41.934+0000] {logging_mixin.py:188} INFO - [2026-09-20T15:48:41.933+0000] {dagbag.py:545} INFO - Filling up the DagBag from /opt/airflow/dags/weather_risk_dag.py
[2026-09-20T15:48:42.464+0000] {processor.py:840} INFO - DAG(s) 'weather_risk_pipeline' retrieved from /opt/airflow/dags/weather_risk_dag.py
[2026-09-20T15:48:42.513+0000] {logging_mixin.py:188} INFO - [2026-09-20T15:48:42.512+0000] {dag.py:3089} INFO - Sync 1 DAGs
[2026-09-20T15:48:42.553+0000] {logging_mixin.py:188} INFO - [2026-09-20T15:48:42.552+0000] {dag.py:3947} INFO - Setting next_dagrun for weather_risk_pipeline to 2026-09-20 00:00:00+00:00, run_after=2026-09-21 00:00:00+00:00
[2026-09-20T15:48:42.586+0000] {processor.py:183} INFO - Processing /opt/airflow/dags/weather_risk_dag.py took 0.667 seconds
[2026-09-20T15:49:12.770+0000] {processor.py:161} INFO - Started process (PID=375) to work on /opt/airflow/dags/weather_risk_dag.py
[2026-09-20T15:49:12.771+0000] {processor.py:830} INFO - Processing file /opt/airflow/dags/weather_risk_dag.py for tasks to queue
[2026-09-20T15:49:12.774+0000] {logging_mixin.py:188} INFO - [2026-09-20T15:49:12.773+0000] {dagbag.py:545} INFO - Filling up the DagBag from /opt/airflow/dags/weather_risk_dag.py
[2026-09-20T15:49:13.290+0000] {processor.py:840} INFO - DAG(s) 'weather_risk_pipeline' retrieved from /opt/airflow/dags/weather_risk_dag.py
[2026-09-20T15:49:13.338+0000] {logging_mixin.py:188} INFO - [2026-09-20T15:49:13.337+0000] {dag.py:3089} INFO - Sync 1 DAGs
[2026-09-20T15:49:13.377+0000] {logging_mixin.py:188} INFO - [2026-09-20T15:49:13.377+0000] {dag.py:3947} INFO - Setting next_dagrun for weather_risk_pipeline to 2026-09-20 00:00:00+00:00, run_after=2026-09-21 00:00:00+00:00
[2026-09-20T15:49:13.600+0000] {processor.py:183} INFO - Processing /opt/airflow/dags/weather_risk_dag.py took 0.840 seconds
[2026-09-20T15:49:43.788+0000] {processor.py:161} INFO - Started process (PID=377) to work on /opt/airflow/dags/weather_risk_dag.py
[2026-09-20T15:49:43.790+0000] {processor.py:830} INFO - Processing file /opt/airflow/dags/weather_risk_dag.py for tasks to queue
[2026-09-20T15:49:43.793+0000] {logging_mixin.py:188} INFO - [2026-09-20T15:49:43.792+0000] {dagbag.py:545} INFO - Filling up the DagBag from /opt/airflow/dags/weather_risk_dag.py
[2026-09-20T15:49:44.324+0000] {processor.py:840} INFO - DAG(s) 'weather_risk_pipeline' retrieved from /opt/airflow/dags/weather_risk_dag.py
[2026-09-20T15:49:44.372+0000] {logging_mixin.py:188} INFO - [2026-09-20T15:49:44.372+0000] {dag.py:3089} INFO - Sync 1 DAGs
[2026-09-20T15:49:44.608+0000] {logging_mixin.py:188} INFO - [2026-09-20T15:49:44.608+0000] {dag.py:3947} INFO - Setting next_dagrun for weather_risk_pipeline to 2026-09-20 00:00:00+00:00, run_after=2026-09-21 00:00:00+00:00
[2026-09-20T15:49:44.641+0000] {processor.py:183} INFO - Processing /opt/airflow/dags/weather_risk_dag.py took 0.861 seconds
[2026-09-20T15:50:14.827+0000] {processor.py:161} INFO - Started process (PID=379) to work on /opt/airflow/dags/weather_risk_dag.py
[2026-09-20T15:50:14.831+0000] {processor.py:830} INFO - Processing file /opt/airflow/dags/weather_risk_dag.py for tasks to queue
[2026-09-20T15:50:14.833+0000] {logging_mixin.py:188} INFO - [2026-09-20T15:50:14.833+0000] {dagbag.py:545} INFO - Filling up the DagBag from /opt/airflow/dags/weather_risk_dag.py
[2026-09-20T15:50:15.345+0000] {processor.py:840} INFO - DAG(s) 'weather_risk_pipeline' retrieved from /opt/airflow/dags/weather_risk_dag.py
[2026-09-20T15:50:15.394+0000] {logging_mixin.py:188} INFO - [2026-09-20T15:50:15.393+0000] {dag.py:3089} INFO - Sync 1 DAGs
[2026-09-20T15:50:15.611+0000] {logging_mixin.py:188} INFO - [2026-09-20T15:50:15.611+0000] {dag.py:3947} INFO - Setting next_dagrun for weather_risk_pipeline to 2026-09-20 00:00:00+00:00, run_after=2026-09-21 00:00:00+00:00
[2026-09-20T15:50:15.641+0000] {processor.py:183} INFO - Processing /opt/airflow/dags/weather_risk_dag.py took 0.823 seconds
[2026-09-20T15:50:45.823+0000] {processor.py:161} INFO - Started process (PID=381) to work on /opt/airflow/dags/weather_risk_dag.py
[2026-09-20T15:50:45.826+0000] {processor.py:830} INFO - Processing file /opt/airflow/dags/weather_risk_dag.py for tasks to queue
[2026-09-20T15:50:45.828+0000] {logging_mixin.py:188} INFO - [2026-09-20T15:50:45.828+0000] {dagbag.py:545} INFO - Filling up the DagBag from /opt/airflow/dags/weather_risk_dag.py
[2026-09-20T15:50:46.351+0000] {processor.py:840} INFO - DAG(s) 'weather_risk_pipeline' retrieved from /opt/airflow/dags/weather_risk_dag.py
[2026-09-20T15:50:46.586+0000] {logging_mixin.py:188} INFO - [2026-09-20T15:50:46.586+0000] {dag.py:3089} INFO - Sync 1 DAGs
[2026-09-20T15:50:46.628+0000] {logging_mixin.py:188} INFO - [2026-09-20T15:50:46.628+0000] {dag.py:3947} INFO - Setting next_dagrun for weather_risk_pipeline to 2026-09-20 00:00:00+00:00, run_after=2026-09-21 00:00:00+00:00
[2026-09-20T15:50:46.659+0000] {processor.py:183} INFO - Processing /opt/airflow/dags/weather_risk_dag.py took 0.846 seconds
[2026-09-20T15:51:16.835+0000] {processor.py:161} INFO - Started process (PID=383) to work on /opt/airflow/dags/weather_risk_dag.py
[2026-09-20T15:51:16.836+0000] {processor.py:830} INFO - Processing file /opt/airflow/dags/weather_risk_dag.py for tasks to queue
[2026-09-20T15:51:16.839+0000] {logging_mixin.py:188} INFO - [2026-09-20T15:51:16.838+0000] {dagbag.py:545} INFO - Filling up the DagBag from /opt/airflow/dags/weather_risk_dag.py
[2026-09-20T15:51:17.359+0000] {processor.py:840} INFO - DAG(s) 'weather_risk_pipeline' retrieved from /opt/airflow/dags/weather_risk_dag.py
[2026-09-20T15:51:17.409+0000] {logging_mixin.py:188} INFO - [2026-09-20T15:51:17.408+0000] {dag.py:3089} INFO - Sync 1 DAGs
[2026-09-20T15:51:17.450+0000] {logging_mixin.py:188} INFO - [2026-09-20T15:51:17.450+0000] {dag.py:3947} INFO - Setting next_dagrun for weather_risk_pipeline to 2026-09-20 00:00:00+00:00, run_after=2026-09-21 00:00:00+00:00
[2026-09-20T15:51:17.482+0000] {processor.py:183} INFO - Processing /opt/airflow/dags/weather_risk_dag.py took 0.657 seconds
[2026-09-20T15:51:47.665+0000] {processor.py:161} INFO - Started process (PID=385) to work on /opt/airflow/dags/weather_risk_dag.py
[2026-09-20T15:51:47.668+0000] {processor.py:830} INFO - Processing file /opt/airflow/dags/weather_risk_dag.py for tasks to queue
[2026-09-20T15:51:47.670+0000] {logging_mixin.py:188} INFO - [2026-09-20T15:51:47.670+0000] {dagbag.py:545} INFO - Filling up the DagBag from /opt/airflow/dags/weather_risk_dag.py
[2026-09-20T15:51:48.191+0000] {processor.py:840} INFO - DAG(s) 'weather_risk_pipeline' retrieved from /opt/airflow/dags/weather_risk_dag.py
[2026-09-20T15:51:48.240+0000] {logging_mixin.py:188} INFO - [2026-09-20T15:51:48.239+0000] {dag.py:3089} INFO - Sync 1 DAGs
[2026-09-20T15:51:48.278+0000] {logging_mixin.py:188} INFO - [2026-09-20T15:51:48.278+0000] {dag.py:3947} INFO - Setting next_dagrun for weather_risk_pipeline to 2026-09-20 00:00:00+00:00, run_after=2026-09-21 00:00:00+00:00
[2026-09-20T15:51:48.312+0000] {processor.py:183} INFO - Processing /opt/airflow/dags/weather_risk_dag.py took 0.657 seconds
[2026-09-20T15:52:18.487+0000] {processor.py:161} INFO - Started process (PID=387) to work on /opt/airflow/dags/weather_risk_dag.py
[2026-09-20T15:52:18.488+0000] {processor.py:830} INFO - Processing file /opt/airflow/dags/weather_risk_dag.py for tasks to queue
[2026-09-20T15:52:18.491+0000] {logging_mixin.py:188} INFO - [2026-09-20T15:52:18.490+0000] {dagbag.py:545} INFO - Filling up the DagBag from /opt/airflow/dags/weather_risk_dag.py
[2026-09-20T15:52:19.006+0000] {processor.py:840} INFO - DAG(s) 'weather_risk_pipeline' retrieved from /opt/airflow/dags/weather_risk_dag.py
[2026-09-20T15:52:19.058+0000] {logging_mixin.py:188} INFO - [2026-09-20T15:52:19.057+0000] {dag.py:3089} INFO - Sync 1 DAGs
[2026-09-20T15:52:19.098+0000] {logging_mixin.py:188} INFO - [2026-09-20T15:52:19.097+0000] {dag.py:3947} INFO - Setting next_dagrun for weather_risk_pipeline to 2026-09-20 00:00:00+00:00, run_after=2026-09-21 00:00:00+00:00
[2026-09-20T15:52:19.310+0000] {processor.py:183} INFO - Processing /opt/airflow/dags/weather_risk_dag.py took 0.833 seconds
[2026-09-20T15:52:49.491+0000] {processor.py:161} INFO - Started process (PID=389) to work on /opt/airflow/dags/weather_risk_dag.py
[2026-09-20T15:52:49.494+0000] {processor.py:830} INFO - Processing file /opt/airflow/dags/weather_risk_dag.py for tasks to queue
[2026-09-20T15:52:49.497+0000] {logging_mixin.py:188} INFO - [2026-09-20T15:52:49.496+0000] {dagbag.py:545} INFO - Filling up the DagBag from /opt/airflow/dags/weather_risk_dag.py
[2026-09-20T15:52:50.024+0000] {processor.py:840} INFO - DAG(s) 'weather_risk_pipeline' retrieved from /opt/airflow/dags/weather_risk_dag.py
[2026-09-20T15:52:50.074+0000] {logging_mixin.py:188} INFO - [2026-09-20T15:52:50.074+0000] {dag.py:3089} INFO - Sync 1 DAGs
[2026-09-20T15:52:50.300+0000] {logging_mixin.py:188} INFO - [2026-09-20T15:52:50.300+0000] {dag.py:3947} INFO - Setting next_dagrun for weather_risk_pipeline to 2026-09-20 00:00:00+00:00, run_after=2026-09-21 00:00:00+00:00
[2026-09-20T15:52:50.334+0000] {processor.py:183} INFO - Processing /opt/airflow/dags/weather_risk_dag.py took 0.853 seconds
[2026-09-20T15:53:20.444+0000] {processor.py:161} INFO - Started process (PID=391) to work on /opt/airflow/dags/weather_risk_dag.py
[2026-09-20T15:53:20.447+0000] {processor.py:830} INFO - Processing file /opt/airflow/dags/weather_risk_dag.py for tasks to queue
[2026-09-20T15:53:20.449+0000] {logging_mixin.py:188} INFO - [2026-09-20T15:53:20.449+0000] {dagbag.py:545} INFO - Filling up the DagBag from /opt/airflow/dags/weather_risk_dag.py
[2026-09-20T15:53:20.973+0000] {processor.py:840} INFO - DAG(s) 'weather_risk_pipeline' retrieved from /opt/airflow/dags/weather_risk_dag.py
[2026-09-20T15:53:21.024+0000] {logging_mixin.py:188} INFO - [2026-09-20T15:53:21.023+0000] {dag.py:3089} INFO - Sync 1 DAGs
[2026-09-20T15:53:21.250+0000] {logging_mixin.py:188} INFO - [2026-09-20T15:53:21.250+0000] {dag.py:3947} INFO - Setting next_dagrun for weather_risk_pipeline to 2026-09-20 00:00:00+00:00, run_after=2026-09-21 00:00:00+00:00
[2026-09-20T15:53:21.280+0000] {processor.py:183} INFO - Processing /opt/airflow/dags/weather_risk_dag.py took 0.846 seconds
[2026-09-20T15:53:51.464+0000] {processor.py:161} INFO - Started process (PID=393) to work on /opt/airflow/dags/weather_risk_dag.py
[2026-09-20T15:53:51.465+0000] {processor.py:830} INFO - Processing file /opt/airflow/dags/weather_risk_dag.py for tasks to queue
[2026-09-20T15:53:51.468+0000] {logging_mixin.py:188} INFO - [2026-09-20T15:53:51.468+0000] {dagbag.py:545} INFO - Filling up the DagBag from /opt/airflow/dags/weather_risk_dag.py
[2026-09-20T15:53:51.984+0000] {processor.py:840} INFO - DAG(s) 'weather_risk_pipeline' retrieved from /opt/airflow/dags/weather_risk_dag.py
[2026-09-20T15:53:52.220+0000] {logging_mixin.py:188} INFO - [2026-09-20T15:53:52.219+0000] {dag.py:3089} INFO - Sync 1 DAGs
[2026-09-20T15:53:52.261+0000] {logging_mixin.py:188} INFO - [2026-09-20T15:53:52.261+0000] {dag.py:3947} INFO - Setting next_dagrun for weather_risk_pipeline to 2026-09-20 00:00:00+00:00, run_after=2026-09-21 00:00:00+00:00
[2026-09-20T15:53:52.292+0000] {processor.py:183} INFO - Processing /opt/airflow/dags/weather_risk_dag.py took 0.838 seconds
[2026-09-20T15:54:22.480+0000] {processor.py:161} INFO - Started process (PID=395) to work on /opt/airflow/dags/weather_risk_dag.py
[2026-09-20T15:54:22.483+0000] {processor.py:830} INFO - Processing file /opt/airflow/dags/weather_risk_dag.py for tasks to queue
[2026-09-20T15:54:22.486+0000] {logging_mixin.py:188} INFO - [2026-09-20T15:54:22.486+0000] {dagbag.py:545} INFO - Filling up the DagBag from /opt/airflow/dags/weather_risk_dag.py
[2026-09-20T15:54:23.004+0000] {processor.py:840} INFO - DAG(s) 'weather_risk_pipeline' retrieved from /opt/airflow/dags/weather_risk_dag.py
[2026-09-20T15:54:23.054+0000] {logging_mixin.py:188} INFO - [2026-09-20T15:54:23.053+0000] {dag.py:3089} INFO - Sync 1 DAGs
[2026-09-20T15:54:23.095+0000] {logging_mixin.py:188} INFO - [2026-09-20T15:54:23.094+0000] {dag.py:3947} INFO - Setting next_dagrun for weather_risk_pipeline to 2026-09-20 00:00:00+00:00, run_after=2026-09-21 00:00:00+00:00
[2026-09-20T15:54:23.124+0000] {processor.py:183} INFO - Processing /opt/airflow/dags/weather_risk_dag.py took 0.654 seconds
[2026-09-20T15:54:53.305+0000] {processor.py:161} INFO - Started process (PID=397) to work on /opt/airflow/dags/weather_risk_dag.py
[2026-09-20T15:54:53.307+0000] {processor.py:830} INFO - Processing file /opt/airflow/dags/weather_risk_dag.py for tasks to queue
[2026-09-20T15:54:53.310+0000] {logging_mixin.py:188} INFO - [2026-09-20T15:54:53.309+0000] {dagbag.py:545} INFO - Filling up the DagBag from /opt/airflow/dags/weather_risk_dag.py
[2026-09-20T15:54:53.830+0000] {processor.py:840} INFO - DAG(s) 'weather_risk_pipeline' retrieved from /opt/airflow/dags/weather_risk_dag.py
[2026-09-20T15:54:53.880+0000] {logging_mixin.py:188} INFO - [2026-09-20T15:54:53.879+0000] {dag.py:3089} INFO - Sync 1 DAGs
[2026-09-20T15:54:53.922+0000] {logging_mixin.py:188} INFO - [2026-09-20T15:54:53.921+0000] {dag.py:3947} INFO - Setting next_dagrun for weather_risk_pipeline to 2026-09-20 00:00:00+00:00, run_after=2026-09-21 00:00:00+00:00
[2026-09-20T15:54:53.952+0000] {processor.py:183} INFO - Processing /opt/airflow/dags/weather_risk_dag.py took 0.658 seconds
[2026-09-20T15:55:24.080+0000] {processor.py:161} INFO - Started process (PID=399) to work on /opt/airflow/dags/weather_risk_dag.py
[2026-09-20T15:55:24.082+0000] {processor.py:830} INFO - Processing file /opt/airflow/dags/weather_risk_dag.py for tasks to queue
[2026-09-20T15:55:24.085+0000] {logging_mixin.py:188} INFO - [2026-09-20T15:55:24.084+0000] {dagbag.py:545} INFO - Filling up the DagBag from /opt/airflow/dags/weather_risk_dag.py
[2026-09-20T15:55:24.643+0000] {processor.py:840} INFO - DAG(s) 'weather_risk_pipeline' retrieved from /opt/airflow/dags/weather_risk_dag.py
[2026-09-20T15:55:24.691+0000] {logging_mixin.py:188} INFO - [2026-09-20T15:55:24.690+0000] {dag.py:3089} INFO - Sync 1 DAGs
[2026-09-20T15:55:24.732+0000] {logging_mixin.py:188} INFO - [2026-09-20T15:55:24.731+0000] {dag.py:3947} INFO - Setting next_dagrun for weather_risk_pipeline to 2026-09-20 00:00:00+00:00, run_after=2026-09-21 00:00:00+00:00
[2026-09-20T15:55:24.961+0000] {processor.py:183} INFO - Processing /opt/airflow/dags/weather_risk_dag.py took 0.890 seconds
[2026-09-20T15:55:55.151+0000] {processor.py:161} INFO - Started process (PID=401) to work on /opt/airflow/dags/weather_risk_dag.py
[2026-09-20T15:55:55.154+0000] {processor.py:830} INFO - Processing file /opt/airflow/dags/weather_risk_dag.py for tasks to queue
[2026-09-20T15:55:55.157+0000] {logging_mixin.py:188} INFO - [2026-09-20T15:55:55.156+0000] {dagbag.py:545} INFO - Filling up the DagBag from /opt/airflow/dags/weather_risk_dag.py
[2026-09-20T15:55:55.674+0000] {processor.py:840} INFO - DAG(s) 'weather_risk_pipeline' retrieved from /opt/airflow/dags/weather_risk_dag.py
[2026-09-20T15:55:55.722+0000] {logging_mixin.py:188} INFO - [2026-09-20T15:55:55.721+0000] {dag.py:3089} INFO - Sync 1 DAGs
[2026-09-20T15:55:55.948+0000] {logging_mixin.py:188} INFO - [2026-09-20T15:55:55.947+0000] {dag.py:3947} INFO - Setting next_dagrun for weather_risk_pipeline to 2026-09-20 00:00:00+00:00, run_after=2026-09-21 00:00:00+00:00
[2026-09-20T15:55:55.980+0000] {processor.py:183} INFO - Processing /opt/airflow/dags/weather_risk_dag.py took 0.839 seconds
[2026-09-20T15:56:26.174+0000] {processor.py:161} INFO - Started process (PID=403) to work on /opt/airflow/dags/weather_risk_dag.py
[2026-09-20T15:56:26.177+0000] {processor.py:830} INFO - Processing file /opt/airflow/dags/weather_risk_dag.py for tasks to queue
[2026-09-20T15:56:26.180+0000] {logging_mixin.py:188} INFO - [2026-09-20T15:56:26.179+0000] {dagbag.py:545} INFO - Filling up the DagBag from /opt/airflow/dags/weather_risk_dag.py
[2026-09-20T15:56:26.704+0000] {processor.py:840} INFO - DAG(s) 'weather_risk_pipeline' retrieved from /opt/airflow/dags/weather_risk_dag.py
[2026-09-20T15:56:26.752+0000] {logging_mixin.py:188} INFO - [2026-09-20T15:56:26.751+0000] {dag.py:3089} INFO - Sync 1 DAGs
[2026-09-20T15:56:26.967+0000] {logging_mixin.py:188} INFO - [2026-09-20T15:56:26.967+0000] {dag.py:3947} INFO - Setting next_dagrun for weather_risk_pipeline to 2026-09-20 00:00:00+00:00, run_after=2026-09-21 00:00:00+00:00
[2026-09-20T15:56:26.995+0000] {processor.py:183} INFO - Processing /opt/airflow/dags/weather_risk_dag.py took 0.832 seconds
[2026-09-20T15:56:57.187+0000] {processor.py:161} INFO - Started process (PID=405) to work on /opt/airflow/dags/weather_risk_dag.py
[2026-09-20T15:56:57.190+0000] {processor.py:830} INFO - Processing file /opt/airflow/dags/weather_risk_dag.py for tasks to queue
[2026-09-20T15:56:57.192+0000] {logging_mixin.py:188} INFO - [2026-09-20T15:56:57.192+0000] {dagbag.py:545} INFO - Filling up the DagBag from /opt/airflow/dags/weather_risk_dag.py
[2026-09-20T15:56:57.713+0000] {processor.py:840} INFO - DAG(s) 'weather_risk_pipeline' retrieved from /opt/airflow/dags/weather_risk_dag.py
[2026-09-20T15:56:57.957+0000] {logging_mixin.py:188} INFO - [2026-09-20T15:56:57.956+0000] {dag.py:3089} INFO - Sync 1 DAGs
[2026-09-20T15:56:58.004+0000] {logging_mixin.py:188} INFO - [2026-09-20T15:56:58.003+0000] {dag.py:3947} INFO - Setting next_dagrun for weather_risk_pipeline to 2026-09-20 00:00:00+00:00, run_after=2026-09-21 00:00:00+00:00
[2026-09-20T15:56:58.041+0000] {processor.py:183} INFO - Processing /opt/airflow/dags/weather_risk_dag.py took 0.865 seconds
[2026-09-20T15:57:28.234+0000] {processor.py:161} INFO - Started process (PID=407) to work on /opt/airflow/dags/weather_risk_dag.py
[2026-09-20T15:57:28.236+0000] {processor.py:830} INFO - Processing file /opt/airflow/dags/weather_risk_dag.py for tasks to queue
[2026-09-20T15:57:28.239+0000] {logging_mixin.py:188} INFO - [2026-09-20T15:57:28.238+0000] {dagbag.py:545} INFO - Filling up the DagBag from /opt/airflow/dags/weather_risk_dag.py
[2026-09-20T15:57:29.027+0000] {processor.py:840} INFO - DAG(s) 'weather_risk_pipeline' retrieved from /opt/airflow/dags/weather_risk_dag.py
[2026-09-20T15:57:29.095+0000] {logging_mixin.py:188} INFO - [2026-09-20T15:57:29.094+0000] {dag.py:3089} INFO - Sync 1 DAGs
[2026-09-20T15:57:29.144+0000] {logging_mixin.py:188} INFO - [2026-09-20T15:57:29.144+0000] {dag.py:3947} INFO - Setting next_dagrun for weather_risk_pipeline to 2026-09-20 00:00:00+00:00, run_after=2026-09-21 00:00:00+00:00
[2026-09-20T15:57:29.181+0000] {processor.py:183} INFO - Processing /opt/airflow/dags/weather_risk_dag.py took 0.957 seconds
[2026-09-20T15:57:59.408+0000] {processor.py:161} INFO - Started process (PID=409) to work on /opt/airflow/dags/weather_risk_dag.py
[2026-09-20T15:57:59.410+0000] {processor.py:830} INFO - Processing file /opt/airflow/dags/weather_risk_dag.py for tasks to queue
[2026-09-20T15:57:59.414+0000] {logging_mixin.py:188} INFO - [2026-09-20T15:57:59.413+0000] {dagbag.py:545} INFO - Filling up the DagBag from /opt/airflow/dags/weather_risk_dag.py
[2026-09-20T15:58:00.319+0000] {processor.py:840} INFO - DAG(s) 'weather_risk_pipeline' retrieved from /opt/airflow/dags/weather_risk_dag.py
[2026-09-20T15:58:00.406+0000] {logging_mixin.py:188} INFO - [2026-09-20T15:58:00.405+0000] {dag.py:3089} INFO - Sync 1 DAGs
[2026-09-20T15:58:00.481+0000] {logging_mixin.py:188} INFO - [2026-09-20T15:58:00.480+0000] {dag.py:3947} INFO - Setting next_dagrun for weather_risk_pipeline to 2026-09-20 00:00:00+00:00, run_after=2026-09-21 00:00:00+00:00
[2026-09-20T15:58:00.543+0000] {processor.py:183} INFO - Processing /opt/airflow/dags/weather_risk_dag.py took 1.150 seconds
[2026-09-20T15:58:30.738+0000] {processor.py:161} INFO - Started process (PID=411) to work on /opt/airflow/dags/weather_risk_dag.py
[2026-09-20T15:58:30.739+0000] {processor.py:830} INFO - Processing file /opt/airflow/dags/weather_risk_dag.py for tasks to queue
[2026-09-20T15:58:30.741+0000] {logging_mixin.py:188} INFO - [2026-09-20T15:58:30.741+0000] {dagbag.py:545} INFO - Filling up the DagBag from /opt/airflow/dags/weather_risk_dag.py
[2026-09-20T15:58:31.481+0000] {processor.py:840} INFO - DAG(s) 'weather_risk_pipeline' retrieved from /opt/airflow/dags/weather_risk_dag.py
[2026-09-20T15:58:31.544+0000] {logging_mixin.py:188} INFO - [2026-09-20T15:58:31.543+0000] {dag.py:3089} INFO - Sync 1 DAGs
[2026-09-20T15:58:31.592+0000] {logging_mixin.py:188} INFO - [2026-09-20T15:58:31.591+0000] {dag.py:3947} INFO - Setting next_dagrun for weather_risk_pipeline to 2026-09-20 00:00:00+00:00, run_after=2026-09-21 00:00:00+00:00
[2026-09-20T15:58:31.819+0000] {processor.py:183} INFO - Processing /opt/airflow/dags/weather_risk_dag.py took 1.092 seconds
[2026-09-20T15:59:01.891+0000] {processor.py:161} INFO - Started process (PID=413) to work on /opt/airflow/dags/weather_risk_dag.py
[2026-09-20T15:59:01.894+0000] {processor.py:830} INFO - Processing file /opt/airflow/dags/weather_risk_dag.py for tasks to queue
[2026-09-20T15:59:01.897+0000] {logging_mixin.py:188} INFO - [2026-09-20T15:59:01.896+0000] {dagbag.py:545} INFO - Filling up the DagBag from /opt/airflow/dags/weather_risk_dag.py
[2026-09-20T15:59:02.569+0000] {processor.py:840} INFO - DAG(s) 'weather_risk_pipeline' retrieved from /opt/airflow/dags/weather_risk_dag.py
[2026-09-20T15:59:02.625+0000] {logging_mixin.py:188} INFO - [2026-09-20T15:59:02.625+0000] {dag.py:3089} INFO - Sync 1 DAGs
[2026-09-20T15:59:02.936+0000] {logging_mixin.py:188} INFO - [2026-09-20T15:59:02.935+0000] {dag.py:3947} INFO - Setting next_dagrun for weather_risk_pipeline to 2026-09-20 00:00:00+00:00, run_after=2026-09-21 00:00:00+00:00
[2026-09-20T15:59:02.992+0000] {processor.py:183} INFO - Processing /opt/airflow/dags/weather_risk_dag.py took 1.112 seconds
[2026-09-20T15:59:33.165+0000] {processor.py:161} INFO - Started process (PID=415) to work on /opt/airflow/dags/weather_risk_dag.py
[2026-09-20T15:59:33.167+0000] {processor.py:830} INFO - Processing file /opt/airflow/dags/weather_risk_dag.py for tasks to queue
[2026-09-20T15:59:33.171+0000] {logging_mixin.py:188} INFO - [2026-09-20T15:59:33.170+0000] {dagbag.py:545} INFO - Filling up the DagBag from /opt/airflow/dags/weather_risk_dag.py
[2026-09-20T16:00:12.872+0000] {processor.py:161} INFO - Started process (PID=190) to work on /opt/airflow/dags/weather_risk_dag.py
[2026-09-20T16:00:12.875+0000] {processor.py:830} INFO - Processing file /opt/airflow/dags/weather_risk_dag.py for tasks to queue
[2026-09-20T16:00:12.878+0000] {logging_mixin.py:188} INFO - [2026-09-20T16:00:12.878+0000] {dagbag.py:545} INFO - Filling up the DagBag from /opt/airflow/dags/weather_risk_dag.py
[2026-09-20T16:00:13.593+0000] {processor.py:840} INFO - DAG(s) 'weather_risk_pipeline' retrieved from /opt/airflow/dags/weather_risk_dag.py
[2026-09-20T16:00:13.649+0000] {logging_mixin.py:188} INFO - [2026-09-20T16:00:13.649+0000] {dag.py:3089} INFO - Sync 1 DAGs
[2026-09-20T16:00:13.699+0000] {logging_mixin.py:188} INFO - [2026-09-20T16:00:13.698+0000] {dag.py:3947} INFO - Setting next_dagrun for weather_risk_pipeline to 2026-09-20 00:00:00+00:00, run_after=2026-09-21 00:00:00+00:00
[2026-09-20T16:00:13.741+0000] {processor.py:183} INFO - Processing /opt/airflow/dags/weather_risk_dag.py took 0.881 seconds
[2026-09-20T16:00:43.947+0000] {processor.py:161} INFO - Started process (PID=207) to work on /opt/airflow/dags/weather_risk_dag.py
[2026-09-20T16:00:43.948+0000] {processor.py:830} INFO - Processing file /opt/airflow/dags/weather_risk_dag.py for tasks to queue
[2026-09-20T16:00:43.951+0000] {logging_mixin.py:188} INFO - [2026-09-20T16:00:43.950+0000] {dagbag.py:545} INFO - Filling up the DagBag from /opt/airflow/dags/weather_risk_dag.py
[2026-09-20T16:00:44.846+0000] {processor.py:840} INFO - DAG(s) 'weather_risk_pipeline' retrieved from /opt/airflow/dags/weather_risk_dag.py
[2026-09-20T16:00:45.368+0000] {logging_mixin.py:188} INFO - [2026-09-20T16:00:45.368+0000] {dag.py:3089} INFO - Sync 1 DAGs
[2026-09-20T16:00:45.411+0000] {logging_mixin.py:188} INFO - [2026-09-20T16:00:45.411+0000] {dag.py:3947} INFO - Setting next_dagrun for weather_risk_pipeline to 2026-09-20 00:00:00+00:00, run_after=2026-09-21 00:00:00+00:00
[2026-09-20T16:00:45.447+0000] {processor.py:183} INFO - Processing /opt/airflow/dags/weather_risk_dag.py took 1.511 seconds
[2026-09-20T16:01:15.648+0000] {processor.py:161} INFO - Started process (PID=228) to work on /opt/airflow/dags/weather_risk_dag.py
[2026-09-20T16:01:15.650+0000] {processor.py:830} INFO - Processing file /opt/airflow/dags/weather_risk_dag.py for tasks to queue
[2026-09-20T16:01:15.653+0000] {logging_mixin.py:188} INFO - [2026-09-20T16:01:15.652+0000] {dagbag.py:545} INFO - Filling up the DagBag from /opt/airflow/dags/weather_risk_dag.py
[2026-09-20T16:01:16.543+0000] {processor.py:840} INFO - DAG(s) 'weather_risk_pipeline' retrieved from /opt/airflow/dags/weather_risk_dag.py
[2026-09-20T16:01:16.958+0000] {logging_mixin.py:188} INFO - [2026-09-20T16:01:16.957+0000] {dag.py:3089} INFO - Sync 1 DAGs
[2026-09-20T16:01:16.980+0000] {logging_mixin.py:188} INFO - [2026-09-20T16:01:16.979+0000] {dag.py:3111} INFO - Creating ORM DAG for weather_risk_pipeline
[2026-09-20T16:01:17.002+0000] {logging_mixin.py:188} INFO - [2026-09-20T16:01:17.002+0000] {dag.py:3947} INFO - Setting next_dagrun for weather_risk_pipeline to 2026-09-19 00:00:00+00:00, run_after=2026-09-20 00:00:00+00:00
[2026-09-20T16:01:17.045+0000] {processor.py:183} INFO - Processing /opt/airflow/dags/weather_risk_dag.py took 1.408 seconds
[2026-09-20T16:01:47.231+0000] {processor.py:161} INFO - Started process (PID=240) to work on /opt/airflow/dags/weather_risk_dag.py
[2026-09-20T16:01:47.232+0000] {processor.py:830} INFO - Processing file /opt/airflow/dags/weather_risk_dag.py for tasks to queue
[2026-09-20T16:01:47.235+0000] {logging_mixin.py:188} INFO - [2026-09-20T16:01:47.234+0000] {dagbag.py:545} INFO - Filling up the DagBag from /opt/airflow/dags/weather_risk_dag.py
[2026-09-20T16:01:47.847+0000] {processor.py:840} INFO - DAG(s) 'weather_risk_pipeline' retrieved from /opt/airflow/dags/weather_risk_dag.py
[2026-09-20T16:01:47.899+0000] {logging_mixin.py:188} INFO - [2026-09-20T16:01:47.898+0000] {dag.py:3089} INFO - Sync 1 DAGs
[2026-09-20T16:01:47.941+0000] {logging_mixin.py:188} INFO - [2026-09-20T16:01:47.941+0000] {dag.py:3947} INFO - Setting next_dagrun for weather_risk_pipeline to 2026-09-20 00:00:00+00:00, run_after=2026-09-21 00:00:00+00:00
[2026-09-20T16:01:47.979+0000] {processor.py:183} INFO - Processing /opt/airflow/dags/weather_risk_dag.py took 0.758 seconds
[2026-09-20T16:02:18.170+0000] {processor.py:161} INFO - Started process (PID=246) to work on /opt/airflow/dags/weather_risk_dag.py
[2026-09-20T16:02:18.173+0000] {processor.py:830} INFO - Processing file /opt/airflow/dags/weather_risk_dag.py for tasks to queue
[2026-09-20T16:02:18.177+0000] {logging_mixin.py:188} INFO - [2026-09-20T16:02:18.177+0000] {dagbag.py:545} INFO - Filling up the DagBag from /opt/airflow/dags/weather_risk_dag.py
[2026-09-20T16:02:18.944+0000] {processor.py:840} INFO - DAG(s) 'weather_risk_pipeline' retrieved from /opt/airflow/dags/weather_risk_dag.py
[2026-09-20T16:02:18.997+0000] {logging_mixin.py:188} INFO - [2026-09-20T16:02:18.996+0000] {dag.py:3089} INFO - Sync 1 DAGs
[2026-09-20T16:02:19.042+0000] {logging_mixin.py:188} INFO - [2026-09-20T16:02:19.041+0000] {dag.py:3947} INFO - Setting next_dagrun for weather_risk_pipeline to 2026-09-20 00:00:00+00:00, run_after=2026-09-21 00:00:00+00:00
[2026-09-20T16:02:19.275+0000] {processor.py:183} INFO - Processing /opt/airflow/dags/weather_risk_dag.py took 1.117 seconds
[2026-09-20T16:02:49.476+0000] {processor.py:161} INFO - Started process (PID=252) to work on /opt/airflow/dags/weather_risk_dag.py
[2026-09-20T16:02:49.478+0000] {processor.py:830} INFO - Processing file /opt/airflow/dags/weather_risk_dag.py for tasks to queue
[2026-09-20T16:02:49.482+0000] {logging_mixin.py:188} INFO - [2026-09-20T16:02:49.481+0000] {dagbag.py:545} INFO - Filling up the DagBag from /opt/airflow/dags/weather_risk_dag.py
[2026-09-20T16:02:50.205+0000] {processor.py:840} INFO - DAG(s) 'weather_risk_pipeline' retrieved from /opt/airflow/dags/weather_risk_dag.py
[2026-09-20T16:02:50.274+0000] {logging_mixin.py:188} INFO - [2026-09-20T16:02:50.273+0000] {dag.py:3089} INFO - Sync 1 DAGs
[2026-09-20T16:02:50.551+0000] {logging_mixin.py:188} INFO - [2026-09-20T16:02:50.551+0000] {dag.py:3947} INFO - Setting next_dagrun for weather_risk_pipeline to 2026-09-20 00:00:00+00:00, run_after=2026-09-21 00:00:00+00:00
[2026-09-20T16:02:50.589+0000] {processor.py:183} INFO - Processing /opt/airflow/dags/weather_risk_dag.py took 1.128 seconds
[2026-09-20T16:03:20.776+0000] {processor.py:161} INFO - Started process (PID=258) to work on /opt/airflow/dags/weather_risk_dag.py
[2026-09-20T16:03:20.779+0000] {processor.py:830} INFO - Processing file /opt/airflow/dags/weather_risk_dag.py for tasks to queue
[2026-09-20T16:03:20.782+0000] {logging_mixin.py:188} INFO - [2026-09-20T16:03:20.781+0000] {dagbag.py:545} INFO - Filling up the DagBag from /opt/airflow/dags/weather_risk_dag.py
[2026-09-20T16:03:21.458+0000] {processor.py:840} INFO - DAG(s) 'weather_risk_pipeline' retrieved from /opt/airflow/dags/weather_risk_dag.py
[2026-09-20T16:03:21.528+0000] {logging_mixin.py:188} INFO - [2026-09-20T16:03:21.528+0000] {dag.py:3089} INFO - Sync 1 DAGs
[2026-09-20T16:03:21.583+0000] {logging_mixin.py:188} INFO - [2026-09-20T16:03:21.582+0000] {dag.py:3947} INFO - Setting next_dagrun for weather_risk_pipeline to 2026-09-20 00:00:00+00:00, run_after=2026-09-21 00:00:00+00:00
[2026-09-20T16:03:21.639+0000] {processor.py:183} INFO - Processing /opt/airflow/dags/weather_risk_dag.py took 0.873 seconds
[2026-09-20T16:03:51.787+0000] {processor.py:161} INFO - Started process (PID=264) to work on /opt/airflow/dags/weather_risk_dag.py
[2026-09-20T16:03:51.789+0000] {processor.py:830} INFO - Processing file /opt/airflow/dags/weather_risk_dag.py for tasks to queue
[2026-09-20T16:03:51.793+0000] {logging_mixin.py:188} INFO - [2026-09-20T16:03:51.792+0000] {dagbag.py:545} INFO - Filling up the DagBag from /opt/airflow/dags/weather_risk_dag.py
[2026-09-20T16:03:52.544+0000] {processor.py:840} INFO - DAG(s) 'weather_risk_pipeline' retrieved from /opt/airflow/dags/weather_risk_dag.py
[2026-09-20T16:03:52.607+0000] {logging_mixin.py:188} INFO - [2026-09-20T16:03:52.606+0000] {dag.py:3089} INFO - Sync 1 DAGs
[2026-09-20T16:03:52.657+0000] {logging_mixin.py:188} INFO - [2026-09-20T16:03:52.657+0000] {dag.py:3947} INFO - Setting next_dagrun for weather_risk_pipeline to 2026-09-20 00:00:00+00:00, run_after=2026-09-21 00:00:00+00:00
[2026-09-20T16:03:52.703+0000] {processor.py:183} INFO - Processing /opt/airflow/dags/weather_risk_dag.py took 0.931 seconds
[2026-09-20T16:04:22.910+0000] {processor.py:161} INFO - Started process (PID=270) to work on /opt/airflow/dags/weather_risk_dag.py
[2026-09-20T16:04:22.912+0000] {processor.py:830} INFO - Processing file /opt/airflow/dags/weather_risk_dag.py for tasks to queue
[2026-09-20T16:04:22.916+0000] {logging_mixin.py:188} INFO - [2026-09-20T16:04:22.915+0000] {dagbag.py:545} INFO - Filling up the DagBag from /opt/airflow/dags/weather_risk_dag.py
[2026-09-20T16:04:23.747+0000] {logging_mixin.py:188} INFO - [2026-09-20T16:04:23.742+0000] {dagbag.py:355} ERROR - Failed to import: /opt/airflow/dags/weather_risk_dag.py
Traceback (most recent call last):
  File "/home/airflow/.local/lib/python3.12/site-packages/airflow/models/dagbag.py", line 351, in parse
    loader.exec_module(new_module)
  File "<frozen importlib._bootstrap_external>", line 995, in exec_module
  File "<frozen importlib._bootstrap>", line 488, in _call_with_frames_removed
  File "/opt/airflow/dags/weather_risk_dag.py", line 6, in <module>
    from src.extraction.extract_weather import run_extraction
  File "/opt/project/src/extraction/extract_weather.py", line 10, in <module>
    base = Path(__file__).resolve().parent.parent[2]
           ~~~~~~~~~~~~~~~~~~~~~~~~~~~~~~~~~~~~~~^^^
TypeError: 'PosixPath' object is not subscriptable
[2026-09-20T16:04:23.749+0000] {processor.py:842} WARNING - No viable dags retrieved from /opt/airflow/dags/weather_risk_dag.py
[2026-09-20T16:04:23.819+0000] {processor.py:183} INFO - Processing /opt/airflow/dags/weather_risk_dag.py took 0.922 seconds
[2026-09-20T16:04:54.016+0000] {processor.py:161} INFO - Started process (PID=276) to work on /opt/airflow/dags/weather_risk_dag.py
[2026-09-20T16:04:54.019+0000] {processor.py:830} INFO - Processing file /opt/airflow/dags/weather_risk_dag.py for tasks to queue
[2026-09-20T16:04:54.021+0000] {logging_mixin.py:188} INFO - [2026-09-20T16:04:54.020+0000] {dagbag.py:545} INFO - Filling up the DagBag from /opt/airflow/dags/weather_risk_dag.py
[2026-09-20T16:04:54.646+0000] {logging_mixin.py:188} INFO - [2026-09-20T16:04:54.641+0000] {dagbag.py:355} ERROR - Failed to import: /opt/airflow/dags/weather_risk_dag.py
Traceback (most recent call last):
  File "/home/airflow/.local/lib/python3.12/site-packages/airflow/models/dagbag.py", line 351, in parse
    loader.exec_module(new_module)
  File "<frozen importlib._bootstrap_external>", line 995, in exec_module
  File "<frozen importlib._bootstrap>", line 488, in _call_with_frames_removed
  File "/opt/airflow/dags/weather_risk_dag.py", line 6, in <module>
    from src.extraction.extract_weather import run_extraction
  File "/opt/project/src/extraction/extract_weather.py", line 10, in <module>
    base = Path(__file__).resolve().parent.parent[2]
           ~~~~~~~~~~~~~~~~~~~~~~~~~~~~~~~~~~~~~~^^^
TypeError: 'PosixPath' object is not subscriptable
[2026-09-20T16:04:54.648+0000] {processor.py:842} WARNING - No viable dags retrieved from /opt/airflow/dags/weather_risk_dag.py
[2026-09-20T16:04:54.699+0000] {processor.py:183} INFO - Processing /opt/airflow/dags/weather_risk_dag.py took 0.694 seconds
[2026-09-20T16:05:24.917+0000] {processor.py:161} INFO - Started process (PID=282) to work on /opt/airflow/dags/weather_risk_dag.py
[2026-09-20T16:05:24.920+0000] {processor.py:830} INFO - Processing file /opt/airflow/dags/weather_risk_dag.py for tasks to queue
[2026-09-20T16:05:24.923+0000] {logging_mixin.py:188} INFO - [2026-09-20T16:05:24.923+0000] {dagbag.py:545} INFO - Filling up the DagBag from /opt/airflow/dags/weather_risk_dag.py
[2026-09-20T16:05:25.552+0000] {logging_mixin.py:188} INFO - [2026-09-20T16:05:25.549+0000] {dagbag.py:355} ERROR - Failed to import: /opt/airflow/dags/weather_risk_dag.py
Traceback (most recent call last):
  File "/home/airflow/.local/lib/python3.12/site-packages/airflow/models/dagbag.py", line 351, in parse
    loader.exec_module(new_module)
  File "<frozen importlib._bootstrap_external>", line 995, in exec_module
  File "<frozen importlib._bootstrap>", line 488, in _call_with_frames_removed
  File "/opt/airflow/dags/weather_risk_dag.py", line 6, in <module>
    from src.extraction.extract_weather import run_extraction
  File "/opt/project/src/extraction/extract_weather.py", line 10, in <module>
    base = Path(__file__).resolve().parent.parent[2]
           ~~~~~~~~~~~~~~~~~~~~~~~~~~~~~~~~~~~~~~^^^
TypeError: 'PosixPath' object is not subscriptable
[2026-09-20T16:05:25.553+0000] {processor.py:842} WARNING - No viable dags retrieved from /opt/airflow/dags/weather_risk_dag.py
[2026-09-20T16:05:25.593+0000] {processor.py:183} INFO - Processing /opt/airflow/dags/weather_risk_dag.py took 0.687 seconds
[2026-09-20T16:05:55.779+0000] {processor.py:161} INFO - Started process (PID=288) to work on /opt/airflow/dags/weather_risk_dag.py
[2026-09-20T16:05:55.781+0000] {processor.py:830} INFO - Processing file /opt/airflow/dags/weather_risk_dag.py for tasks to queue
[2026-09-20T16:05:55.785+0000] {logging_mixin.py:188} INFO - [2026-09-20T16:05:55.784+0000] {dagbag.py:545} INFO - Filling up the DagBag from /opt/airflow/dags/weather_risk_dag.py
[2026-09-20T16:05:56.377+0000] {logging_mixin.py:188} INFO - [2026-09-20T16:05:56.374+0000] {dagbag.py:355} ERROR - Failed to import: /opt/airflow/dags/weather_risk_dag.py
Traceback (most recent call last):
  File "/home/airflow/.local/lib/python3.12/site-packages/airflow/models/dagbag.py", line 351, in parse
    loader.exec_module(new_module)
  File "<frozen importlib._bootstrap_external>", line 995, in exec_module
  File "<frozen importlib._bootstrap>", line 488, in _call_with_frames_removed
  File "/opt/airflow/dags/weather_risk_dag.py", line 6, in <module>
    from src.extraction.extract_weather import run_extraction
  File "/opt/project/src/extraction/extract_weather.py", line 10, in <module>
    base = Path(__file__).resolve().parent.parent[2]
           ~~~~~~~~~~~~~~~~~~~~~~~~~~~~~~~~~~~~~~^^^
TypeError: 'PosixPath' object is not subscriptable
[2026-09-20T16:05:56.377+0000] {processor.py:842} WARNING - No viable dags retrieved from /opt/airflow/dags/weather_risk_dag.py
[2026-09-20T16:05:56.419+0000] {processor.py:183} INFO - Processing /opt/airflow/dags/weather_risk_dag.py took 0.650 seconds
[2026-09-20T16:06:26.570+0000] {processor.py:161} INFO - Started process (PID=294) to work on /opt/airflow/dags/weather_risk_dag.py
[2026-09-20T16:06:26.572+0000] {processor.py:830} INFO - Processing file /opt/airflow/dags/weather_risk_dag.py for tasks to queue
[2026-09-20T16:06:26.575+0000] {logging_mixin.py:188} INFO - [2026-09-20T16:06:26.575+0000] {dagbag.py:545} INFO - Filling up the DagBag from /opt/airflow/dags/weather_risk_dag.py
[2026-09-20T16:06:27.195+0000] {processor.py:840} INFO - DAG(s) 'weather_risk_pipeline' retrieved from /opt/airflow/dags/weather_risk_dag.py
[2026-09-20T16:06:27.652+0000] {logging_mixin.py:188} INFO - [2026-09-20T16:06:27.652+0000] {dag.py:3089} INFO - Sync 1 DAGs
[2026-09-20T16:06:27.683+0000] {logging_mixin.py:188} INFO - [2026-09-20T16:06:27.682+0000] {dag.py:3111} INFO - Creating ORM DAG for weather_risk_pipeline
[2026-09-20T16:06:27.710+0000] {logging_mixin.py:188} INFO - [2026-09-20T16:06:27.709+0000] {dag.py:3947} INFO - Setting next_dagrun for weather_risk_pipeline to 2026-09-19 00:00:00+00:00, run_after=2026-09-20 00:00:00+00:00
[2026-09-20T16:06:27.752+0000] {processor.py:183} INFO - Processing /opt/airflow/dags/weather_risk_dag.py took 1.192 seconds
[2026-09-20T16:06:57.941+0000] {processor.py:161} INFO - Started process (PID=306) to work on /opt/airflow/dags/weather_risk_dag.py
[2026-09-20T16:06:57.944+0000] {processor.py:830} INFO - Processing file /opt/airflow/dags/weather_risk_dag.py for tasks to queue
[2026-09-20T16:06:57.947+0000] {logging_mixin.py:188} INFO - [2026-09-20T16:06:57.946+0000] {dagbag.py:545} INFO - Filling up the DagBag from /opt/airflow/dags/weather_risk_dag.py
[2026-09-20T16:06:58.605+0000] {processor.py:840} INFO - DAG(s) 'weather_risk_pipeline' retrieved from /opt/airflow/dags/weather_risk_dag.py
[2026-09-20T16:06:58.664+0000] {logging_mixin.py:188} INFO - [2026-09-20T16:06:58.663+0000] {dag.py:3089} INFO - Sync 1 DAGs
[2026-09-20T16:06:58.711+0000] {logging_mixin.py:188} INFO - [2026-09-20T16:06:58.711+0000] {dag.py:3947} INFO - Setting next_dagrun for weather_risk_pipeline to 2026-09-20 00:00:00+00:00, run_after=2026-09-21 00:00:00+00:00
[2026-09-20T16:06:58.748+0000] {processor.py:183} INFO - Processing /opt/airflow/dags/weather_risk_dag.py took 0.817 seconds
[2026-09-20T16:08:23.998+0000] {processor.py:161} INFO - Started process (PID=190) to work on /opt/airflow/dags/weather_risk_dag.py
[2026-09-20T16:08:24.000+0000] {processor.py:830} INFO - Processing file /opt/airflow/dags/weather_risk_dag.py for tasks to queue
[2026-09-20T16:08:24.002+0000] {logging_mixin.py:188} INFO - [2026-09-20T16:08:24.002+0000] {dagbag.py:545} INFO - Filling up the DagBag from /opt/airflow/dags/weather_risk_dag.py
[2026-09-20T16:08:24.586+0000] {processor.py:840} INFO - DAG(s) 'weather_risk_pipeline' retrieved from /opt/airflow/dags/weather_risk_dag.py
[2026-09-20T16:08:24.635+0000] {logging_mixin.py:188} INFO - [2026-09-20T16:08:24.634+0000] {dag.py:3089} INFO - Sync 1 DAGs
[2026-09-20T16:08:24.687+0000] {logging_mixin.py:188} INFO - [2026-09-20T16:08:24.687+0000] {dag.py:3947} INFO - Setting next_dagrun for weather_risk_pipeline to 2026-09-20 00:00:00+00:00, run_after=2026-09-21 00:00:00+00:00
[2026-09-20T16:08:24.743+0000] {processor.py:183} INFO - Processing /opt/airflow/dags/weather_risk_dag.py took 0.755 seconds
[2026-09-20T16:08:54.919+0000] {processor.py:161} INFO - Started process (PID=207) to work on /opt/airflow/dags/weather_risk_dag.py
[2026-09-20T16:08:54.921+0000] {processor.py:830} INFO - Processing file /opt/airflow/dags/weather_risk_dag.py for tasks to queue
[2026-09-20T16:08:54.924+0000] {logging_mixin.py:188} INFO - [2026-09-20T16:08:54.923+0000] {dagbag.py:545} INFO - Filling up the DagBag from /opt/airflow/dags/weather_risk_dag.py
[2026-09-20T16:08:55.528+0000] {processor.py:840} INFO - DAG(s) 'weather_risk_pipeline' retrieved from /opt/airflow/dags/weather_risk_dag.py
[2026-09-20T16:08:55.938+0000] {logging_mixin.py:188} INFO - [2026-09-20T16:08:55.936+0000] {dag.py:3089} INFO - Sync 1 DAGs
[2026-09-20T16:08:55.997+0000] {logging_mixin.py:188} INFO - [2026-09-20T16:08:55.997+0000] {dag.py:3947} INFO - Setting next_dagrun for weather_risk_pipeline to 2026-09-20 00:00:00+00:00, run_after=2026-09-21 00:00:00+00:00
[2026-09-20T16:08:56.038+0000] {processor.py:183} INFO - Processing /opt/airflow/dags/weather_risk_dag.py took 1.130 seconds
[2026-09-20T16:09:26.241+0000] {processor.py:161} INFO - Started process (PID=228) to work on /opt/airflow/dags/weather_risk_dag.py
[2026-09-20T16:09:26.244+0000] {processor.py:830} INFO - Processing file /opt/airflow/dags/weather_risk_dag.py for tasks to queue
[2026-09-20T16:09:26.247+0000] {logging_mixin.py:188} INFO - [2026-09-20T16:09:26.246+0000] {dagbag.py:545} INFO - Filling up the DagBag from /opt/airflow/dags/weather_risk_dag.py
[2026-09-20T16:09:26.904+0000] {processor.py:840} INFO - DAG(s) 'weather_risk_pipeline' retrieved from /opt/airflow/dags/weather_risk_dag.py
[2026-09-20T16:09:26.965+0000] {logging_mixin.py:188} INFO - [2026-09-20T16:09:26.964+0000] {dag.py:3089} INFO - Sync 1 DAGs
[2026-09-20T16:09:27.018+0000] {logging_mixin.py:188} INFO - [2026-09-20T16:09:27.017+0000] {dag.py:3947} INFO - Setting next_dagrun for weather_risk_pipeline to 2026-09-20 00:00:00+00:00, run_after=2026-09-21 00:00:00+00:00
[2026-09-20T16:09:27.062+0000] {processor.py:183} INFO - Processing /opt/airflow/dags/weather_risk_dag.py took 0.831 seconds
[2026-09-20T16:09:57.222+0000] {processor.py:161} INFO - Started process (PID=234) to work on /opt/airflow/dags/weather_risk_dag.py
[2026-09-20T16:09:57.223+0000] {processor.py:830} INFO - Processing file /opt/airflow/dags/weather_risk_dag.py for tasks to queue
[2026-09-20T16:09:57.226+0000] {logging_mixin.py:188} INFO - [2026-09-20T16:09:57.226+0000] {dagbag.py:545} INFO - Filling up the DagBag from /opt/airflow/dags/weather_risk_dag.py
[2026-09-20T16:09:57.894+0000] {processor.py:840} INFO - DAG(s) 'weather_risk_pipeline' retrieved from /opt/airflow/dags/weather_risk_dag.py
[2026-09-20T16:09:57.949+0000] {logging_mixin.py:188} INFO - [2026-09-20T16:09:57.948+0000] {dag.py:3089} INFO - Sync 1 DAGs
[2026-09-20T16:09:57.993+0000] {logging_mixin.py:188} INFO - [2026-09-20T16:09:57.992+0000] {dag.py:3947} INFO - Setting next_dagrun for weather_risk_pipeline to 2026-09-20 00:00:00+00:00, run_after=2026-09-21 00:00:00+00:00
[2026-09-20T16:09:58.030+0000] {processor.py:183} INFO - Processing /opt/airflow/dags/weather_risk_dag.py took 0.818 seconds
[2026-09-20T16:10:28.234+0000] {processor.py:161} INFO - Started process (PID=240) to work on /opt/airflow/dags/weather_risk_dag.py
[2026-09-20T16:10:28.237+0000] {processor.py:830} INFO - Processing file /opt/airflow/dags/weather_risk_dag.py for tasks to queue
[2026-09-20T16:10:28.240+0000] {logging_mixin.py:188} INFO - [2026-09-20T16:10:28.239+0000] {dagbag.py:545} INFO - Filling up the DagBag from /opt/airflow/dags/weather_risk_dag.py
[2026-09-20T16:10:28.905+0000] {processor.py:840} INFO - DAG(s) 'weather_risk_pipeline' retrieved from /opt/airflow/dags/weather_risk_dag.py
[2026-09-20T16:10:28.958+0000] {logging_mixin.py:188} INFO - [2026-09-20T16:10:28.957+0000] {dag.py:3089} INFO - Sync 1 DAGs
[2026-09-20T16:10:29.003+0000] {logging_mixin.py:188} INFO - [2026-09-20T16:10:29.003+0000] {dag.py:3947} INFO - Setting next_dagrun for weather_risk_pipeline to 2026-09-20 00:00:00+00:00, run_after=2026-09-21 00:00:00+00:00
[2026-09-20T16:10:29.233+0000] {processor.py:183} INFO - Processing /opt/airflow/dags/weather_risk_dag.py took 1.009 seconds
[2026-09-20T16:10:59.397+0000] {processor.py:161} INFO - Started process (PID=246) to work on /opt/airflow/dags/weather_risk_dag.py
[2026-09-20T16:10:59.399+0000] {processor.py:830} INFO - Processing file /opt/airflow/dags/weather_risk_dag.py for tasks to queue
[2026-09-20T16:10:59.403+0000] {logging_mixin.py:188} INFO - [2026-09-20T16:10:59.402+0000] {dagbag.py:545} INFO - Filling up the DagBag from /opt/airflow/dags/weather_risk_dag.py
[2026-09-20T16:10:59.977+0000] {processor.py:840} INFO - DAG(s) 'weather_risk_pipeline' retrieved from /opt/airflow/dags/weather_risk_dag.py
[2026-09-20T16:11:00.045+0000] {logging_mixin.py:188} INFO - [2026-09-20T16:11:00.044+0000] {dag.py:3089} INFO - Sync 1 DAGs
[2026-09-20T16:11:00.305+0000] {logging_mixin.py:188} INFO - [2026-09-20T16:11:00.305+0000] {dag.py:3947} INFO - Setting next_dagrun for weather_risk_pipeline to 2026-09-20 00:00:00+00:00, run_after=2026-09-21 00:00:00+00:00
[2026-09-20T16:11:00.345+0000] {processor.py:183} INFO - Processing /opt/airflow/dags/weather_risk_dag.py took 0.957 seconds
[2026-09-20T16:11:30.559+0000] {processor.py:161} INFO - Started process (PID=252) to work on /opt/airflow/dags/weather_risk_dag.py
[2026-09-20T16:11:30.562+0000] {processor.py:830} INFO - Processing file /opt/airflow/dags/weather_risk_dag.py for tasks to queue
[2026-09-20T16:11:30.565+0000] {logging_mixin.py:188} INFO - [2026-09-20T16:11:30.564+0000] {dagbag.py:545} INFO - Filling up the DagBag from /opt/airflow/dags/weather_risk_dag.py
[2026-09-20T16:11:31.229+0000] {processor.py:840} INFO - DAG(s) 'weather_risk_pipeline' retrieved from /opt/airflow/dags/weather_risk_dag.py
[2026-09-20T16:11:31.300+0000] {logging_mixin.py:188} INFO - [2026-09-20T16:11:31.299+0000] {dag.py:3089} INFO - Sync 1 DAGs
[2026-09-20T16:11:31.346+0000] {logging_mixin.py:188} INFO - [2026-09-20T16:11:31.346+0000] {dag.py:3947} INFO - Setting next_dagrun for weather_risk_pipeline to 2026-09-20 00:00:00+00:00, run_after=2026-09-21 00:00:00+00:00
[2026-09-20T16:11:31.380+0000] {processor.py:183} INFO - Processing /opt/airflow/dags/weather_risk_dag.py took 0.832 seconds
[2026-09-20T16:12:01.568+0000] {processor.py:161} INFO - Started process (PID=270) to work on /opt/airflow/dags/weather_risk_dag.py
[2026-09-20T16:12:01.577+0000] {processor.py:830} INFO - Processing file /opt/airflow/dags/weather_risk_dag.py for tasks to queue
[2026-09-20T16:12:01.580+0000] {logging_mixin.py:188} INFO - [2026-09-20T16:12:01.579+0000] {dagbag.py:545} INFO - Filling up the DagBag from /opt/airflow/dags/weather_risk_dag.py
[2026-09-20T16:12:02.298+0000] {processor.py:840} INFO - DAG(s) 'weather_risk_pipeline' retrieved from /opt/airflow/dags/weather_risk_dag.py
[2026-09-20T16:12:02.363+0000] {logging_mixin.py:188} INFO - [2026-09-20T16:12:02.362+0000] {dag.py:3089} INFO - Sync 1 DAGs
[2026-09-20T16:12:02.412+0000] {logging_mixin.py:188} INFO - [2026-09-20T16:12:02.412+0000] {dag.py:3947} INFO - Setting next_dagrun for weather_risk_pipeline to 2026-09-20 00:00:00+00:00, run_after=2026-09-21 00:00:00+00:00
[2026-09-20T16:12:02.444+0000] {processor.py:183} INFO - Processing /opt/airflow/dags/weather_risk_dag.py took 0.885 seconds
[2026-09-20T16:12:32.626+0000] {processor.py:161} INFO - Started process (PID=276) to work on /opt/airflow/dags/weather_risk_dag.py
[2026-09-20T16:12:32.627+0000] {processor.py:830} INFO - Processing file /opt/airflow/dags/weather_risk_dag.py for tasks to queue
[2026-09-20T16:12:32.630+0000] {logging_mixin.py:188} INFO - [2026-09-20T16:12:32.629+0000] {dagbag.py:545} INFO - Filling up the DagBag from /opt/airflow/dags/weather_risk_dag.py
[2026-09-20T16:12:33.201+0000] {processor.py:840} INFO - DAG(s) 'weather_risk_pipeline' retrieved from /opt/airflow/dags/weather_risk_dag.py
[2026-09-20T16:12:33.257+0000] {logging_mixin.py:188} INFO - [2026-09-20T16:12:33.256+0000] {dag.py:3089} INFO - Sync 1 DAGs
[2026-09-20T16:12:33.300+0000] {logging_mixin.py:188} INFO - [2026-09-20T16:12:33.300+0000] {dag.py:3947} INFO - Setting next_dagrun for weather_risk_pipeline to 2026-09-20 00:00:00+00:00, run_after=2026-09-21 00:00:00+00:00
[2026-09-20T16:12:33.334+0000] {processor.py:183} INFO - Processing /opt/airflow/dags/weather_risk_dag.py took 0.719 seconds
[2026-09-20T16:13:03.512+0000] {processor.py:161} INFO - Started process (PID=282) to work on /opt/airflow/dags/weather_risk_dag.py
[2026-09-20T16:13:03.515+0000] {processor.py:830} INFO - Processing file /opt/airflow/dags/weather_risk_dag.py for tasks to queue
[2026-09-20T16:13:03.517+0000] {logging_mixin.py:188} INFO - [2026-09-20T16:13:03.517+0000] {dagbag.py:545} INFO - Filling up the DagBag from /opt/airflow/dags/weather_risk_dag.py
[2026-09-20T16:13:04.105+0000] {processor.py:840} INFO - DAG(s) 'weather_risk_pipeline' retrieved from /opt/airflow/dags/weather_risk_dag.py
[2026-09-20T16:13:04.156+0000] {logging_mixin.py:188} INFO - [2026-09-20T16:13:04.155+0000] {dag.py:3089} INFO - Sync 1 DAGs
[2026-09-20T16:13:04.197+0000] {logging_mixin.py:188} INFO - [2026-09-20T16:13:04.196+0000] {dag.py:3947} INFO - Setting next_dagrun for weather_risk_pipeline to 2026-09-20 00:00:00+00:00, run_after=2026-09-21 00:00:00+00:00
[2026-09-20T16:13:04.232+0000] {processor.py:183} INFO - Processing /opt/airflow/dags/weather_risk_dag.py took 0.730 seconds
[2026-09-20T16:13:34.407+0000] {processor.py:161} INFO - Started process (PID=288) to work on /opt/airflow/dags/weather_risk_dag.py
[2026-09-20T16:13:34.410+0000] {processor.py:830} INFO - Processing file /opt/airflow/dags/weather_risk_dag.py for tasks to queue
[2026-09-20T16:13:34.412+0000] {logging_mixin.py:188} INFO - [2026-09-20T16:13:34.412+0000] {dagbag.py:545} INFO - Filling up the DagBag from /opt/airflow/dags/weather_risk_dag.py
[2026-09-20T16:13:34.994+0000] {processor.py:840} INFO - DAG(s) 'weather_risk_pipeline' retrieved from /opt/airflow/dags/weather_risk_dag.py
[2026-09-20T16:13:35.050+0000] {logging_mixin.py:188} INFO - [2026-09-20T16:13:35.049+0000] {dag.py:3089} INFO - Sync 1 DAGs
[2026-09-20T16:13:35.093+0000] {logging_mixin.py:188} INFO - [2026-09-20T16:13:35.093+0000] {dag.py:3947} INFO - Setting next_dagrun for weather_risk_pipeline to 2026-09-20 00:00:00+00:00, run_after=2026-09-21 00:00:00+00:00
[2026-09-20T16:13:35.321+0000] {processor.py:183} INFO - Processing /opt/airflow/dags/weather_risk_dag.py took 0.924 seconds
[2026-09-20T16:14:05.503+0000] {processor.py:161} INFO - Started process (PID=294) to work on /opt/airflow/dags/weather_risk_dag.py
[2026-09-20T16:14:05.504+0000] {processor.py:830} INFO - Processing file /opt/airflow/dags/weather_risk_dag.py for tasks to queue
[2026-09-20T16:14:05.507+0000] {logging_mixin.py:188} INFO - [2026-09-20T16:14:05.506+0000] {dagbag.py:545} INFO - Filling up the DagBag from /opt/airflow/dags/weather_risk_dag.py
[2026-09-20T16:14:06.147+0000] {processor.py:840} INFO - DAG(s) 'weather_risk_pipeline' retrieved from /opt/airflow/dags/weather_risk_dag.py
[2026-09-20T16:14:06.203+0000] {logging_mixin.py:188} INFO - [2026-09-20T16:14:06.203+0000] {dag.py:3089} INFO - Sync 1 DAGs
[2026-09-20T16:14:06.453+0000] {logging_mixin.py:188} INFO - [2026-09-20T16:14:06.452+0000] {dag.py:3947} INFO - Setting next_dagrun for weather_risk_pipeline to 2026-09-20 00:00:00+00:00, run_after=2026-09-21 00:00:00+00:00
[2026-09-20T16:14:06.490+0000] {processor.py:183} INFO - Processing /opt/airflow/dags/weather_risk_dag.py took 0.998 seconds
[2026-09-20T16:14:36.658+0000] {processor.py:161} INFO - Started process (PID=300) to work on /opt/airflow/dags/weather_risk_dag.py
[2026-09-20T16:14:36.660+0000] {processor.py:830} INFO - Processing file /opt/airflow/dags/weather_risk_dag.py for tasks to queue
[2026-09-20T16:14:36.664+0000] {logging_mixin.py:188} INFO - [2026-09-20T16:14:36.663+0000] {dagbag.py:545} INFO - Filling up the DagBag from /opt/airflow/dags/weather_risk_dag.py
[2026-09-20T16:14:37.287+0000] {processor.py:840} INFO - DAG(s) 'weather_risk_pipeline' retrieved from /opt/airflow/dags/weather_risk_dag.py
[2026-09-20T16:14:37.342+0000] {logging_mixin.py:188} INFO - [2026-09-20T16:14:37.341+0000] {dag.py:3089} INFO - Sync 1 DAGs
[2026-09-20T16:14:37.390+0000] {logging_mixin.py:188} INFO - [2026-09-20T16:14:37.390+0000] {dag.py:3947} INFO - Setting next_dagrun for weather_risk_pipeline to 2026-09-20 00:00:00+00:00, run_after=2026-09-21 00:00:00+00:00
[2026-09-20T16:14:37.429+0000] {processor.py:183} INFO - Processing /opt/airflow/dags/weather_risk_dag.py took 0.781 seconds
[2026-09-20T16:15:07.621+0000] {processor.py:161} INFO - Started process (PID=313) to work on /opt/airflow/dags/weather_risk_dag.py
[2026-09-20T16:15:07.622+0000] {processor.py:830} INFO - Processing file /opt/airflow/dags/weather_risk_dag.py for tasks to queue
[2026-09-20T16:15:07.625+0000] {logging_mixin.py:188} INFO - [2026-09-20T16:15:07.624+0000] {dagbag.py:545} INFO - Filling up the DagBag from /opt/airflow/dags/weather_risk_dag.py
[2026-09-20T16:15:08.233+0000] {processor.py:840} INFO - DAG(s) 'weather_risk_pipeline' retrieved from /opt/airflow/dags/weather_risk_dag.py
[2026-09-20T16:15:08.290+0000] {logging_mixin.py:188} INFO - [2026-09-20T16:15:08.290+0000] {dag.py:3089} INFO - Sync 1 DAGs
[2026-09-20T16:15:08.343+0000] {logging_mixin.py:188} INFO - [2026-09-20T16:15:08.342+0000] {dag.py:3947} INFO - Setting next_dagrun for weather_risk_pipeline to 2026-09-20 00:00:00+00:00, run_after=2026-09-21 00:00:00+00:00
[2026-09-20T16:15:08.390+0000] {processor.py:183} INFO - Processing /opt/airflow/dags/weather_risk_dag.py took 0.779 seconds
[2026-09-20T16:15:38.611+0000] {processor.py:161} INFO - Started process (PID=326) to work on /opt/airflow/dags/weather_risk_dag.py
[2026-09-20T16:15:38.613+0000] {processor.py:830} INFO - Processing file /opt/airflow/dags/weather_risk_dag.py for tasks to queue
[2026-09-20T16:15:38.616+0000] {logging_mixin.py:188} INFO - [2026-09-20T16:15:38.616+0000] {dagbag.py:545} INFO - Filling up the DagBag from /opt/airflow/dags/weather_risk_dag.py
[2026-09-20T16:15:39.265+0000] {processor.py:840} INFO - DAG(s) 'weather_risk_pipeline' retrieved from /opt/airflow/dags/weather_risk_dag.py
[2026-09-20T16:15:39.693+0000] {logging_mixin.py:188} INFO - [2026-09-20T16:15:39.692+0000] {dag.py:3089} INFO - Sync 1 DAGs
[2026-09-20T16:15:39.715+0000] {logging_mixin.py:188} INFO - [2026-09-20T16:15:39.714+0000] {dag.py:3111} INFO - Creating ORM DAG for weather_risk_pipeline
[2026-09-20T16:15:39.737+0000] {logging_mixin.py:188} INFO - [2026-09-20T16:15:39.737+0000] {dag.py:3947} INFO - Setting next_dagrun for weather_risk_pipeline to 2026-09-19 00:00:00+00:00, run_after=2026-09-20 00:00:00+00:00
[2026-09-20T16:15:39.779+0000] {processor.py:183} INFO - Processing /opt/airflow/dags/weather_risk_dag.py took 1.181 seconds
[2026-09-20T16:16:09.972+0000] {processor.py:161} INFO - Started process (PID=332) to work on /opt/airflow/dags/weather_risk_dag.py
[2026-09-20T16:16:09.973+0000] {processor.py:830} INFO - Processing file /opt/airflow/dags/weather_risk_dag.py for tasks to queue
[2026-09-20T16:16:09.976+0000] {logging_mixin.py:188} INFO - [2026-09-20T16:16:09.976+0000] {dagbag.py:545} INFO - Filling up the DagBag from /opt/airflow/dags/weather_risk_dag.py
[2026-09-20T16:16:10.660+0000] {processor.py:840} INFO - DAG(s) 'weather_risk_pipeline' retrieved from /opt/airflow/dags/weather_risk_dag.py
[2026-09-20T16:16:10.717+0000] {logging_mixin.py:188} INFO - [2026-09-20T16:16:10.716+0000] {dag.py:3089} INFO - Sync 1 DAGs
[2026-09-20T16:16:10.762+0000] {logging_mixin.py:188} INFO - [2026-09-20T16:16:10.762+0000] {dag.py:3947} INFO - Setting next_dagrun for weather_risk_pipeline to 2026-09-19 00:00:00+00:00, run_after=2026-09-20 00:00:00+00:00
[2026-09-20T16:16:10.801+0000] {processor.py:183} INFO - Processing /opt/airflow/dags/weather_risk_dag.py took 0.840 seconds
[2026-09-20T16:16:40.912+0000] {processor.py:161} INFO - Started process (PID=338) to work on /opt/airflow/dags/weather_risk_dag.py
[2026-09-20T16:16:40.915+0000] {processor.py:830} INFO - Processing file /opt/airflow/dags/weather_risk_dag.py for tasks to queue
[2026-09-20T16:16:40.918+0000] {logging_mixin.py:188} INFO - [2026-09-20T16:16:40.917+0000] {dagbag.py:545} INFO - Filling up the DagBag from /opt/airflow/dags/weather_risk_dag.py
[2026-09-20T16:16:41.648+0000] {processor.py:840} INFO - DAG(s) 'weather_risk_pipeline' retrieved from /opt/airflow/dags/weather_risk_dag.py
[2026-09-20T16:16:41.709+0000] {logging_mixin.py:188} INFO - [2026-09-20T16:16:41.708+0000] {dag.py:3089} INFO - Sync 1 DAGs
[2026-09-20T16:16:41.759+0000] {logging_mixin.py:188} INFO - [2026-09-20T16:16:41.759+0000] {dag.py:3947} INFO - Setting next_dagrun for weather_risk_pipeline to 2026-09-19 00:00:00+00:00, run_after=2026-09-20 00:00:00+00:00
[2026-09-20T16:16:41.988+0000] {processor.py:183} INFO - Processing /opt/airflow/dags/weather_risk_dag.py took 1.087 seconds
[2026-09-20T16:17:12.129+0000] {processor.py:161} INFO - Started process (PID=344) to work on /opt/airflow/dags/weather_risk_dag.py
[2026-09-20T16:17:12.131+0000] {processor.py:830} INFO - Processing file /opt/airflow/dags/weather_risk_dag.py for tasks to queue
[2026-09-20T16:17:12.135+0000] {logging_mixin.py:188} INFO - [2026-09-20T16:17:12.134+0000] {dagbag.py:545} INFO - Filling up the DagBag from /opt/airflow/dags/weather_risk_dag.py
[2026-09-20T16:17:12.735+0000] {processor.py:840} INFO - DAG(s) 'weather_risk_pipeline' retrieved from /opt/airflow/dags/weather_risk_dag.py
[2026-09-20T16:17:12.788+0000] {logging_mixin.py:188} INFO - [2026-09-20T16:17:12.787+0000] {dag.py:3089} INFO - Sync 1 DAGs
[2026-09-20T16:17:13.031+0000] {logging_mixin.py:188} INFO - [2026-09-20T16:17:13.030+0000] {dag.py:3947} INFO - Setting next_dagrun for weather_risk_pipeline to 2026-09-19 00:00:00+00:00, run_after=2026-09-20 00:00:00+00:00
[2026-09-20T16:17:13.068+0000] {processor.py:183} INFO - Processing /opt/airflow/dags/weather_risk_dag.py took 0.950 seconds
[2026-09-20T16:17:43.278+0000] {processor.py:161} INFO - Started process (PID=350) to work on /opt/airflow/dags/weather_risk_dag.py
[2026-09-20T16:17:43.279+0000] {processor.py:830} INFO - Processing file /opt/airflow/dags/weather_risk_dag.py for tasks to queue
[2026-09-20T16:17:43.282+0000] {logging_mixin.py:188} INFO - [2026-09-20T16:17:43.281+0000] {dagbag.py:545} INFO - Filling up the DagBag from /opt/airflow/dags/weather_risk_dag.py
[2026-09-20T16:17:43.968+0000] {processor.py:840} INFO - DAG(s) 'weather_risk_pipeline' retrieved from /opt/airflow/dags/weather_risk_dag.py
[2026-09-20T16:17:44.066+0000] {logging_mixin.py:188} INFO - [2026-09-20T16:17:44.065+0000] {dag.py:3089} INFO - Sync 1 DAGs
[2026-09-20T16:17:44.130+0000] {logging_mixin.py:188} INFO - [2026-09-20T16:17:44.129+0000] {dag.py:3947} INFO - Setting next_dagrun for weather_risk_pipeline to 2026-09-19 00:00:00+00:00, run_after=2026-09-20 00:00:00+00:00
[2026-09-20T16:17:44.181+0000] {processor.py:183} INFO - Processing /opt/airflow/dags/weather_risk_dag.py took 0.914 seconds
[2026-09-20T16:18:14.412+0000] {processor.py:161} INFO - Started process (PID=356) to work on /opt/airflow/dags/weather_risk_dag.py
[2026-09-20T16:18:14.415+0000] {processor.py:830} INFO - Processing file /opt/airflow/dags/weather_risk_dag.py for tasks to queue
[2026-09-20T16:18:14.420+0000] {logging_mixin.py:188} INFO - [2026-09-20T16:18:14.418+0000] {dagbag.py:545} INFO - Filling up the DagBag from /opt/airflow/dags/weather_risk_dag.py
[2026-09-20T16:18:15.117+0000] {processor.py:840} INFO - DAG(s) 'weather_risk_pipeline' retrieved from /opt/airflow/dags/weather_risk_dag.py
[2026-09-20T16:18:15.183+0000] {logging_mixin.py:188} INFO - [2026-09-20T16:18:15.182+0000] {dag.py:3089} INFO - Sync 1 DAGs
[2026-09-20T16:18:15.239+0000] {logging_mixin.py:188} INFO - [2026-09-20T16:18:15.238+0000] {dag.py:3947} INFO - Setting next_dagrun for weather_risk_pipeline to 2026-09-19 00:00:00+00:00, run_after=2026-09-20 00:00:00+00:00
[2026-09-20T16:18:15.280+0000] {processor.py:183} INFO - Processing /opt/airflow/dags/weather_risk_dag.py took 0.883 seconds
[2026-09-20T16:18:45.484+0000] {processor.py:161} INFO - Started process (PID=362) to work on /opt/airflow/dags/weather_risk_dag.py
[2026-09-20T16:18:45.487+0000] {processor.py:830} INFO - Processing file /opt/airflow/dags/weather_risk_dag.py for tasks to queue
[2026-09-20T16:18:45.490+0000] {logging_mixin.py:188} INFO - [2026-09-20T16:18:45.489+0000] {dagbag.py:545} INFO - Filling up the DagBag from /opt/airflow/dags/weather_risk_dag.py
[2026-09-20T16:18:46.103+0000] {processor.py:840} INFO - DAG(s) 'weather_risk_pipeline' retrieved from /opt/airflow/dags/weather_risk_dag.py
[2026-09-20T16:18:46.157+0000] {logging_mixin.py:188} INFO - [2026-09-20T16:18:46.157+0000] {dag.py:3089} INFO - Sync 1 DAGs
[2026-09-20T16:18:46.199+0000] {logging_mixin.py:188} INFO - [2026-09-20T16:18:46.199+0000] {dag.py:3947} INFO - Setting next_dagrun for weather_risk_pipeline to 2026-09-19 00:00:00+00:00, run_after=2026-09-20 00:00:00+00:00
[2026-09-20T16:18:46.237+0000] {processor.py:183} INFO - Processing /opt/airflow/dags/weather_risk_dag.py took 0.763 seconds
[2026-09-20T16:19:16.444+0000] {processor.py:161} INFO - Started process (PID=368) to work on /opt/airflow/dags/weather_risk_dag.py
[2026-09-20T16:19:16.447+0000] {processor.py:830} INFO - Processing file /opt/airflow/dags/weather_risk_dag.py for tasks to queue
[2026-09-20T16:19:16.451+0000] {logging_mixin.py:188} INFO - [2026-09-20T16:19:16.450+0000] {dagbag.py:545} INFO - Filling up the DagBag from /opt/airflow/dags/weather_risk_dag.py
[2026-09-20T16:19:17.108+0000] {processor.py:840} INFO - DAG(s) 'weather_risk_pipeline' retrieved from /opt/airflow/dags/weather_risk_dag.py
[2026-09-20T16:19:17.162+0000] {logging_mixin.py:188} INFO - [2026-09-20T16:19:17.161+0000] {dag.py:3089} INFO - Sync 1 DAGs
[2026-09-20T16:19:17.216+0000] {logging_mixin.py:188} INFO - [2026-09-20T16:19:17.216+0000] {dag.py:3947} INFO - Setting next_dagrun for weather_risk_pipeline to 2026-09-19 00:00:00+00:00, run_after=2026-09-20 00:00:00+00:00
[2026-09-20T16:19:17.255+0000] {processor.py:183} INFO - Processing /opt/airflow/dags/weather_risk_dag.py took 0.822 seconds
[2026-09-20T16:19:47.437+0000] {processor.py:161} INFO - Started process (PID=374) to work on /opt/airflow/dags/weather_risk_dag.py
[2026-09-20T16:19:47.440+0000] {processor.py:830} INFO - Processing file /opt/airflow/dags/weather_risk_dag.py for tasks to queue
[2026-09-20T16:19:47.442+0000] {logging_mixin.py:188} INFO - [2026-09-20T16:19:47.442+0000] {dagbag.py:545} INFO - Filling up the DagBag from /opt/airflow/dags/weather_risk_dag.py
[2026-09-20T16:19:48.003+0000] {processor.py:840} INFO - DAG(s) 'weather_risk_pipeline' retrieved from /opt/airflow/dags/weather_risk_dag.py
[2026-09-20T16:19:48.056+0000] {logging_mixin.py:188} INFO - [2026-09-20T16:19:48.055+0000] {dag.py:3089} INFO - Sync 1 DAGs
[2026-09-20T16:19:48.100+0000] {logging_mixin.py:188} INFO - [2026-09-20T16:19:48.099+0000] {dag.py:3947} INFO - Setting next_dagrun for weather_risk_pipeline to 2026-09-19 00:00:00+00:00, run_after=2026-09-20 00:00:00+00:00
[2026-09-20T16:19:48.321+0000] {processor.py:183} INFO - Processing /opt/airflow/dags/weather_risk_dag.py took 0.894 seconds
[2026-09-20T16:20:18.507+0000] {processor.py:161} INFO - Started process (PID=380) to work on /opt/airflow/dags/weather_risk_dag.py
[2026-09-20T16:20:18.509+0000] {processor.py:830} INFO - Processing file /opt/airflow/dags/weather_risk_dag.py for tasks to queue
[2026-09-20T16:20:18.512+0000] {logging_mixin.py:188} INFO - [2026-09-20T16:20:18.512+0000] {dagbag.py:545} INFO - Filling up the DagBag from /opt/airflow/dags/weather_risk_dag.py
[2026-09-20T16:20:19.103+0000] {processor.py:840} INFO - DAG(s) 'weather_risk_pipeline' retrieved from /opt/airflow/dags/weather_risk_dag.py
[2026-09-20T16:20:19.155+0000] {logging_mixin.py:188} INFO - [2026-09-20T16:20:19.154+0000] {dag.py:3089} INFO - Sync 1 DAGs
[2026-09-20T16:20:19.400+0000] {logging_mixin.py:188} INFO - [2026-09-20T16:20:19.399+0000] {dag.py:3947} INFO - Setting next_dagrun for weather_risk_pipeline to 2026-09-19 00:00:00+00:00, run_after=2026-09-20 00:00:00+00:00
[2026-09-20T16:20:19.433+0000] {processor.py:183} INFO - Processing /opt/airflow/dags/weather_risk_dag.py took 0.935 seconds
[2026-09-20T16:20:49.614+0000] {processor.py:161} INFO - Started process (PID=386) to work on /opt/airflow/dags/weather_risk_dag.py
[2026-09-20T16:20:49.617+0000] {processor.py:830} INFO - Processing file /opt/airflow/dags/weather_risk_dag.py for tasks to queue
[2026-09-20T16:20:49.620+0000] {logging_mixin.py:188} INFO - [2026-09-20T16:20:49.620+0000] {dagbag.py:545} INFO - Filling up the DagBag from /opt/airflow/dags/weather_risk_dag.py
[2026-09-20T16:20:50.205+0000] {processor.py:840} INFO - DAG(s) 'weather_risk_pipeline' retrieved from /opt/airflow/dags/weather_risk_dag.py
[2026-09-20T16:20:50.258+0000] {logging_mixin.py:188} INFO - [2026-09-20T16:20:50.257+0000] {dag.py:3089} INFO - Sync 1 DAGs
[2026-09-20T16:20:50.302+0000] {logging_mixin.py:188} INFO - [2026-09-20T16:20:50.302+0000] {dag.py:3947} INFO - Setting next_dagrun for weather_risk_pipeline to 2026-09-19 00:00:00+00:00, run_after=2026-09-20 00:00:00+00:00
[2026-09-20T16:20:50.334+0000] {processor.py:183} INFO - Processing /opt/airflow/dags/weather_risk_dag.py took 0.731 seconds
[2026-09-20T16:21:20.504+0000] {processor.py:161} INFO - Started process (PID=392) to work on /opt/airflow/dags/weather_risk_dag.py
[2026-09-20T16:21:20.506+0000] {processor.py:830} INFO - Processing file /opt/airflow/dags/weather_risk_dag.py for tasks to queue
[2026-09-20T16:21:20.510+0000] {logging_mixin.py:188} INFO - [2026-09-20T16:21:20.509+0000] {dagbag.py:545} INFO - Filling up the DagBag from /opt/airflow/dags/weather_risk_dag.py
[2026-09-20T16:21:21.095+0000] {processor.py:840} INFO - DAG(s) 'weather_risk_pipeline' retrieved from /opt/airflow/dags/weather_risk_dag.py
[2026-09-20T16:21:21.147+0000] {logging_mixin.py:188} INFO - [2026-09-20T16:21:21.147+0000] {dag.py:3089} INFO - Sync 1 DAGs
[2026-09-20T16:21:21.188+0000] {logging_mixin.py:188} INFO - [2026-09-20T16:21:21.188+0000] {dag.py:3947} INFO - Setting next_dagrun for weather_risk_pipeline to 2026-09-19 00:00:00+00:00, run_after=2026-09-20 00:00:00+00:00
[2026-09-20T16:21:21.221+0000] {processor.py:183} INFO - Processing /opt/airflow/dags/weather_risk_dag.py took 0.728 seconds
[2026-09-20T16:21:51.402+0000] {processor.py:161} INFO - Started process (PID=398) to work on /opt/airflow/dags/weather_risk_dag.py
[2026-09-20T16:21:51.405+0000] {processor.py:830} INFO - Processing file /opt/airflow/dags/weather_risk_dag.py for tasks to queue
[2026-09-20T16:21:51.408+0000] {logging_mixin.py:188} INFO - [2026-09-20T16:21:51.407+0000] {dagbag.py:545} INFO - Filling up the DagBag from /opt/airflow/dags/weather_risk_dag.py
[2026-09-20T16:21:51.961+0000] {processor.py:840} INFO - DAG(s) 'weather_risk_pipeline' retrieved from /opt/airflow/dags/weather_risk_dag.py
[2026-09-20T16:21:52.014+0000] {logging_mixin.py:188} INFO - [2026-09-20T16:21:52.013+0000] {dag.py:3089} INFO - Sync 1 DAGs
[2026-09-20T16:21:52.055+0000] {logging_mixin.py:188} INFO - [2026-09-20T16:21:52.055+0000] {dag.py:3947} INFO - Setting next_dagrun for weather_risk_pipeline to 2026-09-19 00:00:00+00:00, run_after=2026-09-20 00:00:00+00:00
[2026-09-20T16:21:52.088+0000] {processor.py:183} INFO - Processing /opt/airflow/dags/weather_risk_dag.py took 0.695 seconds
[2026-09-20T16:22:22.270+0000] {processor.py:161} INFO - Started process (PID=404) to work on /opt/airflow/dags/weather_risk_dag.py
[2026-09-20T16:22:22.273+0000] {processor.py:830} INFO - Processing file /opt/airflow/dags/weather_risk_dag.py for tasks to queue
[2026-09-20T16:22:22.277+0000] {logging_mixin.py:188} INFO - [2026-09-20T16:22:22.276+0000] {dagbag.py:545} INFO - Filling up the DagBag from /opt/airflow/dags/weather_risk_dag.py
[2026-09-20T16:22:22.961+0000] {processor.py:840} INFO - DAG(s) 'weather_risk_pipeline' retrieved from /opt/airflow/dags/weather_risk_dag.py
[2026-09-20T16:22:23.021+0000] {logging_mixin.py:188} INFO - [2026-09-20T16:22:23.020+0000] {dag.py:3089} INFO - Sync 1 DAGs
[2026-09-20T16:22:23.073+0000] {logging_mixin.py:188} INFO - [2026-09-20T16:22:23.073+0000] {dag.py:3947} INFO - Setting next_dagrun for weather_risk_pipeline to 2026-09-19 00:00:00+00:00, run_after=2026-09-20 00:00:00+00:00
[2026-09-20T16:22:23.115+0000] {processor.py:183} INFO - Processing /opt/airflow/dags/weather_risk_dag.py took 0.857 seconds
[2026-09-20T16:22:53.317+0000] {processor.py:161} INFO - Started process (PID=410) to work on /opt/airflow/dags/weather_risk_dag.py
[2026-09-20T16:22:53.320+0000] {processor.py:830} INFO - Processing file /opt/airflow/dags/weather_risk_dag.py for tasks to queue
[2026-09-20T16:22:53.324+0000] {logging_mixin.py:188} INFO - [2026-09-20T16:22:53.323+0000] {dagbag.py:545} INFO - Filling up the DagBag from /opt/airflow/dags/weather_risk_dag.py
[2026-09-20T16:22:54.049+0000] {processor.py:840} INFO - DAG(s) 'weather_risk_pipeline' retrieved from /opt/airflow/dags/weather_risk_dag.py
[2026-09-20T16:22:54.122+0000] {logging_mixin.py:188} INFO - [2026-09-20T16:22:54.121+0000] {dag.py:3089} INFO - Sync 1 DAGs
[2026-09-20T16:22:54.179+0000] {logging_mixin.py:188} INFO - [2026-09-20T16:22:54.179+0000] {dag.py:3947} INFO - Setting next_dagrun for weather_risk_pipeline to 2026-09-19 00:00:00+00:00, run_after=2026-09-20 00:00:00+00:00
[2026-09-20T16:22:54.434+0000] {processor.py:183} INFO - Processing /opt/airflow/dags/weather_risk_dag.py took 1.128 seconds
[2026-09-20T16:23:24.508+0000] {processor.py:161} INFO - Started process (PID=416) to work on /opt/airflow/dags/weather_risk_dag.py
[2026-09-20T16:23:24.511+0000] {processor.py:830} INFO - Processing file /opt/airflow/dags/weather_risk_dag.py for tasks to queue
[2026-09-20T16:23:24.514+0000] {logging_mixin.py:188} INFO - [2026-09-20T16:23:24.513+0000] {dagbag.py:545} INFO - Filling up the DagBag from /opt/airflow/dags/weather_risk_dag.py
[2026-09-20T16:23:25.187+0000] {processor.py:840} INFO - DAG(s) 'weather_risk_pipeline' retrieved from /opt/airflow/dags/weather_risk_dag.py
[2026-09-20T16:23:25.248+0000] {logging_mixin.py:188} INFO - [2026-09-20T16:23:25.247+0000] {dag.py:3089} INFO - Sync 1 DAGs
[2026-09-20T16:23:25.520+0000] {logging_mixin.py:188} INFO - [2026-09-20T16:23:25.519+0000] {dag.py:3947} INFO - Setting next_dagrun for weather_risk_pipeline to 2026-09-19 00:00:00+00:00, run_after=2026-09-20 00:00:00+00:00
[2026-09-20T16:23:25.558+0000] {processor.py:183} INFO - Processing /opt/airflow/dags/weather_risk_dag.py took 1.062 seconds
[2026-09-20T16:23:55.677+0000] {processor.py:161} INFO - Started process (PID=422) to work on /opt/airflow/dags/weather_risk_dag.py
[2026-09-20T16:23:55.680+0000] {processor.py:830} INFO - Processing file /opt/airflow/dags/weather_risk_dag.py for tasks to queue
[2026-09-20T16:23:55.683+0000] {logging_mixin.py:188} INFO - [2026-09-20T16:23:55.683+0000] {dagbag.py:545} INFO - Filling up the DagBag from /opt/airflow/dags/weather_risk_dag.py
[2026-09-20T16:23:56.339+0000] {processor.py:840} INFO - DAG(s) 'weather_risk_pipeline' retrieved from /opt/airflow/dags/weather_risk_dag.py
[2026-09-20T16:23:56.391+0000] {logging_mixin.py:188} INFO - [2026-09-20T16:23:56.390+0000] {dag.py:3089} INFO - Sync 1 DAGs
[2026-09-20T16:23:56.431+0000] {logging_mixin.py:188} INFO - [2026-09-20T16:23:56.430+0000] {dag.py:3947} INFO - Setting next_dagrun for weather_risk_pipeline to 2026-09-19 00:00:00+00:00, run_after=2026-09-20 00:00:00+00:00
[2026-09-20T16:23:56.462+0000] {processor.py:183} INFO - Processing /opt/airflow/dags/weather_risk_dag.py took 0.797 seconds
[2026-09-20T16:24:26.664+0000] {processor.py:161} INFO - Started process (PID=428) to work on /opt/airflow/dags/weather_risk_dag.py
[2026-09-20T16:24:26.667+0000] {processor.py:830} INFO - Processing file /opt/airflow/dags/weather_risk_dag.py for tasks to queue
[2026-09-20T16:24:26.670+0000] {logging_mixin.py:188} INFO - [2026-09-20T16:24:26.669+0000] {dagbag.py:545} INFO - Filling up the DagBag from /opt/airflow/dags/weather_risk_dag.py
[2026-09-20T16:24:27.325+0000] {processor.py:840} INFO - DAG(s) 'weather_risk_pipeline' retrieved from /opt/airflow/dags/weather_risk_dag.py
[2026-09-20T16:24:27.381+0000] {logging_mixin.py:188} INFO - [2026-09-20T16:24:27.380+0000] {dag.py:3089} INFO - Sync 1 DAGs
[2026-09-20T16:24:27.430+0000] {logging_mixin.py:188} INFO - [2026-09-20T16:24:27.429+0000] {dag.py:3947} INFO - Setting next_dagrun for weather_risk_pipeline to 2026-09-19 00:00:00+00:00, run_after=2026-09-20 00:00:00+00:00
[2026-09-20T16:24:27.471+0000] {processor.py:183} INFO - Processing /opt/airflow/dags/weather_risk_dag.py took 0.818 seconds
[2026-09-20T16:24:57.658+0000] {processor.py:161} INFO - Started process (PID=434) to work on /opt/airflow/dags/weather_risk_dag.py
[2026-09-20T16:24:57.660+0000] {processor.py:830} INFO - Processing file /opt/airflow/dags/weather_risk_dag.py for tasks to queue
[2026-09-20T16:24:57.663+0000] {logging_mixin.py:188} INFO - [2026-09-20T16:24:57.662+0000] {dagbag.py:545} INFO - Filling up the DagBag from /opt/airflow/dags/weather_risk_dag.py
[2026-09-20T16:24:58.219+0000] {processor.py:840} INFO - DAG(s) 'weather_risk_pipeline' retrieved from /opt/airflow/dags/weather_risk_dag.py
[2026-09-20T16:24:58.266+0000] {logging_mixin.py:188} INFO - [2026-09-20T16:24:58.266+0000] {dag.py:3089} INFO - Sync 1 DAGs
[2026-09-20T16:24:58.304+0000] {logging_mixin.py:188} INFO - [2026-09-20T16:24:58.304+0000] {dag.py:3947} INFO - Setting next_dagrun for weather_risk_pipeline to 2026-09-19 00:00:00+00:00, run_after=2026-09-20 00:00:00+00:00
[2026-09-20T16:24:58.334+0000] {processor.py:183} INFO - Processing /opt/airflow/dags/weather_risk_dag.py took 0.686 seconds
[2026-09-20T16:25:28.503+0000] {processor.py:161} INFO - Started process (PID=440) to work on /opt/airflow/dags/weather_risk_dag.py
[2026-09-20T16:25:28.505+0000] {processor.py:830} INFO - Processing file /opt/airflow/dags/weather_risk_dag.py for tasks to queue
[2026-09-20T16:25:28.508+0000] {logging_mixin.py:188} INFO - [2026-09-20T16:25:28.507+0000] {dagbag.py:545} INFO - Filling up the DagBag from /opt/airflow/dags/weather_risk_dag.py
[2026-09-20T16:25:29.025+0000] {processor.py:840} INFO - DAG(s) 'weather_risk_pipeline' retrieved from /opt/airflow/dags/weather_risk_dag.py
[2026-09-20T16:25:29.075+0000] {logging_mixin.py:188} INFO - [2026-09-20T16:25:29.074+0000] {dag.py:3089} INFO - Sync 1 DAGs
[2026-09-20T16:25:29.112+0000] {logging_mixin.py:188} INFO - [2026-09-20T16:25:29.112+0000] {dag.py:3947} INFO - Setting next_dagrun for weather_risk_pipeline to 2026-09-19 00:00:00+00:00, run_after=2026-09-20 00:00:00+00:00
[2026-09-20T16:25:29.144+0000] {processor.py:183} INFO - Processing /opt/airflow/dags/weather_risk_dag.py took 0.650 seconds
[2026-09-20T16:25:59.329+0000] {processor.py:161} INFO - Started process (PID=446) to work on /opt/airflow/dags/weather_risk_dag.py
[2026-09-20T16:25:59.331+0000] {processor.py:830} INFO - Processing file /opt/airflow/dags/weather_risk_dag.py for tasks to queue
[2026-09-20T16:25:59.334+0000] {logging_mixin.py:188} INFO - [2026-09-20T16:25:59.333+0000] {dagbag.py:545} INFO - Filling up the DagBag from /opt/airflow/dags/weather_risk_dag.py
[2026-09-20T16:25:59.860+0000] {processor.py:840} INFO - DAG(s) 'weather_risk_pipeline' retrieved from /opt/airflow/dags/weather_risk_dag.py
[2026-09-20T16:25:59.908+0000] {logging_mixin.py:188} INFO - [2026-09-20T16:25:59.907+0000] {dag.py:3089} INFO - Sync 1 DAGs
[2026-09-20T16:25:59.949+0000] {logging_mixin.py:188} INFO - [2026-09-20T16:25:59.948+0000] {dag.py:3947} INFO - Setting next_dagrun for weather_risk_pipeline to 2026-09-19 00:00:00+00:00, run_after=2026-09-20 00:00:00+00:00
[2026-09-20T16:26:00.156+0000] {processor.py:183} INFO - Processing /opt/airflow/dags/weather_risk_dag.py took 0.837 seconds
[2026-09-20T16:26:30.350+0000] {processor.py:161} INFO - Started process (PID=452) to work on /opt/airflow/dags/weather_risk_dag.py
[2026-09-20T16:26:30.353+0000] {processor.py:830} INFO - Processing file /opt/airflow/dags/weather_risk_dag.py for tasks to queue
[2026-09-20T16:26:30.356+0000] {logging_mixin.py:188} INFO - [2026-09-20T16:26:30.355+0000] {dagbag.py:545} INFO - Filling up the DagBag from /opt/airflow/dags/weather_risk_dag.py
[2026-09-20T16:26:30.870+0000] {processor.py:840} INFO - DAG(s) 'weather_risk_pipeline' retrieved from /opt/airflow/dags/weather_risk_dag.py
[2026-09-20T16:26:30.919+0000] {logging_mixin.py:188} INFO - [2026-09-20T16:26:30.918+0000] {dag.py:3089} INFO - Sync 1 DAGs
[2026-09-20T16:26:31.145+0000] {logging_mixin.py:188} INFO - [2026-09-20T16:26:31.145+0000] {dag.py:3947} INFO - Setting next_dagrun for weather_risk_pipeline to 2026-09-19 00:00:00+00:00, run_after=2026-09-20 00:00:00+00:00
[2026-09-20T16:26:31.178+0000] {processor.py:183} INFO - Processing /opt/airflow/dags/weather_risk_dag.py took 0.837 seconds
[2026-09-20T16:27:01.366+0000] {processor.py:161} INFO - Started process (PID=458) to work on /opt/airflow/dags/weather_risk_dag.py
[2026-09-20T16:27:01.368+0000] {processor.py:830} INFO - Processing file /opt/airflow/dags/weather_risk_dag.py for tasks to queue
[2026-09-20T16:27:01.371+0000] {logging_mixin.py:188} INFO - [2026-09-20T16:27:01.370+0000] {dagbag.py:545} INFO - Filling up the DagBag from /opt/airflow/dags/weather_risk_dag.py
[2026-09-20T16:27:01.894+0000] {processor.py:840} INFO - DAG(s) 'weather_risk_pipeline' retrieved from /opt/airflow/dags/weather_risk_dag.py
[2026-09-20T16:27:01.944+0000] {logging_mixin.py:188} INFO - [2026-09-20T16:27:01.944+0000] {dag.py:3089} INFO - Sync 1 DAGs
[2026-09-20T16:27:01.982+0000] {logging_mixin.py:188} INFO - [2026-09-20T16:27:01.981+0000] {dag.py:3947} INFO - Setting next_dagrun for weather_risk_pipeline to 2026-09-19 00:00:00+00:00, run_after=2026-09-20 00:00:00+00:00
[2026-09-20T16:27:02.013+0000] {processor.py:183} INFO - Processing /opt/airflow/dags/weather_risk_dag.py took 0.656 seconds
[2026-09-20T16:27:32.183+0000] {processor.py:161} INFO - Started process (PID=464) to work on /opt/airflow/dags/weather_risk_dag.py
[2026-09-20T16:27:32.185+0000] {processor.py:830} INFO - Processing file /opt/airflow/dags/weather_risk_dag.py for tasks to queue
[2026-09-20T16:27:32.187+0000] {logging_mixin.py:188} INFO - [2026-09-20T16:27:32.186+0000] {dagbag.py:545} INFO - Filling up the DagBag from /opt/airflow/dags/weather_risk_dag.py
[2026-09-20T16:27:32.703+0000] {processor.py:840} INFO - DAG(s) 'weather_risk_pipeline' retrieved from /opt/airflow/dags/weather_risk_dag.py
[2026-09-20T16:27:32.754+0000] {logging_mixin.py:188} INFO - [2026-09-20T16:27:32.753+0000] {dag.py:3089} INFO - Sync 1 DAGs
[2026-09-20T16:27:32.792+0000] {logging_mixin.py:188} INFO - [2026-09-20T16:27:32.792+0000] {dag.py:3947} INFO - Setting next_dagrun for weather_risk_pipeline to 2026-09-19 00:00:00+00:00, run_after=2026-09-20 00:00:00+00:00
[2026-09-20T16:27:32.823+0000] {processor.py:183} INFO - Processing /opt/airflow/dags/weather_risk_dag.py took 0.649 seconds
[2026-09-20T16:28:02.893+0000] {processor.py:161} INFO - Started process (PID=470) to work on /opt/airflow/dags/weather_risk_dag.py
[2026-09-20T16:28:02.896+0000] {processor.py:830} INFO - Processing file /opt/airflow/dags/weather_risk_dag.py for tasks to queue
[2026-09-20T16:28:02.898+0000] {logging_mixin.py:188} INFO - [2026-09-20T16:28:02.898+0000] {dagbag.py:545} INFO - Filling up the DagBag from /opt/airflow/dags/weather_risk_dag.py
[2026-09-20T16:28:03.419+0000] {processor.py:840} INFO - DAG(s) 'weather_risk_pipeline' retrieved from /opt/airflow/dags/weather_risk_dag.py
[2026-09-20T16:28:03.475+0000] {logging_mixin.py:188} INFO - [2026-09-20T16:28:03.474+0000] {dag.py:3089} INFO - Sync 1 DAGs
[2026-09-20T16:28:03.512+0000] {logging_mixin.py:188} INFO - [2026-09-20T16:28:03.512+0000] {dag.py:3947} INFO - Setting next_dagrun for weather_risk_pipeline to 2026-09-19 00:00:00+00:00, run_after=2026-09-20 00:00:00+00:00
[2026-09-20T16:28:03.539+0000] {processor.py:183} INFO - Processing /opt/airflow/dags/weather_risk_dag.py took 0.656 seconds
[2026-09-20T16:28:33.734+0000] {processor.py:161} INFO - Started process (PID=476) to work on /opt/airflow/dags/weather_risk_dag.py
[2026-09-20T16:28:33.735+0000] {processor.py:830} INFO - Processing file /opt/airflow/dags/weather_risk_dag.py for tasks to queue
[2026-09-20T16:28:33.739+0000] {logging_mixin.py:188} INFO - [2026-09-20T16:28:33.738+0000] {dagbag.py:545} INFO - Filling up the DagBag from /opt/airflow/dags/weather_risk_dag.py
[2026-09-20T16:28:34.257+0000] {processor.py:840} INFO - DAG(s) 'weather_risk_pipeline' retrieved from /opt/airflow/dags/weather_risk_dag.py
[2026-09-20T16:28:34.307+0000] {logging_mixin.py:188} INFO - [2026-09-20T16:28:34.306+0000] {dag.py:3089} INFO - Sync 1 DAGs
[2026-09-20T16:28:34.344+0000] {logging_mixin.py:188} INFO - [2026-09-20T16:28:34.344+0000] {dag.py:3947} INFO - Setting next_dagrun for weather_risk_pipeline to 2026-09-19 00:00:00+00:00, run_after=2026-09-20 00:00:00+00:00
[2026-09-20T16:28:34.375+0000] {processor.py:183} INFO - Processing /opt/airflow/dags/weather_risk_dag.py took 0.650 seconds
[2026-09-20T16:29:04.551+0000] {processor.py:161} INFO - Started process (PID=482) to work on /opt/airflow/dags/weather_risk_dag.py
[2026-09-20T16:29:04.554+0000] {processor.py:830} INFO - Processing file /opt/airflow/dags/weather_risk_dag.py for tasks to queue
[2026-09-20T16:29:04.557+0000] {logging_mixin.py:188} INFO - [2026-09-20T16:29:04.557+0000] {dagbag.py:545} INFO - Filling up the DagBag from /opt/airflow/dags/weather_risk_dag.py
[2026-09-20T16:29:05.101+0000] {processor.py:840} INFO - DAG(s) 'weather_risk_pipeline' retrieved from /opt/airflow/dags/weather_risk_dag.py
[2026-09-20T16:29:05.150+0000] {logging_mixin.py:188} INFO - [2026-09-20T16:29:05.149+0000] {dag.py:3089} INFO - Sync 1 DAGs
[2026-09-20T16:29:05.201+0000] {logging_mixin.py:188} INFO - [2026-09-20T16:29:05.200+0000] {dag.py:3947} INFO - Setting next_dagrun for weather_risk_pipeline to 2026-09-19 00:00:00+00:00, run_after=2026-09-20 00:00:00+00:00
[2026-09-20T16:29:05.416+0000] {processor.py:183} INFO - Processing /opt/airflow/dags/weather_risk_dag.py took 0.875 seconds
[2026-09-20T16:29:35.601+0000] {processor.py:161} INFO - Started process (PID=488) to work on /opt/airflow/dags/weather_risk_dag.py
[2026-09-20T16:29:35.603+0000] {processor.py:830} INFO - Processing file /opt/airflow/dags/weather_risk_dag.py for tasks to queue
[2026-09-20T16:29:35.606+0000] {logging_mixin.py:188} INFO - [2026-09-20T16:29:35.605+0000] {dagbag.py:545} INFO - Filling up the DagBag from /opt/airflow/dags/weather_risk_dag.py
[2026-09-20T16:29:36.139+0000] {processor.py:840} INFO - DAG(s) 'weather_risk_pipeline' retrieved from /opt/airflow/dags/weather_risk_dag.py
[2026-09-20T16:29:36.188+0000] {logging_mixin.py:188} INFO - [2026-09-20T16:29:36.187+0000] {dag.py:3089} INFO - Sync 1 DAGs
[2026-09-20T16:29:36.418+0000] {logging_mixin.py:188} INFO - [2026-09-20T16:29:36.418+0000] {dag.py:3947} INFO - Setting next_dagrun for weather_risk_pipeline to 2026-09-19 00:00:00+00:00, run_after=2026-09-20 00:00:00+00:00
[2026-09-20T16:29:36.453+0000] {processor.py:183} INFO - Processing /opt/airflow/dags/weather_risk_dag.py took 0.861 seconds
[2026-09-20T16:30:06.575+0000] {processor.py:161} INFO - Started process (PID=494) to work on /opt/airflow/dags/weather_risk_dag.py
[2026-09-20T16:30:06.579+0000] {processor.py:830} INFO - Processing file /opt/airflow/dags/weather_risk_dag.py for tasks to queue
[2026-09-20T16:30:06.581+0000] {logging_mixin.py:188} INFO - [2026-09-20T16:30:06.581+0000] {dagbag.py:545} INFO - Filling up the DagBag from /opt/airflow/dags/weather_risk_dag.py
[2026-09-20T16:30:07.095+0000] {processor.py:840} INFO - DAG(s) 'weather_risk_pipeline' retrieved from /opt/airflow/dags/weather_risk_dag.py
[2026-09-20T16:30:07.145+0000] {logging_mixin.py:188} INFO - [2026-09-20T16:30:07.145+0000] {dag.py:3089} INFO - Sync 1 DAGs
[2026-09-20T16:30:07.366+0000] {logging_mixin.py:188} INFO - [2026-09-20T16:30:07.366+0000] {dag.py:3947} INFO - Setting next_dagrun for weather_risk_pipeline to 2026-09-19 00:00:00+00:00, run_after=2026-09-20 00:00:00+00:00
[2026-09-20T16:30:07.398+0000] {processor.py:183} INFO - Processing /opt/airflow/dags/weather_risk_dag.py took 0.833 seconds
[2026-09-20T16:30:37.600+0000] {processor.py:161} INFO - Started process (PID=500) to work on /opt/airflow/dags/weather_risk_dag.py
[2026-09-20T16:30:37.601+0000] {processor.py:830} INFO - Processing file /opt/airflow/dags/weather_risk_dag.py for tasks to queue
[2026-09-20T16:30:37.604+0000] {logging_mixin.py:188} INFO - [2026-09-20T16:30:37.603+0000] {dagbag.py:545} INFO - Filling up the DagBag from /opt/airflow/dags/weather_risk_dag.py
[2026-09-20T16:30:38.127+0000] {processor.py:840} INFO - DAG(s) 'weather_risk_pipeline' retrieved from /opt/airflow/dags/weather_risk_dag.py
[2026-09-20T16:30:38.179+0000] {logging_mixin.py:188} INFO - [2026-09-20T16:30:38.178+0000] {dag.py:3089} INFO - Sync 1 DAGs
[2026-09-20T16:30:38.217+0000] {logging_mixin.py:188} INFO - [2026-09-20T16:30:38.217+0000] {dag.py:3947} INFO - Setting next_dagrun for weather_risk_pipeline to 2026-09-19 00:00:00+00:00, run_after=2026-09-20 00:00:00+00:00
[2026-09-20T16:30:38.245+0000] {processor.py:183} INFO - Processing /opt/airflow/dags/weather_risk_dag.py took 0.655 seconds
[2026-09-20T16:31:08.426+0000] {processor.py:161} INFO - Started process (PID=506) to work on /opt/airflow/dags/weather_risk_dag.py
[2026-09-20T16:31:08.428+0000] {processor.py:830} INFO - Processing file /opt/airflow/dags/weather_risk_dag.py for tasks to queue
[2026-09-20T16:31:08.431+0000] {logging_mixin.py:188} INFO - [2026-09-20T16:31:08.430+0000] {dagbag.py:545} INFO - Filling up the DagBag from /opt/airflow/dags/weather_risk_dag.py
[2026-09-20T16:31:08.961+0000] {processor.py:840} INFO - DAG(s) 'weather_risk_pipeline' retrieved from /opt/airflow/dags/weather_risk_dag.py
[2026-09-20T16:31:09.009+0000] {logging_mixin.py:188} INFO - [2026-09-20T16:31:09.009+0000] {dag.py:3089} INFO - Sync 1 DAGs
[2026-09-20T16:31:09.048+0000] {logging_mixin.py:188} INFO - [2026-09-20T16:31:09.047+0000] {dag.py:3947} INFO - Setting next_dagrun for weather_risk_pipeline to 2026-09-19 00:00:00+00:00, run_after=2026-09-20 00:00:00+00:00
[2026-09-20T16:31:09.079+0000] {processor.py:183} INFO - Processing /opt/airflow/dags/weather_risk_dag.py took 0.663 seconds
[2026-09-20T16:31:39.258+0000] {processor.py:161} INFO - Started process (PID=512) to work on /opt/airflow/dags/weather_risk_dag.py
[2026-09-20T16:31:39.259+0000] {processor.py:830} INFO - Processing file /opt/airflow/dags/weather_risk_dag.py for tasks to queue
[2026-09-20T16:31:39.262+0000] {logging_mixin.py:188} INFO - [2026-09-20T16:31:39.261+0000] {dagbag.py:545} INFO - Filling up the DagBag from /opt/airflow/dags/weather_risk_dag.py
[2026-09-20T16:31:39.793+0000] {processor.py:840} INFO - DAG(s) 'weather_risk_pipeline' retrieved from /opt/airflow/dags/weather_risk_dag.py
[2026-09-20T16:31:39.843+0000] {logging_mixin.py:188} INFO - [2026-09-20T16:31:39.842+0000] {dag.py:3089} INFO - Sync 1 DAGs
[2026-09-20T16:31:39.883+0000] {logging_mixin.py:188} INFO - [2026-09-20T16:31:39.883+0000] {dag.py:3947} INFO - Setting next_dagrun for weather_risk_pipeline to 2026-09-19 00:00:00+00:00, run_after=2026-09-20 00:00:00+00:00
[2026-09-20T16:31:40.097+0000] {processor.py:183} INFO - Processing /opt/airflow/dags/weather_risk_dag.py took 0.849 seconds
[2026-09-20T16:32:10.206+0000] {processor.py:161} INFO - Started process (PID=518) to work on /opt/airflow/dags/weather_risk_dag.py
[2026-09-20T16:32:10.209+0000] {processor.py:830} INFO - Processing file /opt/airflow/dags/weather_risk_dag.py for tasks to queue
[2026-09-20T16:32:10.213+0000] {logging_mixin.py:188} INFO - [2026-09-20T16:32:10.212+0000] {dagbag.py:545} INFO - Filling up the DagBag from /opt/airflow/dags/weather_risk_dag.py
[2026-09-20T16:32:10.736+0000] {processor.py:840} INFO - DAG(s) 'weather_risk_pipeline' retrieved from /opt/airflow/dags/weather_risk_dag.py
[2026-09-20T16:32:10.784+0000] {logging_mixin.py:188} INFO - [2026-09-20T16:32:10.784+0000] {dag.py:3089} INFO - Sync 1 DAGs
[2026-09-20T16:32:11.013+0000] {logging_mixin.py:188} INFO - [2026-09-20T16:32:11.012+0000] {dag.py:3947} INFO - Setting next_dagrun for weather_risk_pipeline to 2026-09-19 00:00:00+00:00, run_after=2026-09-20 00:00:00+00:00
[2026-09-20T16:32:11.046+0000] {processor.py:183} INFO - Processing /opt/airflow/dags/weather_risk_dag.py took 0.849 seconds
[2026-09-20T16:32:41.242+0000] {processor.py:161} INFO - Started process (PID=524) to work on /opt/airflow/dags/weather_risk_dag.py
[2026-09-20T16:32:41.243+0000] {processor.py:830} INFO - Processing file /opt/airflow/dags/weather_risk_dag.py for tasks to queue
[2026-09-20T16:32:41.247+0000] {logging_mixin.py:188} INFO - [2026-09-20T16:32:41.246+0000] {dagbag.py:545} INFO - Filling up the DagBag from /opt/airflow/dags/weather_risk_dag.py
[2026-09-20T16:32:41.769+0000] {processor.py:840} INFO - DAG(s) 'weather_risk_pipeline' retrieved from /opt/airflow/dags/weather_risk_dag.py
[2026-09-20T16:32:41.817+0000] {logging_mixin.py:188} INFO - [2026-09-20T16:32:41.817+0000] {dag.py:3089} INFO - Sync 1 DAGs
[2026-09-20T16:32:42.048+0000] {logging_mixin.py:188} INFO - [2026-09-20T16:32:42.047+0000] {dag.py:3947} INFO - Setting next_dagrun for weather_risk_pipeline to 2026-09-19 00:00:00+00:00, run_after=2026-09-20 00:00:00+00:00
[2026-09-20T16:32:42.088+0000] {processor.py:183} INFO - Processing /opt/airflow/dags/weather_risk_dag.py took 0.856 seconds
[2026-09-20T16:33:12.283+0000] {processor.py:161} INFO - Started process (PID=530) to work on /opt/airflow/dags/weather_risk_dag.py
[2026-09-20T16:33:12.286+0000] {processor.py:830} INFO - Processing file /opt/airflow/dags/weather_risk_dag.py for tasks to queue
[2026-09-20T16:33:12.288+0000] {logging_mixin.py:188} INFO - [2026-09-20T16:33:12.288+0000] {dagbag.py:545} INFO - Filling up the DagBag from /opt/airflow/dags/weather_risk_dag.py
[2026-09-20T16:33:12.833+0000] {processor.py:840} INFO - DAG(s) 'weather_risk_pipeline' retrieved from /opt/airflow/dags/weather_risk_dag.py
[2026-09-20T16:33:12.883+0000] {logging_mixin.py:188} INFO - [2026-09-20T16:33:12.883+0000] {dag.py:3089} INFO - Sync 1 DAGs
[2026-09-20T16:33:12.921+0000] {logging_mixin.py:188} INFO - [2026-09-20T16:33:12.921+0000] {dag.py:3947} INFO - Setting next_dagrun for weather_risk_pipeline to 2026-09-19 00:00:00+00:00, run_after=2026-09-20 00:00:00+00:00
[2026-09-20T16:33:12.954+0000] {processor.py:183} INFO - Processing /opt/airflow/dags/weather_risk_dag.py took 0.680 seconds
[2026-09-20T16:33:43.147+0000] {processor.py:161} INFO - Started process (PID=536) to work on /opt/airflow/dags/weather_risk_dag.py
[2026-09-20T16:33:43.148+0000] {processor.py:830} INFO - Processing file /opt/airflow/dags/weather_risk_dag.py for tasks to queue
[2026-09-20T16:33:43.151+0000] {logging_mixin.py:188} INFO - [2026-09-20T16:33:43.150+0000] {dagbag.py:545} INFO - Filling up the DagBag from /opt/airflow/dags/weather_risk_dag.py
[2026-09-20T16:33:43.674+0000] {processor.py:840} INFO - DAG(s) 'weather_risk_pipeline' retrieved from /opt/airflow/dags/weather_risk_dag.py
[2026-09-20T16:33:43.723+0000] {logging_mixin.py:188} INFO - [2026-09-20T16:33:43.722+0000] {dag.py:3089} INFO - Sync 1 DAGs
[2026-09-20T16:33:43.760+0000] {logging_mixin.py:188} INFO - [2026-09-20T16:33:43.760+0000] {dag.py:3947} INFO - Setting next_dagrun for weather_risk_pipeline to 2026-09-19 00:00:00+00:00, run_after=2026-09-20 00:00:00+00:00
[2026-09-20T16:33:43.790+0000] {processor.py:183} INFO - Processing /opt/airflow/dags/weather_risk_dag.py took 0.652 seconds
[2026-09-20T16:34:13.963+0000] {processor.py:161} INFO - Started process (PID=542) to work on /opt/airflow/dags/weather_risk_dag.py
[2026-09-20T16:34:13.965+0000] {processor.py:830} INFO - Processing file /opt/airflow/dags/weather_risk_dag.py for tasks to queue
[2026-09-20T16:34:13.968+0000] {logging_mixin.py:188} INFO - [2026-09-20T16:34:13.967+0000] {dagbag.py:545} INFO - Filling up the DagBag from /opt/airflow/dags/weather_risk_dag.py
[2026-09-20T16:34:14.487+0000] {processor.py:840} INFO - DAG(s) 'weather_risk_pipeline' retrieved from /opt/airflow/dags/weather_risk_dag.py
[2026-09-20T16:34:14.539+0000] {logging_mixin.py:188} INFO - [2026-09-20T16:34:14.538+0000] {dag.py:3089} INFO - Sync 1 DAGs
[2026-09-20T16:34:14.579+0000] {logging_mixin.py:188} INFO - [2026-09-20T16:34:14.578+0000] {dag.py:3947} INFO - Setting next_dagrun for weather_risk_pipeline to 2026-09-19 00:00:00+00:00, run_after=2026-09-20 00:00:00+00:00
[2026-09-20T16:34:14.610+0000] {processor.py:183} INFO - Processing /opt/airflow/dags/weather_risk_dag.py took 0.656 seconds
[2026-09-20T16:34:44.794+0000] {processor.py:161} INFO - Started process (PID=548) to work on /opt/airflow/dags/weather_risk_dag.py
[2026-09-20T16:34:44.795+0000] {processor.py:830} INFO - Processing file /opt/airflow/dags/weather_risk_dag.py for tasks to queue
[2026-09-20T16:34:44.797+0000] {logging_mixin.py:188} INFO - [2026-09-20T16:34:44.797+0000] {dagbag.py:545} INFO - Filling up the DagBag from /opt/airflow/dags/weather_risk_dag.py
[2026-09-20T16:34:45.322+0000] {processor.py:840} INFO - DAG(s) 'weather_risk_pipeline' retrieved from /opt/airflow/dags/weather_risk_dag.py
[2026-09-20T16:34:45.371+0000] {logging_mixin.py:188} INFO - [2026-09-20T16:34:45.370+0000] {dag.py:3089} INFO - Sync 1 DAGs
[2026-09-20T16:34:45.410+0000] {logging_mixin.py:188} INFO - [2026-09-20T16:34:45.410+0000] {dag.py:3947} INFO - Setting next_dagrun for weather_risk_pipeline to 2026-09-19 00:00:00+00:00, run_after=2026-09-20 00:00:00+00:00
[2026-09-20T16:34:45.629+0000] {processor.py:183} INFO - Processing /opt/airflow/dags/weather_risk_dag.py took 0.844 seconds
[2026-09-20T16:35:15.816+0000] {processor.py:161} INFO - Started process (PID=554) to work on /opt/airflow/dags/weather_risk_dag.py
[2026-09-20T16:35:15.819+0000] {processor.py:830} INFO - Processing file /opt/airflow/dags/weather_risk_dag.py for tasks to queue
[2026-09-20T16:35:15.821+0000] {logging_mixin.py:188} INFO - [2026-09-20T16:35:15.821+0000] {dagbag.py:545} INFO - Filling up the DagBag from /opt/airflow/dags/weather_risk_dag.py
[2026-09-20T16:35:16.358+0000] {processor.py:840} INFO - DAG(s) 'weather_risk_pipeline' retrieved from /opt/airflow/dags/weather_risk_dag.py
[2026-09-20T16:35:16.408+0000] {logging_mixin.py:188} INFO - [2026-09-20T16:35:16.408+0000] {dag.py:3089} INFO - Sync 1 DAGs
[2026-09-20T16:35:16.639+0000] {logging_mixin.py:188} INFO - [2026-09-20T16:35:16.639+0000] {dag.py:3947} INFO - Setting next_dagrun for weather_risk_pipeline to 2026-09-19 00:00:00+00:00, run_after=2026-09-20 00:00:00+00:00
[2026-09-20T16:35:16.671+0000] {processor.py:183} INFO - Processing /opt/airflow/dags/weather_risk_dag.py took 0.865 seconds
[2026-09-20T16:35:46.859+0000] {processor.py:161} INFO - Started process (PID=560) to work on /opt/airflow/dags/weather_risk_dag.py
[2026-09-20T16:35:46.861+0000] {processor.py:830} INFO - Processing file /opt/airflow/dags/weather_risk_dag.py for tasks to queue
[2026-09-20T16:35:46.863+0000] {logging_mixin.py:188} INFO - [2026-09-20T16:35:46.863+0000] {dagbag.py:545} INFO - Filling up the DagBag from /opt/airflow/dags/weather_risk_dag.py
[2026-09-20T16:35:47.388+0000] {processor.py:840} INFO - DAG(s) 'weather_risk_pipeline' retrieved from /opt/airflow/dags/weather_risk_dag.py
[2026-09-20T16:35:47.437+0000] {logging_mixin.py:188} INFO - [2026-09-20T16:35:47.437+0000] {dag.py:3089} INFO - Sync 1 DAGs
[2026-09-20T16:35:47.672+0000] {logging_mixin.py:188} INFO - [2026-09-20T16:35:47.672+0000] {dag.py:3947} INFO - Setting next_dagrun for weather_risk_pipeline to 2026-09-19 00:00:00+00:00, run_after=2026-09-20 00:00:00+00:00
[2026-09-20T16:35:47.704+0000] {processor.py:183} INFO - Processing /opt/airflow/dags/weather_risk_dag.py took 0.854 seconds
[2026-09-20T16:36:17.889+0000] {processor.py:161} INFO - Started process (PID=566) to work on /opt/airflow/dags/weather_risk_dag.py
[2026-09-20T16:36:17.892+0000] {processor.py:830} INFO - Processing file /opt/airflow/dags/weather_risk_dag.py for tasks to queue
[2026-09-20T16:36:17.894+0000] {logging_mixin.py:188} INFO - [2026-09-20T16:36:17.894+0000] {dagbag.py:545} INFO - Filling up the DagBag from /opt/airflow/dags/weather_risk_dag.py
[2026-09-20T16:36:18.407+0000] {processor.py:840} INFO - DAG(s) 'weather_risk_pipeline' retrieved from /opt/airflow/dags/weather_risk_dag.py
[2026-09-20T16:36:18.458+0000] {logging_mixin.py:188} INFO - [2026-09-20T16:36:18.458+0000] {dag.py:3089} INFO - Sync 1 DAGs
[2026-09-20T16:36:18.499+0000] {logging_mixin.py:188} INFO - [2026-09-20T16:36:18.498+0000] {dag.py:3947} INFO - Setting next_dagrun for weather_risk_pipeline to 2026-09-19 00:00:00+00:00, run_after=2026-09-20 00:00:00+00:00
[2026-09-20T16:36:18.529+0000] {processor.py:183} INFO - Processing /opt/airflow/dags/weather_risk_dag.py took 0.650 seconds
[2026-09-20T16:36:48.699+0000] {processor.py:161} INFO - Started process (PID=572) to work on /opt/airflow/dags/weather_risk_dag.py
[2026-09-20T16:36:48.700+0000] {processor.py:830} INFO - Processing file /opt/airflow/dags/weather_risk_dag.py for tasks to queue
[2026-09-20T16:36:48.703+0000] {logging_mixin.py:188} INFO - [2026-09-20T16:36:48.703+0000] {dagbag.py:545} INFO - Filling up the DagBag from /opt/airflow/dags/weather_risk_dag.py
[2026-09-20T16:36:49.218+0000] {processor.py:840} INFO - DAG(s) 'weather_risk_pipeline' retrieved from /opt/airflow/dags/weather_risk_dag.py
[2026-09-20T16:36:49.268+0000] {logging_mixin.py:188} INFO - [2026-09-20T16:36:49.267+0000] {dag.py:3089} INFO - Sync 1 DAGs
[2026-09-20T16:36:49.306+0000] {logging_mixin.py:188} INFO - [2026-09-20T16:36:49.306+0000] {dag.py:3947} INFO - Setting next_dagrun for weather_risk_pipeline to 2026-09-19 00:00:00+00:00, run_after=2026-09-20 00:00:00+00:00
[2026-09-20T16:36:49.336+0000] {processor.py:183} INFO - Processing /opt/airflow/dags/weather_risk_dag.py took 0.647 seconds
[2026-09-20T16:37:19.515+0000] {processor.py:161} INFO - Started process (PID=578) to work on /opt/airflow/dags/weather_risk_dag.py
[2026-09-20T16:37:19.516+0000] {processor.py:830} INFO - Processing file /opt/airflow/dags/weather_risk_dag.py for tasks to queue
[2026-09-20T16:37:19.519+0000] {logging_mixin.py:188} INFO - [2026-09-20T16:37:19.519+0000] {dagbag.py:545} INFO - Filling up the DagBag from /opt/airflow/dags/weather_risk_dag.py
[2026-09-20T16:37:20.033+0000] {processor.py:840} INFO - DAG(s) 'weather_risk_pipeline' retrieved from /opt/airflow/dags/weather_risk_dag.py
[2026-09-20T16:37:20.083+0000] {logging_mixin.py:188} INFO - [2026-09-20T16:37:20.083+0000] {dag.py:3089} INFO - Sync 1 DAGs
[2026-09-20T16:37:20.121+0000] {logging_mixin.py:188} INFO - [2026-09-20T16:37:20.121+0000] {dag.py:3947} INFO - Setting next_dagrun for weather_risk_pipeline to 2026-09-19 00:00:00+00:00, run_after=2026-09-20 00:00:00+00:00
[2026-09-20T16:37:20.151+0000] {processor.py:183} INFO - Processing /opt/airflow/dags/weather_risk_dag.py took 0.645 seconds
[2026-09-20T16:37:50.333+0000] {processor.py:161} INFO - Started process (PID=584) to work on /opt/airflow/dags/weather_risk_dag.py
[2026-09-20T16:37:50.334+0000] {processor.py:830} INFO - Processing file /opt/airflow/dags/weather_risk_dag.py for tasks to queue
[2026-09-20T16:37:50.339+0000] {logging_mixin.py:188} INFO - [2026-09-20T16:37:50.338+0000] {dagbag.py:545} INFO - Filling up the DagBag from /opt/airflow/dags/weather_risk_dag.py
[2026-09-20T16:37:50.864+0000] {processor.py:840} INFO - DAG(s) 'weather_risk_pipeline' retrieved from /opt/airflow/dags/weather_risk_dag.py
[2026-09-20T16:37:50.913+0000] {logging_mixin.py:188} INFO - [2026-09-20T16:37:50.912+0000] {dag.py:3089} INFO - Sync 1 DAGs
[2026-09-20T16:37:50.959+0000] {logging_mixin.py:188} INFO - [2026-09-20T16:37:50.958+0000] {dag.py:3947} INFO - Setting next_dagrun for weather_risk_pipeline to 2026-09-19 00:00:00+00:00, run_after=2026-09-20 00:00:00+00:00
[2026-09-20T16:37:51.174+0000] {processor.py:183} INFO - Processing /opt/airflow/dags/weather_risk_dag.py took 0.855 seconds
[2026-09-20T16:38:21.355+0000] {processor.py:161} INFO - Started process (PID=590) to work on /opt/airflow/dags/weather_risk_dag.py
[2026-09-20T16:38:21.356+0000] {processor.py:830} INFO - Processing file /opt/airflow/dags/weather_risk_dag.py for tasks to queue
[2026-09-20T16:38:21.359+0000] {logging_mixin.py:188} INFO - [2026-09-20T16:38:21.359+0000] {dagbag.py:545} INFO - Filling up the DagBag from /opt/airflow/dags/weather_risk_dag.py
[2026-09-20T16:38:21.883+0000] {processor.py:840} INFO - DAG(s) 'weather_risk_pipeline' retrieved from /opt/airflow/dags/weather_risk_dag.py
[2026-09-20T16:38:21.933+0000] {logging_mixin.py:188} INFO - [2026-09-20T16:38:21.932+0000] {dag.py:3089} INFO - Sync 1 DAGs
[2026-09-20T16:38:22.160+0000] {logging_mixin.py:188} INFO - [2026-09-20T16:38:22.159+0000] {dag.py:3947} INFO - Setting next_dagrun for weather_risk_pipeline to 2026-09-19 00:00:00+00:00, run_after=2026-09-20 00:00:00+00:00
[2026-09-20T16:38:22.192+0000] {processor.py:183} INFO - Processing /opt/airflow/dags/weather_risk_dag.py took 0.847 seconds
[2026-09-20T16:38:52.341+0000] {processor.py:161} INFO - Started process (PID=596) to work on /opt/airflow/dags/weather_risk_dag.py
[2026-09-20T16:38:52.344+0000] {processor.py:830} INFO - Processing file /opt/airflow/dags/weather_risk_dag.py for tasks to queue
[2026-09-20T16:38:52.346+0000] {logging_mixin.py:188} INFO - [2026-09-20T16:38:52.346+0000] {dagbag.py:545} INFO - Filling up the DagBag from /opt/airflow/dags/weather_risk_dag.py
[2026-09-20T16:38:52.882+0000] {processor.py:840} INFO - DAG(s) 'weather_risk_pipeline' retrieved from /opt/airflow/dags/weather_risk_dag.py
[2026-09-20T16:38:52.930+0000] {logging_mixin.py:188} INFO - [2026-09-20T16:38:52.929+0000] {dag.py:3089} INFO - Sync 1 DAGs
[2026-09-20T16:38:53.162+0000] {logging_mixin.py:188} INFO - [2026-09-20T16:38:53.161+0000] {dag.py:3947} INFO - Setting next_dagrun for weather_risk_pipeline to 2026-09-19 00:00:00+00:00, run_after=2026-09-20 00:00:00+00:00
[2026-09-20T16:38:53.193+0000] {processor.py:183} INFO - Processing /opt/airflow/dags/weather_risk_dag.py took 0.862 seconds
[2026-09-20T16:39:23.392+0000] {processor.py:161} INFO - Started process (PID=602) to work on /opt/airflow/dags/weather_risk_dag.py
[2026-09-20T16:39:23.395+0000] {processor.py:830} INFO - Processing file /opt/airflow/dags/weather_risk_dag.py for tasks to queue
[2026-09-20T16:39:23.398+0000] {logging_mixin.py:188} INFO - [2026-09-20T16:39:23.397+0000] {dagbag.py:545} INFO - Filling up the DagBag from /opt/airflow/dags/weather_risk_dag.py
[2026-09-20T16:39:23.914+0000] {processor.py:840} INFO - DAG(s) 'weather_risk_pipeline' retrieved from /opt/airflow/dags/weather_risk_dag.py
[2026-09-20T16:39:23.962+0000] {logging_mixin.py:188} INFO - [2026-09-20T16:39:23.961+0000] {dag.py:3089} INFO - Sync 1 DAGs
[2026-09-20T16:39:23.999+0000] {logging_mixin.py:188} INFO - [2026-09-20T16:39:23.999+0000] {dag.py:3947} INFO - Setting next_dagrun for weather_risk_pipeline to 2026-09-19 00:00:00+00:00, run_after=2026-09-20 00:00:00+00:00
[2026-09-20T16:39:24.030+0000] {processor.py:183} INFO - Processing /opt/airflow/dags/weather_risk_dag.py took 0.648 seconds
[2026-09-20T16:39:54.206+0000] {processor.py:161} INFO - Started process (PID=608) to work on /opt/airflow/dags/weather_risk_dag.py
[2026-09-20T16:39:54.209+0000] {processor.py:830} INFO - Processing file /opt/airflow/dags/weather_risk_dag.py for tasks to queue
[2026-09-20T16:39:54.211+0000] {logging_mixin.py:188} INFO - [2026-09-20T16:39:54.211+0000] {dagbag.py:545} INFO - Filling up the DagBag from /opt/airflow/dags/weather_risk_dag.py
[2026-09-20T16:39:54.731+0000] {processor.py:840} INFO - DAG(s) 'weather_risk_pipeline' retrieved from /opt/airflow/dags/weather_risk_dag.py
[2026-09-20T16:39:54.779+0000] {logging_mixin.py:188} INFO - [2026-09-20T16:39:54.778+0000] {dag.py:3089} INFO - Sync 1 DAGs
[2026-09-20T16:39:54.817+0000] {logging_mixin.py:188} INFO - [2026-09-20T16:39:54.816+0000] {dag.py:3947} INFO - Setting next_dagrun for weather_risk_pipeline to 2026-09-19 00:00:00+00:00, run_after=2026-09-20 00:00:00+00:00
[2026-09-20T16:39:54.846+0000] {processor.py:183} INFO - Processing /opt/airflow/dags/weather_risk_dag.py took 0.650 seconds
[2026-09-20T16:40:25.026+0000] {processor.py:161} INFO - Started process (PID=614) to work on /opt/airflow/dags/weather_risk_dag.py
[2026-09-20T16:40:25.028+0000] {processor.py:830} INFO - Processing file /opt/airflow/dags/weather_risk_dag.py for tasks to queue
[2026-09-20T16:40:25.031+0000] {logging_mixin.py:188} INFO - [2026-09-20T16:40:25.030+0000] {dagbag.py:545} INFO - Filling up the DagBag from /opt/airflow/dags/weather_risk_dag.py
[2026-09-20T16:40:25.571+0000] {processor.py:840} INFO - DAG(s) 'weather_risk_pipeline' retrieved from /opt/airflow/dags/weather_risk_dag.py
[2026-09-20T16:40:25.621+0000] {logging_mixin.py:188} INFO - [2026-09-20T16:40:25.620+0000] {dag.py:3089} INFO - Sync 1 DAGs
[2026-09-20T16:40:25.660+0000] {logging_mixin.py:188} INFO - [2026-09-20T16:40:25.660+0000] {dag.py:3947} INFO - Setting next_dagrun for weather_risk_pipeline to 2026-09-19 00:00:00+00:00, run_after=2026-09-20 00:00:00+00:00
[2026-09-20T16:40:25.690+0000] {processor.py:183} INFO - Processing /opt/airflow/dags/weather_risk_dag.py took 0.674 seconds
[2026-09-20T16:40:55.881+0000] {processor.py:161} INFO - Started process (PID=620) to work on /opt/airflow/dags/weather_risk_dag.py
[2026-09-20T16:40:55.884+0000] {processor.py:830} INFO - Processing file /opt/airflow/dags/weather_risk_dag.py for tasks to queue
[2026-09-20T16:40:55.887+0000] {logging_mixin.py:188} INFO - [2026-09-20T16:40:55.886+0000] {dagbag.py:545} INFO - Filling up the DagBag from /opt/airflow/dags/weather_risk_dag.py
[2026-09-20T16:40:56.402+0000] {processor.py:840} INFO - DAG(s) 'weather_risk_pipeline' retrieved from /opt/airflow/dags/weather_risk_dag.py
[2026-09-20T16:40:56.462+0000] {logging_mixin.py:188} INFO - [2026-09-20T16:40:56.462+0000] {dag.py:3089} INFO - Sync 1 DAGs
[2026-09-20T16:40:56.502+0000] {logging_mixin.py:188} INFO - [2026-09-20T16:40:56.501+0000] {dag.py:3947} INFO - Setting next_dagrun for weather_risk_pipeline to 2026-09-19 00:00:00+00:00, run_after=2026-09-20 00:00:00+00:00
[2026-09-20T16:40:56.715+0000] {processor.py:183} INFO - Processing /opt/airflow/dags/weather_risk_dag.py took 0.843 seconds
[2026-09-20T16:41:26.905+0000] {processor.py:161} INFO - Started process (PID=626) to work on /opt/airflow/dags/weather_risk_dag.py
[2026-09-20T16:41:26.908+0000] {processor.py:830} INFO - Processing file /opt/airflow/dags/weather_risk_dag.py for tasks to queue
[2026-09-20T16:41:26.911+0000] {logging_mixin.py:188} INFO - [2026-09-20T16:41:26.910+0000] {dagbag.py:545} INFO - Filling up the DagBag from /opt/airflow/dags/weather_risk_dag.py
[2026-09-20T16:41:27.436+0000] {processor.py:840} INFO - DAG(s) 'weather_risk_pipeline' retrieved from /opt/airflow/dags/weather_risk_dag.py
[2026-09-20T16:41:27.485+0000] {logging_mixin.py:188} INFO - [2026-09-20T16:41:27.484+0000] {dag.py:3089} INFO - Sync 1 DAGs
[2026-09-20T16:41:27.713+0000] {logging_mixin.py:188} INFO - [2026-09-20T16:41:27.713+0000] {dag.py:3947} INFO - Setting next_dagrun for weather_risk_pipeline to 2026-09-19 00:00:00+00:00, run_after=2026-09-20 00:00:00+00:00
[2026-09-20T16:41:27.746+0000] {processor.py:183} INFO - Processing /opt/airflow/dags/weather_risk_dag.py took 0.850 seconds
[2026-09-20T16:41:57.937+0000] {processor.py:161} INFO - Started process (PID=632) to work on /opt/airflow/dags/weather_risk_dag.py
[2026-09-20T16:41:57.940+0000] {processor.py:830} INFO - Processing file /opt/airflow/dags/weather_risk_dag.py for tasks to queue
[2026-09-20T16:41:57.942+0000] {logging_mixin.py:188} INFO - [2026-09-20T16:41:57.942+0000] {dagbag.py:545} INFO - Filling up the DagBag from /opt/airflow/dags/weather_risk_dag.py
[2026-09-20T16:41:58.475+0000] {processor.py:840} INFO - DAG(s) 'weather_risk_pipeline' retrieved from /opt/airflow/dags/weather_risk_dag.py
[2026-09-20T16:41:58.526+0000] {logging_mixin.py:188} INFO - [2026-09-20T16:41:58.525+0000] {dag.py:3089} INFO - Sync 1 DAGs
[2026-09-20T16:41:58.745+0000] {logging_mixin.py:188} INFO - [2026-09-20T16:41:58.745+0000] {dag.py:3947} INFO - Setting next_dagrun for weather_risk_pipeline to 2026-09-19 00:00:00+00:00, run_after=2026-09-20 00:00:00+00:00
[2026-09-20T16:41:58.776+0000] {processor.py:183} INFO - Processing /opt/airflow/dags/weather_risk_dag.py took 0.849 seconds
[2026-09-20T16:42:28.966+0000] {processor.py:161} INFO - Started process (PID=638) to work on /opt/airflow/dags/weather_risk_dag.py
[2026-09-20T16:42:28.969+0000] {processor.py:830} INFO - Processing file /opt/airflow/dags/weather_risk_dag.py for tasks to queue
[2026-09-20T16:42:28.971+0000] {logging_mixin.py:188} INFO - [2026-09-20T16:42:28.971+0000] {dagbag.py:545} INFO - Filling up the DagBag from /opt/airflow/dags/weather_risk_dag.py
[2026-09-20T16:42:29.497+0000] {processor.py:840} INFO - DAG(s) 'weather_risk_pipeline' retrieved from /opt/airflow/dags/weather_risk_dag.py
[2026-09-20T16:42:29.546+0000] {logging_mixin.py:188} INFO - [2026-09-20T16:42:29.545+0000] {dag.py:3089} INFO - Sync 1 DAGs
[2026-09-20T16:42:29.584+0000] {logging_mixin.py:188} INFO - [2026-09-20T16:42:29.583+0000] {dag.py:3947} INFO - Setting next_dagrun for weather_risk_pipeline to 2026-09-19 00:00:00+00:00, run_after=2026-09-20 00:00:00+00:00
[2026-09-20T16:42:29.616+0000] {processor.py:183} INFO - Processing /opt/airflow/dags/weather_risk_dag.py took 0.659 seconds
[2026-09-20T16:42:59.732+0000] {processor.py:161} INFO - Started process (PID=644) to work on /opt/airflow/dags/weather_risk_dag.py
[2026-09-20T16:42:59.734+0000] {processor.py:830} INFO - Processing file /opt/airflow/dags/weather_risk_dag.py for tasks to queue
[2026-09-20T16:42:59.737+0000] {logging_mixin.py:188} INFO - [2026-09-20T16:42:59.736+0000] {dagbag.py:545} INFO - Filling up the DagBag from /opt/airflow/dags/weather_risk_dag.py
[2026-09-20T16:43:00.252+0000] {processor.py:840} INFO - DAG(s) 'weather_risk_pipeline' retrieved from /opt/airflow/dags/weather_risk_dag.py
[2026-09-20T16:43:00.300+0000] {logging_mixin.py:188} INFO - [2026-09-20T16:43:00.299+0000] {dag.py:3089} INFO - Sync 1 DAGs
[2026-09-20T16:43:00.338+0000] {logging_mixin.py:188} INFO - [2026-09-20T16:43:00.338+0000] {dag.py:3947} INFO - Setting next_dagrun for weather_risk_pipeline to 2026-09-19 00:00:00+00:00, run_after=2026-09-20 00:00:00+00:00
[2026-09-20T16:43:00.369+0000] {processor.py:183} INFO - Processing /opt/airflow/dags/weather_risk_dag.py took 0.647 seconds
[2026-09-20T16:43:30.555+0000] {processor.py:161} INFO - Started process (PID=650) to work on /opt/airflow/dags/weather_risk_dag.py
[2026-09-20T16:43:30.557+0000] {processor.py:830} INFO - Processing file /opt/airflow/dags/weather_risk_dag.py for tasks to queue
[2026-09-20T16:43:30.559+0000] {logging_mixin.py:188} INFO - [2026-09-20T16:43:30.559+0000] {dagbag.py:545} INFO - Filling up the DagBag from /opt/airflow/dags/weather_risk_dag.py
[2026-09-20T16:43:31.066+0000] {processor.py:840} INFO - DAG(s) 'weather_risk_pipeline' retrieved from /opt/airflow/dags/weather_risk_dag.py
[2026-09-20T16:43:31.114+0000] {logging_mixin.py:188} INFO - [2026-09-20T16:43:31.113+0000] {dag.py:3089} INFO - Sync 1 DAGs
[2026-09-20T16:43:31.152+0000] {logging_mixin.py:188} INFO - [2026-09-20T16:43:31.151+0000] {dag.py:3947} INFO - Setting next_dagrun for weather_risk_pipeline to 2026-09-19 00:00:00+00:00, run_after=2026-09-20 00:00:00+00:00
[2026-09-20T16:43:31.184+0000] {processor.py:183} INFO - Processing /opt/airflow/dags/weather_risk_dag.py took 0.638 seconds
[2026-09-20T16:44:01.355+0000] {processor.py:161} INFO - Started process (PID=656) to work on /opt/airflow/dags/weather_risk_dag.py
[2026-09-20T16:44:01.357+0000] {processor.py:830} INFO - Processing file /opt/airflow/dags/weather_risk_dag.py for tasks to queue
[2026-09-20T16:44:01.360+0000] {logging_mixin.py:188} INFO - [2026-09-20T16:44:01.359+0000] {dagbag.py:545} INFO - Filling up the DagBag from /opt/airflow/dags/weather_risk_dag.py
[2026-09-20T16:44:01.885+0000] {processor.py:840} INFO - DAG(s) 'weather_risk_pipeline' retrieved from /opt/airflow/dags/weather_risk_dag.py
[2026-09-20T16:44:01.935+0000] {logging_mixin.py:188} INFO - [2026-09-20T16:44:01.934+0000] {dag.py:3089} INFO - Sync 1 DAGs
[2026-09-20T16:44:01.975+0000] {logging_mixin.py:188} INFO - [2026-09-20T16:44:01.975+0000] {dag.py:3947} INFO - Setting next_dagrun for weather_risk_pipeline to 2026-09-19 00:00:00+00:00, run_after=2026-09-20 00:00:00+00:00
[2026-09-20T16:44:02.199+0000] {processor.py:183} INFO - Processing /opt/airflow/dags/weather_risk_dag.py took 0.854 seconds
[2026-09-20T16:44:32.382+0000] {processor.py:161} INFO - Started process (PID=662) to work on /opt/airflow/dags/weather_risk_dag.py
[2026-09-20T16:44:32.384+0000] {processor.py:830} INFO - Processing file /opt/airflow/dags/weather_risk_dag.py for tasks to queue
[2026-09-20T16:44:32.387+0000] {logging_mixin.py:188} INFO - [2026-09-20T16:44:32.386+0000] {dagbag.py:545} INFO - Filling up the DagBag from /opt/airflow/dags/weather_risk_dag.py
[2026-09-20T16:44:32.925+0000] {processor.py:840} INFO - DAG(s) 'weather_risk_pipeline' retrieved from /opt/airflow/dags/weather_risk_dag.py
[2026-09-20T16:44:32.975+0000] {logging_mixin.py:188} INFO - [2026-09-20T16:44:32.974+0000] {dag.py:3089} INFO - Sync 1 DAGs
[2026-09-20T16:44:33.204+0000] {logging_mixin.py:188} INFO - [2026-09-20T16:44:33.203+0000] {dag.py:3947} INFO - Setting next_dagrun for weather_risk_pipeline to 2026-09-19 00:00:00+00:00, run_after=2026-09-20 00:00:00+00:00
[2026-09-20T16:44:33.243+0000] {processor.py:183} INFO - Processing /opt/airflow/dags/weather_risk_dag.py took 0.871 seconds
[2026-09-20T16:45:03.382+0000] {processor.py:161} INFO - Started process (PID=668) to work on /opt/airflow/dags/weather_risk_dag.py
[2026-09-20T16:45:03.385+0000] {processor.py:830} INFO - Processing file /opt/airflow/dags/weather_risk_dag.py for tasks to queue
[2026-09-20T16:45:03.388+0000] {logging_mixin.py:188} INFO - [2026-09-20T16:45:03.388+0000] {dagbag.py:545} INFO - Filling up the DagBag from /opt/airflow/dags/weather_risk_dag.py
[2026-09-20T16:45:03.921+0000] {processor.py:840} INFO - DAG(s) 'weather_risk_pipeline' retrieved from /opt/airflow/dags/weather_risk_dag.py
[2026-09-20T16:45:03.971+0000] {logging_mixin.py:188} INFO - [2026-09-20T16:45:03.971+0000] {dag.py:3089} INFO - Sync 1 DAGs
[2026-09-20T16:45:04.192+0000] {logging_mixin.py:188} INFO - [2026-09-20T16:45:04.192+0000] {dag.py:3947} INFO - Setting next_dagrun for weather_risk_pipeline to 2026-09-19 00:00:00+00:00, run_after=2026-09-20 00:00:00+00:00
[2026-09-20T16:45:04.223+0000] {processor.py:183} INFO - Processing /opt/airflow/dags/weather_risk_dag.py took 0.851 seconds
[2026-09-20T16:45:34.416+0000] {processor.py:161} INFO - Started process (PID=674) to work on /opt/airflow/dags/weather_risk_dag.py
[2026-09-20T16:45:34.418+0000] {processor.py:830} INFO - Processing file /opt/airflow/dags/weather_risk_dag.py for tasks to queue
[2026-09-20T16:45:34.421+0000] {logging_mixin.py:188} INFO - [2026-09-20T16:45:34.421+0000] {dagbag.py:545} INFO - Filling up the DagBag from /opt/airflow/dags/weather_risk_dag.py
[2026-09-20T16:45:34.949+0000] {processor.py:840} INFO - DAG(s) 'weather_risk_pipeline' retrieved from /opt/airflow/dags/weather_risk_dag.py
[2026-09-20T16:45:34.997+0000] {logging_mixin.py:188} INFO - [2026-09-20T16:45:34.997+0000] {dag.py:3089} INFO - Sync 1 DAGs
[2026-09-20T16:45:35.035+0000] {logging_mixin.py:188} INFO - [2026-09-20T16:45:35.035+0000] {dag.py:3947} INFO - Setting next_dagrun for weather_risk_pipeline to 2026-09-19 00:00:00+00:00, run_after=2026-09-20 00:00:00+00:00
[2026-09-20T16:45:35.066+0000] {processor.py:183} INFO - Processing /opt/airflow/dags/weather_risk_dag.py took 0.659 seconds
[2026-09-20T16:46:05.254+0000] {processor.py:161} INFO - Started process (PID=680) to work on /opt/airflow/dags/weather_risk_dag.py
[2026-09-20T16:46:05.257+0000] {processor.py:830} INFO - Processing file /opt/airflow/dags/weather_risk_dag.py for tasks to queue
[2026-09-20T16:46:05.261+0000] {logging_mixin.py:188} INFO - [2026-09-20T16:46:05.260+0000] {dagbag.py:545} INFO - Filling up the DagBag from /opt/airflow/dags/weather_risk_dag.py
[2026-09-20T16:46:06.038+0000] {processor.py:840} INFO - DAG(s) 'weather_risk_pipeline' retrieved from /opt/airflow/dags/weather_risk_dag.py
[2026-09-20T16:46:06.115+0000] {logging_mixin.py:188} INFO - [2026-09-20T16:46:06.113+0000] {dag.py:3089} INFO - Sync 1 DAGs
[2026-09-20T16:46:06.186+0000] {logging_mixin.py:188} INFO - [2026-09-20T16:46:06.185+0000] {dag.py:3947} INFO - Setting next_dagrun for weather_risk_pipeline to 2026-09-19 00:00:00+00:00, run_after=2026-09-20 00:00:00+00:00
[2026-09-20T16:46:06.248+0000] {processor.py:183} INFO - Processing /opt/airflow/dags/weather_risk_dag.py took 1.007 seconds
[2026-09-20T16:46:36.407+0000] {processor.py:161} INFO - Started process (PID=692) to work on /opt/airflow/dags/weather_risk_dag.py
[2026-09-20T16:46:36.408+0000] {processor.py:830} INFO - Processing file /opt/airflow/dags/weather_risk_dag.py for tasks to queue
[2026-09-20T16:46:36.412+0000] {logging_mixin.py:188} INFO - [2026-09-20T16:46:36.411+0000] {dagbag.py:545} INFO - Filling up the DagBag from /opt/airflow/dags/weather_risk_dag.py
[2026-09-20T16:46:37.099+0000] {processor.py:840} INFO - DAG(s) 'weather_risk_pipeline' retrieved from /opt/airflow/dags/weather_risk_dag.py
[2026-09-20T16:46:37.164+0000] {logging_mixin.py:188} INFO - [2026-09-20T16:46:37.163+0000] {dag.py:3089} INFO - Sync 1 DAGs
[2026-09-20T16:46:37.212+0000] {logging_mixin.py:188} INFO - [2026-09-20T16:46:37.212+0000] {dag.py:3947} INFO - Setting next_dagrun for weather_risk_pipeline to 2026-09-20 00:00:00+00:00, run_after=2026-09-21 00:00:00+00:00
[2026-09-20T16:46:37.248+0000] {processor.py:183} INFO - Processing /opt/airflow/dags/weather_risk_dag.py took 0.852 seconds
[2026-09-20T16:47:07.445+0000] {processor.py:161} INFO - Started process (PID=698) to work on /opt/airflow/dags/weather_risk_dag.py
[2026-09-20T16:47:07.446+0000] {processor.py:830} INFO - Processing file /opt/airflow/dags/weather_risk_dag.py for tasks to queue
[2026-09-20T16:47:07.450+0000] {logging_mixin.py:188} INFO - [2026-09-20T16:47:07.450+0000] {dagbag.py:545} INFO - Filling up the DagBag from /opt/airflow/dags/weather_risk_dag.py
[2026-09-20T16:47:08.043+0000] {processor.py:840} INFO - DAG(s) 'weather_risk_pipeline' retrieved from /opt/airflow/dags/weather_risk_dag.py
[2026-09-20T16:47:08.107+0000] {logging_mixin.py:188} INFO - [2026-09-20T16:47:08.106+0000] {dag.py:3089} INFO - Sync 1 DAGs
[2026-09-20T16:47:08.153+0000] {logging_mixin.py:188} INFO - [2026-09-20T16:47:08.153+0000] {dag.py:3947} INFO - Setting next_dagrun for weather_risk_pipeline to 2026-09-20 00:00:00+00:00, run_after=2026-09-21 00:00:00+00:00
[2026-09-20T16:47:08.388+0000] {processor.py:183} INFO - Processing /opt/airflow/dags/weather_risk_dag.py took 0.952 seconds
[2026-09-20T16:47:38.591+0000] {processor.py:161} INFO - Started process (PID=704) to work on /opt/airflow/dags/weather_risk_dag.py
[2026-09-20T16:47:38.594+0000] {processor.py:830} INFO - Processing file /opt/airflow/dags/weather_risk_dag.py for tasks to queue
[2026-09-20T16:47:38.597+0000] {logging_mixin.py:188} INFO - [2026-09-20T16:47:38.596+0000] {dagbag.py:545} INFO - Filling up the DagBag from /opt/airflow/dags/weather_risk_dag.py
[2026-09-20T16:47:39.364+0000] {processor.py:840} INFO - DAG(s) 'weather_risk_pipeline' retrieved from /opt/airflow/dags/weather_risk_dag.py
[2026-09-20T16:47:39.435+0000] {logging_mixin.py:188} INFO - [2026-09-20T16:47:39.435+0000] {dag.py:3089} INFO - Sync 1 DAGs
[2026-09-20T16:47:39.726+0000] {logging_mixin.py:188} INFO - [2026-09-20T16:47:39.726+0000] {dag.py:3947} INFO - Setting next_dagrun for weather_risk_pipeline to 2026-09-20 00:00:00+00:00, run_after=2026-09-21 00:00:00+00:00
[2026-09-20T16:47:39.781+0000] {processor.py:183} INFO - Processing /opt/airflow/dags/weather_risk_dag.py took 1.201 seconds
[2026-09-20T16:48:09.975+0000] {processor.py:161} INFO - Started process (PID=717) to work on /opt/airflow/dags/weather_risk_dag.py
[2026-09-20T16:48:09.976+0000] {processor.py:830} INFO - Processing file /opt/airflow/dags/weather_risk_dag.py for tasks to queue
[2026-09-20T16:48:09.979+0000] {logging_mixin.py:188} INFO - [2026-09-20T16:48:09.979+0000] {dagbag.py:545} INFO - Filling up the DagBag from /opt/airflow/dags/weather_risk_dag.py
[2026-09-20T16:48:10.618+0000] {processor.py:840} INFO - DAG(s) 'weather_risk_pipeline' retrieved from /opt/airflow/dags/weather_risk_dag.py
[2026-09-20T16:48:10.887+0000] {logging_mixin.py:188} INFO - [2026-09-20T16:48:10.887+0000] {dag.py:3089} INFO - Sync 1 DAGs
[2026-09-20T16:48:10.936+0000] {logging_mixin.py:188} INFO - [2026-09-20T16:48:10.936+0000] {dag.py:3947} INFO - Setting next_dagrun for weather_risk_pipeline to 2026-09-20 00:00:00+00:00, run_after=2026-09-21 00:00:00+00:00
[2026-09-20T16:48:10.972+0000] {processor.py:183} INFO - Processing /opt/airflow/dags/weather_risk_dag.py took 1.007 seconds
[2026-09-20T16:48:41.144+0000] {processor.py:161} INFO - Started process (PID=723) to work on /opt/airflow/dags/weather_risk_dag.py
[2026-09-20T16:48:41.147+0000] {processor.py:830} INFO - Processing file /opt/airflow/dags/weather_risk_dag.py for tasks to queue
[2026-09-20T16:48:41.150+0000] {logging_mixin.py:188} INFO - [2026-09-20T16:48:41.149+0000] {dagbag.py:545} INFO - Filling up the DagBag from /opt/airflow/dags/weather_risk_dag.py
[2026-09-20T16:48:41.747+0000] {processor.py:840} INFO - DAG(s) 'weather_risk_pipeline' retrieved from /opt/airflow/dags/weather_risk_dag.py
[2026-09-20T16:48:41.799+0000] {logging_mixin.py:188} INFO - [2026-09-20T16:48:41.798+0000] {dag.py:3089} INFO - Sync 1 DAGs
[2026-09-20T16:48:41.840+0000] {logging_mixin.py:188} INFO - [2026-09-20T16:48:41.840+0000] {dag.py:3947} INFO - Setting next_dagrun for weather_risk_pipeline to 2026-09-20 00:00:00+00:00, run_after=2026-09-21 00:00:00+00:00
[2026-09-20T16:48:41.873+0000] {processor.py:183} INFO - Processing /opt/airflow/dags/weather_risk_dag.py took 0.738 seconds
[2026-09-20T16:49:12.062+0000] {processor.py:161} INFO - Started process (PID=729) to work on /opt/airflow/dags/weather_risk_dag.py
[2026-09-20T16:49:12.063+0000] {processor.py:830} INFO - Processing file /opt/airflow/dags/weather_risk_dag.py for tasks to queue
[2026-09-20T16:49:12.066+0000] {logging_mixin.py:188} INFO - [2026-09-20T16:49:12.065+0000] {dagbag.py:545} INFO - Filling up the DagBag from /opt/airflow/dags/weather_risk_dag.py
[2026-09-20T16:49:12.697+0000] {processor.py:840} INFO - DAG(s) 'weather_risk_pipeline' retrieved from /opt/airflow/dags/weather_risk_dag.py
[2026-09-20T16:49:12.756+0000] {logging_mixin.py:188} INFO - [2026-09-20T16:49:12.756+0000] {dag.py:3089} INFO - Sync 1 DAGs
[2026-09-20T16:49:12.807+0000] {logging_mixin.py:188} INFO - [2026-09-20T16:49:12.806+0000] {dag.py:3947} INFO - Setting next_dagrun for weather_risk_pipeline to 2026-09-20 00:00:00+00:00, run_after=2026-09-21 00:00:00+00:00
[2026-09-20T16:49:12.843+0000] {processor.py:183} INFO - Processing /opt/airflow/dags/weather_risk_dag.py took 0.792 seconds
[2026-09-20T16:49:43.029+0000] {processor.py:161} INFO - Started process (PID=735) to work on /opt/airflow/dags/weather_risk_dag.py
[2026-09-20T16:49:43.031+0000] {processor.py:830} INFO - Processing file /opt/airflow/dags/weather_risk_dag.py for tasks to queue
[2026-09-20T16:49:43.034+0000] {logging_mixin.py:188} INFO - [2026-09-20T16:49:43.034+0000] {dagbag.py:545} INFO - Filling up the DagBag from /opt/airflow/dags/weather_risk_dag.py
[2026-09-20T16:49:43.723+0000] {processor.py:840} INFO - DAG(s) 'weather_risk_pipeline' retrieved from /opt/airflow/dags/weather_risk_dag.py
[2026-09-20T16:49:43.783+0000] {logging_mixin.py:188} INFO - [2026-09-20T16:49:43.782+0000] {dag.py:3089} INFO - Sync 1 DAGs
[2026-09-20T16:49:43.839+0000] {logging_mixin.py:188} INFO - [2026-09-20T16:49:43.838+0000] {dag.py:3947} INFO - Setting next_dagrun for weather_risk_pipeline to 2026-09-20 00:00:00+00:00, run_after=2026-09-21 00:00:00+00:00
[2026-09-20T16:49:44.090+0000] {processor.py:183} INFO - Processing /opt/airflow/dags/weather_risk_dag.py took 1.071 seconds
[2026-09-20T16:50:14.200+0000] {processor.py:161} INFO - Started process (PID=741) to work on /opt/airflow/dags/weather_risk_dag.py
[2026-09-20T16:50:14.203+0000] {processor.py:830} INFO - Processing file /opt/airflow/dags/weather_risk_dag.py for tasks to queue
[2026-09-20T16:50:14.209+0000] {logging_mixin.py:188} INFO - [2026-09-20T16:50:14.208+0000] {dagbag.py:545} INFO - Filling up the DagBag from /opt/airflow/dags/weather_risk_dag.py
[2026-09-20T16:50:15.091+0000] {processor.py:840} INFO - DAG(s) 'weather_risk_pipeline' retrieved from /opt/airflow/dags/weather_risk_dag.py
[2026-09-20T16:50:15.570+0000] {logging_mixin.py:188} INFO - [2026-09-20T16:50:15.569+0000] {dag.py:3089} INFO - Sync 1 DAGs
[2026-09-20T16:50:15.595+0000] {logging_mixin.py:188} INFO - [2026-09-20T16:50:15.594+0000] {dag.py:3111} INFO - Creating ORM DAG for weather_risk_pipeline
[2026-09-20T16:50:15.619+0000] {logging_mixin.py:188} INFO - [2026-09-20T16:50:15.618+0000] {dag.py:3947} INFO - Setting next_dagrun for weather_risk_pipeline to 2026-09-19 00:00:00+00:00, run_after=2026-09-20 00:00:00+00:00
[2026-09-20T16:50:15.665+0000] {processor.py:183} INFO - Processing /opt/airflow/dags/weather_risk_dag.py took 1.482 seconds
[2026-09-20T16:50:45.874+0000] {processor.py:161} INFO - Started process (PID=783) to work on /opt/airflow/dags/weather_risk_dag.py
[2026-09-20T16:50:45.875+0000] {processor.py:830} INFO - Processing file /opt/airflow/dags/weather_risk_dag.py for tasks to queue
[2026-09-20T16:50:45.879+0000] {logging_mixin.py:188} INFO - [2026-09-20T16:50:45.878+0000] {dagbag.py:545} INFO - Filling up the DagBag from /opt/airflow/dags/weather_risk_dag.py
[2026-09-20T16:50:46.556+0000] {processor.py:840} INFO - DAG(s) 'weather_risk_pipeline' retrieved from /opt/airflow/dags/weather_risk_dag.py
[2026-09-20T16:50:46.610+0000] {logging_mixin.py:188} INFO - [2026-09-20T16:50:46.610+0000] {dag.py:3089} INFO - Sync 1 DAGs
[2026-09-20T16:50:46.865+0000] {logging_mixin.py:188} INFO - [2026-09-20T16:50:46.865+0000] {dag.py:3947} INFO - Setting next_dagrun for weather_risk_pipeline to 2026-09-20 00:00:00+00:00, run_after=2026-09-21 00:00:00+00:00
[2026-09-20T16:50:46.910+0000] {processor.py:183} INFO - Processing /opt/airflow/dags/weather_risk_dag.py took 1.049 seconds
[2026-09-20T16:51:17.044+0000] {processor.py:161} INFO - Started process (PID=789) to work on /opt/airflow/dags/weather_risk_dag.py
[2026-09-20T16:51:17.046+0000] {processor.py:830} INFO - Processing file /opt/airflow/dags/weather_risk_dag.py for tasks to queue
[2026-09-20T16:51:17.048+0000] {logging_mixin.py:188} INFO - [2026-09-20T16:51:17.048+0000] {dagbag.py:545} INFO - Filling up the DagBag from /opt/airflow/dags/weather_risk_dag.py
[2026-09-20T16:51:17.910+0000] {processor.py:840} INFO - DAG(s) 'weather_risk_pipeline' retrieved from /opt/airflow/dags/weather_risk_dag.py
[2026-09-20T16:51:18.187+0000] {logging_mixin.py:188} INFO - [2026-09-20T16:51:18.186+0000] {dag.py:3089} INFO - Sync 1 DAGs
[2026-09-20T16:51:18.234+0000] {logging_mixin.py:188} INFO - [2026-09-20T16:51:18.234+0000] {dag.py:3947} INFO - Setting next_dagrun for weather_risk_pipeline to 2026-09-20 00:00:00+00:00, run_after=2026-09-21 00:00:00+00:00
[2026-09-20T16:51:18.267+0000] {processor.py:183} INFO - Processing /opt/airflow/dags/weather_risk_dag.py took 1.236 seconds
[2026-09-20T16:51:48.460+0000] {processor.py:161} INFO - Started process (PID=802) to work on /opt/airflow/dags/weather_risk_dag.py
[2026-09-20T16:51:48.462+0000] {processor.py:830} INFO - Processing file /opt/airflow/dags/weather_risk_dag.py for tasks to queue
[2026-09-20T16:51:48.466+0000] {logging_mixin.py:188} INFO - [2026-09-20T16:51:48.466+0000] {dagbag.py:545} INFO - Filling up the DagBag from /opt/airflow/dags/weather_risk_dag.py
[2026-09-20T16:51:49.148+0000] {processor.py:840} INFO - DAG(s) 'weather_risk_pipeline' retrieved from /opt/airflow/dags/weather_risk_dag.py
[2026-09-20T16:51:49.206+0000] {logging_mixin.py:188} INFO - [2026-09-20T16:51:49.205+0000] {dag.py:3089} INFO - Sync 1 DAGs
[2026-09-20T16:51:49.260+0000] {logging_mixin.py:188} INFO - [2026-09-20T16:51:49.260+0000] {dag.py:3947} INFO - Setting next_dagrun for weather_risk_pipeline to 2026-09-20 00:00:00+00:00, run_after=2026-09-21 00:00:00+00:00
[2026-09-20T16:51:49.300+0000] {processor.py:183} INFO - Processing /opt/airflow/dags/weather_risk_dag.py took 0.852 seconds
[2026-09-20T16:52:19.408+0000] {processor.py:161} INFO - Started process (PID=808) to work on /opt/airflow/dags/weather_risk_dag.py
[2026-09-20T16:52:19.411+0000] {processor.py:830} INFO - Processing file /opt/airflow/dags/weather_risk_dag.py for tasks to queue
[2026-09-20T16:52:19.414+0000] {logging_mixin.py:188} INFO - [2026-09-20T16:52:19.414+0000] {dagbag.py:545} INFO - Filling up the DagBag from /opt/airflow/dags/weather_risk_dag.py
[2026-09-20T16:52:20.003+0000] {processor.py:840} INFO - DAG(s) 'weather_risk_pipeline' retrieved from /opt/airflow/dags/weather_risk_dag.py
[2026-09-20T16:52:20.057+0000] {logging_mixin.py:188} INFO - [2026-09-20T16:52:20.056+0000] {dag.py:3089} INFO - Sync 1 DAGs
[2026-09-20T16:52:20.100+0000] {logging_mixin.py:188} INFO - [2026-09-20T16:52:20.099+0000] {dag.py:3947} INFO - Setting next_dagrun for weather_risk_pipeline to 2026-09-20 00:00:00+00:00, run_after=2026-09-21 00:00:00+00:00
[2026-09-20T16:52:20.131+0000] {processor.py:183} INFO - Processing /opt/airflow/dags/weather_risk_dag.py took 0.734 seconds
[2026-09-20T16:52:50.316+0000] {processor.py:161} INFO - Started process (PID=814) to work on /opt/airflow/dags/weather_risk_dag.py
[2026-09-20T16:52:50.319+0000] {processor.py:830} INFO - Processing file /opt/airflow/dags/weather_risk_dag.py for tasks to queue
[2026-09-20T16:52:50.322+0000] {logging_mixin.py:188} INFO - [2026-09-20T16:52:50.321+0000] {dagbag.py:545} INFO - Filling up the DagBag from /opt/airflow/dags/weather_risk_dag.py
[2026-09-20T16:52:50.933+0000] {processor.py:840} INFO - DAG(s) 'weather_risk_pipeline' retrieved from /opt/airflow/dags/weather_risk_dag.py
[2026-09-20T16:52:50.993+0000] {logging_mixin.py:188} INFO - [2026-09-20T16:52:50.992+0000] {dag.py:3089} INFO - Sync 1 DAGs
[2026-09-20T16:52:51.038+0000] {logging_mixin.py:188} INFO - [2026-09-20T16:52:51.037+0000] {dag.py:3947} INFO - Setting next_dagrun for weather_risk_pipeline to 2026-09-20 00:00:00+00:00, run_after=2026-09-21 00:00:00+00:00
[2026-09-20T16:52:51.270+0000] {processor.py:183} INFO - Processing /opt/airflow/dags/weather_risk_dag.py took 0.965 seconds
[2026-09-20T16:53:21.471+0000] {processor.py:161} INFO - Started process (PID=820) to work on /opt/airflow/dags/weather_risk_dag.py
[2026-09-20T16:53:21.473+0000] {processor.py:830} INFO - Processing file /opt/airflow/dags/weather_risk_dag.py for tasks to queue
[2026-09-20T16:53:21.477+0000] {logging_mixin.py:188} INFO - [2026-09-20T16:53:21.476+0000] {dagbag.py:545} INFO - Filling up the DagBag from /opt/airflow/dags/weather_risk_dag.py
[2026-09-20T16:53:22.193+0000] {processor.py:840} INFO - DAG(s) 'weather_risk_pipeline' retrieved from /opt/airflow/dags/weather_risk_dag.py
[2026-09-20T16:53:22.244+0000] {logging_mixin.py:188} INFO - [2026-09-20T16:53:22.243+0000] {dag.py:3089} INFO - Sync 1 DAGs
[2026-09-20T16:53:22.482+0000] {logging_mixin.py:188} INFO - [2026-09-20T16:53:22.482+0000] {dag.py:3947} INFO - Setting next_dagrun for weather_risk_pipeline to 2026-09-20 00:00:00+00:00, run_after=2026-09-21 00:00:00+00:00
[2026-09-20T16:53:22.515+0000] {processor.py:183} INFO - Processing /opt/airflow/dags/weather_risk_dag.py took 1.054 seconds
[2026-09-20T16:53:52.670+0000] {processor.py:161} INFO - Started process (PID=826) to work on /opt/airflow/dags/weather_risk_dag.py
[2026-09-20T16:53:52.672+0000] {processor.py:830} INFO - Processing file /opt/airflow/dags/weather_risk_dag.py for tasks to queue
[2026-09-20T16:53:52.675+0000] {logging_mixin.py:188} INFO - [2026-09-20T16:53:52.674+0000] {dagbag.py:545} INFO - Filling up the DagBag from /opt/airflow/dags/weather_risk_dag.py
[2026-09-20T16:53:53.405+0000] {processor.py:840} INFO - DAG(s) 'weather_risk_pipeline' retrieved from /opt/airflow/dags/weather_risk_dag.py
[2026-09-20T16:53:53.495+0000] {logging_mixin.py:188} INFO - [2026-09-20T16:53:53.494+0000] {dag.py:3089} INFO - Sync 1 DAGs
[2026-09-20T16:53:53.762+0000] {logging_mixin.py:188} INFO - [2026-09-20T16:53:53.761+0000] {dag.py:3947} INFO - Setting next_dagrun for weather_risk_pipeline to 2026-09-20 00:00:00+00:00, run_after=2026-09-21 00:00:00+00:00
[2026-09-20T16:53:53.803+0000] {processor.py:183} INFO - Processing /opt/airflow/dags/weather_risk_dag.py took 1.147 seconds
[2026-09-20T16:54:23.993+0000] {processor.py:161} INFO - Started process (PID=832) to work on /opt/airflow/dags/weather_risk_dag.py
[2026-09-20T16:54:23.996+0000] {processor.py:830} INFO - Processing file /opt/airflow/dags/weather_risk_dag.py for tasks to queue
[2026-09-20T16:54:23.999+0000] {logging_mixin.py:188} INFO - [2026-09-20T16:54:23.998+0000] {dagbag.py:545} INFO - Filling up the DagBag from /opt/airflow/dags/weather_risk_dag.py
[2026-09-20T16:54:24.676+0000] {processor.py:840} INFO - DAG(s) 'weather_risk_pipeline' retrieved from /opt/airflow/dags/weather_risk_dag.py
[2026-09-20T16:54:24.744+0000] {logging_mixin.py:188} INFO - [2026-09-20T16:54:24.743+0000] {dag.py:3089} INFO - Sync 1 DAGs
[2026-09-20T16:54:24.801+0000] {logging_mixin.py:188} INFO - [2026-09-20T16:54:24.800+0000] {dag.py:3947} INFO - Setting next_dagrun for weather_risk_pipeline to 2026-09-20 00:00:00+00:00, run_after=2026-09-21 00:00:00+00:00
[2026-09-20T16:54:24.838+0000] {processor.py:183} INFO - Processing /opt/airflow/dags/weather_risk_dag.py took 0.858 seconds
[2026-09-20T16:54:54.990+0000] {processor.py:161} INFO - Started process (PID=838) to work on /opt/airflow/dags/weather_risk_dag.py
[2026-09-20T16:54:54.993+0000] {processor.py:830} INFO - Processing file /opt/airflow/dags/weather_risk_dag.py for tasks to queue
[2026-09-20T16:54:54.996+0000] {logging_mixin.py:188} INFO - [2026-09-20T16:54:54.995+0000] {dagbag.py:545} INFO - Filling up the DagBag from /opt/airflow/dags/weather_risk_dag.py
[2026-09-20T16:54:55.625+0000] {processor.py:840} INFO - DAG(s) 'weather_risk_pipeline' retrieved from /opt/airflow/dags/weather_risk_dag.py
[2026-09-20T16:54:56.022+0000] {logging_mixin.py:188} INFO - [2026-09-20T16:54:56.021+0000] {dag.py:3089} INFO - Sync 1 DAGs
[2026-09-20T16:54:56.042+0000] {logging_mixin.py:188} INFO - [2026-09-20T16:54:56.042+0000] {dag.py:3111} INFO - Creating ORM DAG for weather_risk_pipeline
[2026-09-20T16:54:56.065+0000] {logging_mixin.py:188} INFO - [2026-09-20T16:54:56.065+0000] {dag.py:3947} INFO - Setting next_dagrun for weather_risk_pipeline to 2026-09-19 00:00:00+00:00, run_after=2026-09-20 00:00:00+00:00
[2026-09-20T16:54:56.097+0000] {processor.py:183} INFO - Processing /opt/airflow/dags/weather_risk_dag.py took 1.117 seconds
[2026-09-20T16:55:26.164+0000] {processor.py:161} INFO - Started process (PID=844) to work on /opt/airflow/dags/weather_risk_dag.py
[2026-09-20T16:55:26.165+0000] {processor.py:830} INFO - Processing file /opt/airflow/dags/weather_risk_dag.py for tasks to queue
[2026-09-20T16:55:26.168+0000] {logging_mixin.py:188} INFO - [2026-09-20T16:55:26.167+0000] {dagbag.py:545} INFO - Filling up the DagBag from /opt/airflow/dags/weather_risk_dag.py
[2026-09-20T16:55:26.781+0000] {processor.py:840} INFO - DAG(s) 'weather_risk_pipeline' retrieved from /opt/airflow/dags/weather_risk_dag.py
[2026-09-20T16:55:26.841+0000] {logging_mixin.py:188} INFO - [2026-09-20T16:55:26.841+0000] {dag.py:3089} INFO - Sync 1 DAGs
[2026-09-20T16:55:26.902+0000] {logging_mixin.py:188} INFO - [2026-09-20T16:55:26.901+0000] {dag.py:3947} INFO - Setting next_dagrun for weather_risk_pipeline to 2026-09-20 00:00:00+00:00, run_after=2026-09-21 00:00:00+00:00
[2026-09-20T16:55:26.953+0000] {processor.py:183} INFO - Processing /opt/airflow/dags/weather_risk_dag.py took 0.800 seconds
[2026-09-20T16:55:57.172+0000] {processor.py:161} INFO - Started process (PID=862) to work on /opt/airflow/dags/weather_risk_dag.py
[2026-09-20T16:55:57.174+0000] {processor.py:830} INFO - Processing file /opt/airflow/dags/weather_risk_dag.py for tasks to queue
[2026-09-20T16:55:57.176+0000] {logging_mixin.py:188} INFO - [2026-09-20T16:55:57.176+0000] {dagbag.py:545} INFO - Filling up the DagBag from /opt/airflow/dags/weather_risk_dag.py
[2026-09-20T16:55:57.953+0000] {processor.py:840} INFO - DAG(s) 'weather_risk_pipeline' retrieved from /opt/airflow/dags/weather_risk_dag.py
[2026-09-20T16:55:58.032+0000] {logging_mixin.py:188} INFO - [2026-09-20T16:55:58.031+0000] {dag.py:3089} INFO - Sync 1 DAGs
[2026-09-20T16:55:58.117+0000] {logging_mixin.py:188} INFO - [2026-09-20T16:55:58.117+0000] {dag.py:3947} INFO - Setting next_dagrun for weather_risk_pipeline to 2026-09-20 00:00:00+00:00, run_after=2026-09-21 00:00:00+00:00
[2026-09-20T16:55:58.419+0000] {processor.py:183} INFO - Processing /opt/airflow/dags/weather_risk_dag.py took 1.258 seconds
[2026-09-20T16:56:28.655+0000] {processor.py:161} INFO - Started process (PID=868) to work on /opt/airflow/dags/weather_risk_dag.py
[2026-09-20T16:56:28.659+0000] {processor.py:830} INFO - Processing file /opt/airflow/dags/weather_risk_dag.py for tasks to queue
[2026-09-20T16:56:28.663+0000] {logging_mixin.py:188} INFO - [2026-09-20T16:56:28.662+0000] {dagbag.py:545} INFO - Filling up the DagBag from /opt/airflow/dags/weather_risk_dag.py
[2026-09-20T16:56:29.501+0000] {processor.py:840} INFO - DAG(s) 'weather_risk_pipeline' retrieved from /opt/airflow/dags/weather_risk_dag.py
[2026-09-20T16:56:29.586+0000] {logging_mixin.py:188} INFO - [2026-09-20T16:56:29.585+0000] {dag.py:3089} INFO - Sync 1 DAGs
[2026-09-20T16:56:29.968+0000] {logging_mixin.py:188} INFO - [2026-09-20T16:56:29.967+0000] {dag.py:3947} INFO - Setting next_dagrun for weather_risk_pipeline to 2026-09-20 00:00:00+00:00, run_after=2026-09-21 00:00:00+00:00
[2026-09-20T16:56:30.036+0000] {processor.py:183} INFO - Processing /opt/airflow/dags/weather_risk_dag.py took 1.405 seconds
[2026-09-20T16:57:00.270+0000] {processor.py:161} INFO - Started process (PID=881) to work on /opt/airflow/dags/weather_risk_dag.py
[2026-09-20T16:57:00.271+0000] {processor.py:830} INFO - Processing file /opt/airflow/dags/weather_risk_dag.py for tasks to queue
[2026-09-20T16:57:00.275+0000] {logging_mixin.py:188} INFO - [2026-09-20T16:57:00.274+0000] {dagbag.py:545} INFO - Filling up the DagBag from /opt/airflow/dags/weather_risk_dag.py
[2026-09-20T16:57:00.937+0000] {processor.py:840} INFO - DAG(s) 'weather_risk_pipeline' retrieved from /opt/airflow/dags/weather_risk_dag.py
[2026-09-20T16:57:00.996+0000] {logging_mixin.py:188} INFO - [2026-09-20T16:57:00.995+0000] {dag.py:3089} INFO - Sync 1 DAGs
[2026-09-20T16:57:01.265+0000] {logging_mixin.py:188} INFO - [2026-09-20T16:57:01.264+0000] {dag.py:3947} INFO - Setting next_dagrun for weather_risk_pipeline to 2026-09-20 00:00:00+00:00, run_after=2026-09-21 00:00:00+00:00
[2026-09-20T16:57:01.303+0000] {processor.py:183} INFO - Processing /opt/airflow/dags/weather_risk_dag.py took 1.044 seconds
[2026-09-20T16:57:31.442+0000] {processor.py:161} INFO - Started process (PID=887) to work on /opt/airflow/dags/weather_risk_dag.py
[2026-09-20T16:57:31.445+0000] {processor.py:830} INFO - Processing file /opt/airflow/dags/weather_risk_dag.py for tasks to queue
[2026-09-20T16:57:31.449+0000] {logging_mixin.py:188} INFO - [2026-09-20T16:57:31.448+0000] {dagbag.py:545} INFO - Filling up the DagBag from /opt/airflow/dags/weather_risk_dag.py
[2026-09-20T16:57:32.077+0000] {processor.py:840} INFO - DAG(s) 'weather_risk_pipeline' retrieved from /opt/airflow/dags/weather_risk_dag.py
[2026-09-20T16:57:32.130+0000] {logging_mixin.py:188} INFO - [2026-09-20T16:57:32.129+0000] {dag.py:3089} INFO - Sync 1 DAGs
[2026-09-20T16:57:32.177+0000] {logging_mixin.py:188} INFO - [2026-09-20T16:57:32.177+0000] {dag.py:3947} INFO - Setting next_dagrun for weather_risk_pipeline to 2026-09-20 00:00:00+00:00, run_after=2026-09-21 00:00:00+00:00
[2026-09-20T16:57:32.216+0000] {processor.py:183} INFO - Processing /opt/airflow/dags/weather_risk_dag.py took 0.786 seconds
[2026-09-20T16:58:02.410+0000] {processor.py:161} INFO - Started process (PID=893) to work on /opt/airflow/dags/weather_risk_dag.py
[2026-09-20T16:58:02.411+0000] {processor.py:830} INFO - Processing file /opt/airflow/dags/weather_risk_dag.py for tasks to queue
[2026-09-20T16:58:02.416+0000] {logging_mixin.py:188} INFO - [2026-09-20T16:58:02.415+0000] {dagbag.py:545} INFO - Filling up the DagBag from /opt/airflow/dags/weather_risk_dag.py
[2026-09-20T16:58:03.153+0000] {processor.py:840} INFO - DAG(s) 'weather_risk_pipeline' retrieved from /opt/airflow/dags/weather_risk_dag.py
[2026-09-20T16:58:03.223+0000] {logging_mixin.py:188} INFO - [2026-09-20T16:58:03.222+0000] {dag.py:3089} INFO - Sync 1 DAGs
[2026-09-20T16:58:03.275+0000] {logging_mixin.py:188} INFO - [2026-09-20T16:58:03.275+0000] {dag.py:3947} INFO - Setting next_dagrun for weather_risk_pipeline to 2026-09-20 00:00:00+00:00, run_after=2026-09-21 00:00:00+00:00
[2026-09-20T16:58:03.324+0000] {processor.py:183} INFO - Processing /opt/airflow/dags/weather_risk_dag.py took 0.926 seconds
[2026-09-20T16:58:33.534+0000] {processor.py:161} INFO - Started process (PID=899) to work on /opt/airflow/dags/weather_risk_dag.py
[2026-09-20T16:58:33.537+0000] {processor.py:830} INFO - Processing file /opt/airflow/dags/weather_risk_dag.py for tasks to queue
[2026-09-20T16:58:33.541+0000] {logging_mixin.py:188} INFO - [2026-09-20T16:58:33.541+0000] {dagbag.py:545} INFO - Filling up the DagBag from /opt/airflow/dags/weather_risk_dag.py
[2026-09-20T16:58:34.177+0000] {processor.py:840} INFO - DAG(s) 'weather_risk_pipeline' retrieved from /opt/airflow/dags/weather_risk_dag.py
[2026-09-20T16:58:34.249+0000] {logging_mixin.py:188} INFO - [2026-09-20T16:58:34.248+0000] {dag.py:3089} INFO - Sync 1 DAGs
[2026-09-20T16:58:34.301+0000] {logging_mixin.py:188} INFO - [2026-09-20T16:58:34.300+0000] {dag.py:3947} INFO - Setting next_dagrun for weather_risk_pipeline to 2026-09-20 00:00:00+00:00, run_after=2026-09-21 00:00:00+00:00
[2026-09-20T16:58:34.352+0000] {processor.py:183} INFO - Processing /opt/airflow/dags/weather_risk_dag.py took 0.828 seconds
[2026-09-20T16:59:04.552+0000] {processor.py:161} INFO - Started process (PID=905) to work on /opt/airflow/dags/weather_risk_dag.py
[2026-09-20T16:59:04.554+0000] {processor.py:830} INFO - Processing file /opt/airflow/dags/weather_risk_dag.py for tasks to queue
[2026-09-20T16:59:04.556+0000] {logging_mixin.py:188} INFO - [2026-09-20T16:59:04.556+0000] {dagbag.py:545} INFO - Filling up the DagBag from /opt/airflow/dags/weather_risk_dag.py
[2026-09-20T16:59:05.145+0000] {processor.py:840} INFO - DAG(s) 'weather_risk_pipeline' retrieved from /opt/airflow/dags/weather_risk_dag.py
[2026-09-20T16:59:05.203+0000] {logging_mixin.py:188} INFO - [2026-09-20T16:59:05.202+0000] {dag.py:3089} INFO - Sync 1 DAGs
[2026-09-20T16:59:05.249+0000] {logging_mixin.py:188} INFO - [2026-09-20T16:59:05.248+0000] {dag.py:3947} INFO - Setting next_dagrun for weather_risk_pipeline to 2026-09-20 00:00:00+00:00, run_after=2026-09-21 00:00:00+00:00
[2026-09-20T16:59:05.476+0000] {processor.py:183} INFO - Processing /opt/airflow/dags/weather_risk_dag.py took 0.934 seconds
[2026-09-20T16:59:35.665+0000] {processor.py:161} INFO - Started process (PID=911) to work on /opt/airflow/dags/weather_risk_dag.py
[2026-09-20T16:59:35.668+0000] {processor.py:830} INFO - Processing file /opt/airflow/dags/weather_risk_dag.py for tasks to queue
[2026-09-20T16:59:35.671+0000] {logging_mixin.py:188} INFO - [2026-09-20T16:59:35.671+0000] {dagbag.py:545} INFO - Filling up the DagBag from /opt/airflow/dags/weather_risk_dag.py
[2026-09-20T16:59:36.521+0000] {processor.py:840} INFO - DAG(s) 'weather_risk_pipeline' retrieved from /opt/airflow/dags/weather_risk_dag.py
[2026-09-20T16:59:36.588+0000] {logging_mixin.py:188} INFO - [2026-09-20T16:59:36.587+0000] {dag.py:3089} INFO - Sync 1 DAGs
[2026-09-20T16:59:36.904+0000] {logging_mixin.py:188} INFO - [2026-09-20T16:59:36.904+0000] {dag.py:3947} INFO - Setting next_dagrun for weather_risk_pipeline to 2026-09-20 00:00:00+00:00, run_after=2026-09-21 00:00:00+00:00
[2026-09-20T16:59:36.951+0000] {processor.py:183} INFO - Processing /opt/airflow/dags/weather_risk_dag.py took 1.300 seconds
[2026-09-20T17:00:07.165+0000] {processor.py:161} INFO - Started process (PID=935) to work on /opt/airflow/dags/weather_risk_dag.py
[2026-09-20T17:00:07.166+0000] {processor.py:830} INFO - Processing file /opt/airflow/dags/weather_risk_dag.py for tasks to queue
[2026-09-20T17:00:07.170+0000] {logging_mixin.py:188} INFO - [2026-09-20T17:00:07.169+0000] {dagbag.py:545} INFO - Filling up the DagBag from /opt/airflow/dags/weather_risk_dag.py
[2026-09-20T17:00:07.958+0000] {processor.py:840} INFO - DAG(s) 'weather_risk_pipeline' retrieved from /opt/airflow/dags/weather_risk_dag.py
[2026-09-20T17:00:08.224+0000] {logging_mixin.py:188} INFO - [2026-09-20T17:00:08.223+0000] {dag.py:3089} INFO - Sync 1 DAGs
[2026-09-20T17:00:08.271+0000] {logging_mixin.py:188} INFO - [2026-09-20T17:00:08.271+0000] {dag.py:3947} INFO - Setting next_dagrun for weather_risk_pipeline to 2026-09-20 00:00:00+00:00, run_after=2026-09-21 00:00:00+00:00
[2026-09-20T17:00:08.307+0000] {processor.py:183} INFO - Processing /opt/airflow/dags/weather_risk_dag.py took 1.154 seconds
[2026-09-20T17:00:38.506+0000] {processor.py:161} INFO - Started process (PID=941) to work on /opt/airflow/dags/weather_risk_dag.py
[2026-09-20T17:00:38.509+0000] {processor.py:830} INFO - Processing file /opt/airflow/dags/weather_risk_dag.py for tasks to queue
[2026-09-20T17:00:38.512+0000] {logging_mixin.py:188} INFO - [2026-09-20T17:00:38.511+0000] {dagbag.py:545} INFO - Filling up the DagBag from /opt/airflow/dags/weather_risk_dag.py
[2026-09-20T17:00:39.162+0000] {processor.py:840} INFO - DAG(s) 'weather_risk_pipeline' retrieved from /opt/airflow/dags/weather_risk_dag.py
[2026-09-20T17:00:39.223+0000] {logging_mixin.py:188} INFO - [2026-09-20T17:00:39.223+0000] {dag.py:3089} INFO - Sync 1 DAGs
[2026-09-20T17:00:39.270+0000] {logging_mixin.py:188} INFO - [2026-09-20T17:00:39.270+0000] {dag.py:3947} INFO - Setting next_dagrun for weather_risk_pipeline to 2026-09-20 00:00:00+00:00, run_after=2026-09-21 00:00:00+00:00
[2026-09-20T17:00:39.305+0000] {processor.py:183} INFO - Processing /opt/airflow/dags/weather_risk_dag.py took 0.811 seconds
[2026-09-20T17:01:09.492+0000] {processor.py:161} INFO - Started process (PID=977) to work on /opt/airflow/dags/weather_risk_dag.py
[2026-09-20T17:01:09.494+0000] {processor.py:830} INFO - Processing file /opt/airflow/dags/weather_risk_dag.py for tasks to queue
[2026-09-20T17:01:09.497+0000] {logging_mixin.py:188} INFO - [2026-09-20T17:01:09.496+0000] {dagbag.py:545} INFO - Filling up the DagBag from /opt/airflow/dags/weather_risk_dag.py
[2026-09-20T17:01:10.215+0000] {processor.py:840} INFO - DAG(s) 'weather_risk_pipeline' retrieved from /opt/airflow/dags/weather_risk_dag.py
[2026-09-20T17:01:10.289+0000] {logging_mixin.py:188} INFO - [2026-09-20T17:01:10.289+0000] {dag.py:3089} INFO - Sync 1 DAGs
[2026-09-20T17:01:10.346+0000] {logging_mixin.py:188} INFO - [2026-09-20T17:01:10.346+0000] {dag.py:3947} INFO - Setting next_dagrun for weather_risk_pipeline to 2026-09-20 00:00:00+00:00, run_after=2026-09-21 00:00:00+00:00
[2026-09-20T17:01:10.395+0000] {processor.py:183} INFO - Processing /opt/airflow/dags/weather_risk_dag.py took 0.914 seconds
[2026-09-20T17:01:40.615+0000] {processor.py:161} INFO - Started process (PID=983) to work on /opt/airflow/dags/weather_risk_dag.py
[2026-09-20T17:01:40.618+0000] {processor.py:830} INFO - Processing file /opt/airflow/dags/weather_risk_dag.py for tasks to queue
[2026-09-20T17:01:40.621+0000] {logging_mixin.py:188} INFO - [2026-09-20T17:01:40.621+0000] {dagbag.py:545} INFO - Filling up the DagBag from /opt/airflow/dags/weather_risk_dag.py
[2026-09-20T17:01:41.258+0000] {processor.py:840} INFO - DAG(s) 'weather_risk_pipeline' retrieved from /opt/airflow/dags/weather_risk_dag.py
[2026-09-20T17:01:41.314+0000] {logging_mixin.py:188} INFO - [2026-09-20T17:01:41.313+0000] {dag.py:3089} INFO - Sync 1 DAGs
[2026-09-20T17:01:41.364+0000] {logging_mixin.py:188} INFO - [2026-09-20T17:01:41.363+0000] {dag.py:3947} INFO - Setting next_dagrun for weather_risk_pipeline to 2026-09-20 00:00:00+00:00, run_after=2026-09-21 00:00:00+00:00
[2026-09-20T17:01:41.630+0000] {processor.py:183} INFO - Processing /opt/airflow/dags/weather_risk_dag.py took 1.025 seconds
[2026-09-20T17:02:11.809+0000] {processor.py:161} INFO - Started process (PID=989) to work on /opt/airflow/dags/weather_risk_dag.py
[2026-09-20T17:02:11.811+0000] {processor.py:830} INFO - Processing file /opt/airflow/dags/weather_risk_dag.py for tasks to queue
[2026-09-20T17:02:11.814+0000] {logging_mixin.py:188} INFO - [2026-09-20T17:02:11.813+0000] {dagbag.py:545} INFO - Filling up the DagBag from /opt/airflow/dags/weather_risk_dag.py
[2026-09-20T17:02:12.542+0000] {processor.py:840} INFO - DAG(s) 'weather_risk_pipeline' retrieved from /opt/airflow/dags/weather_risk_dag.py
[2026-09-20T17:02:12.598+0000] {logging_mixin.py:188} INFO - [2026-09-20T17:02:12.598+0000] {dag.py:3089} INFO - Sync 1 DAGs
[2026-09-20T17:02:12.829+0000] {logging_mixin.py:188} INFO - [2026-09-20T17:02:12.829+0000] {dag.py:3947} INFO - Setting next_dagrun for weather_risk_pipeline to 2026-09-20 00:00:00+00:00, run_after=2026-09-21 00:00:00+00:00
[2026-09-20T17:02:12.863+0000] {processor.py:183} INFO - Processing /opt/airflow/dags/weather_risk_dag.py took 1.067 seconds
[2026-09-20T17:02:42.981+0000] {processor.py:161} INFO - Started process (PID=995) to work on /opt/airflow/dags/weather_risk_dag.py
[2026-09-20T17:02:42.984+0000] {processor.py:830} INFO - Processing file /opt/airflow/dags/weather_risk_dag.py for tasks to queue
[2026-09-20T17:02:42.987+0000] {logging_mixin.py:188} INFO - [2026-09-20T17:02:42.986+0000] {dagbag.py:545} INFO - Filling up the DagBag from /opt/airflow/dags/weather_risk_dag.py
[2026-09-20T17:02:43.667+0000] {processor.py:840} INFO - DAG(s) 'weather_risk_pipeline' retrieved from /opt/airflow/dags/weather_risk_dag.py
[2026-09-20T17:02:43.731+0000] {logging_mixin.py:188} INFO - [2026-09-20T17:02:43.730+0000] {dag.py:3089} INFO - Sync 1 DAGs
[2026-09-20T17:02:44.009+0000] {logging_mixin.py:188} INFO - [2026-09-20T17:02:44.008+0000] {dag.py:3947} INFO - Setting next_dagrun for weather_risk_pipeline to 2026-09-20 00:00:00+00:00, run_after=2026-09-21 00:00:00+00:00
[2026-09-20T17:02:44.048+0000] {processor.py:183} INFO - Processing /opt/airflow/dags/weather_risk_dag.py took 1.078 seconds
[2026-09-20T17:03:14.190+0000] {processor.py:161} INFO - Started process (PID=1001) to work on /opt/airflow/dags/weather_risk_dag.py
[2026-09-20T17:03:14.191+0000] {processor.py:830} INFO - Processing file /opt/airflow/dags/weather_risk_dag.py for tasks to queue
[2026-09-20T17:03:14.194+0000] {logging_mixin.py:188} INFO - [2026-09-20T17:03:14.194+0000] {dagbag.py:545} INFO - Filling up the DagBag from /opt/airflow/dags/weather_risk_dag.py
[2026-09-20T17:03:14.775+0000] {processor.py:840} INFO - DAG(s) 'weather_risk_pipeline' retrieved from /opt/airflow/dags/weather_risk_dag.py
[2026-09-20T17:03:15.021+0000] {logging_mixin.py:188} INFO - [2026-09-20T17:03:15.020+0000] {dag.py:3089} INFO - Sync 1 DAGs
[2026-09-20T17:03:15.068+0000] {logging_mixin.py:188} INFO - [2026-09-20T17:03:15.068+0000] {dag.py:3947} INFO - Setting next_dagrun for weather_risk_pipeline to 2026-09-20 00:00:00+00:00, run_after=2026-09-21 00:00:00+00:00
[2026-09-20T17:03:15.099+0000] {processor.py:183} INFO - Processing /opt/airflow/dags/weather_risk_dag.py took 0.920 seconds
[2026-09-20T17:03:45.309+0000] {processor.py:161} INFO - Started process (PID=1007) to work on /opt/airflow/dags/weather_risk_dag.py
[2026-09-20T17:03:45.311+0000] {processor.py:830} INFO - Processing file /opt/airflow/dags/weather_risk_dag.py for tasks to queue
[2026-09-20T17:03:45.314+0000] {logging_mixin.py:188} INFO - [2026-09-20T17:03:45.313+0000] {dagbag.py:545} INFO - Filling up the DagBag from /opt/airflow/dags/weather_risk_dag.py
[2026-09-20T17:03:45.949+0000] {processor.py:840} INFO - DAG(s) 'weather_risk_pipeline' retrieved from /opt/airflow/dags/weather_risk_dag.py
[2026-09-20T17:03:46.004+0000] {logging_mixin.py:188} INFO - [2026-09-20T17:03:46.003+0000] {dag.py:3089} INFO - Sync 1 DAGs
[2026-09-20T17:03:46.054+0000] {logging_mixin.py:188} INFO - [2026-09-20T17:03:46.054+0000] {dag.py:3947} INFO - Setting next_dagrun for weather_risk_pipeline to 2026-09-20 00:00:00+00:00, run_after=2026-09-21 00:00:00+00:00
[2026-09-20T17:03:46.094+0000] {processor.py:183} INFO - Processing /opt/airflow/dags/weather_risk_dag.py took 0.796 seconds
[2026-09-20T17:04:16.296+0000] {processor.py:161} INFO - Started process (PID=1013) to work on /opt/airflow/dags/weather_risk_dag.py
[2026-09-20T17:04:16.298+0000] {processor.py:830} INFO - Processing file /opt/airflow/dags/weather_risk_dag.py for tasks to queue
[2026-09-20T17:04:16.301+0000] {logging_mixin.py:188} INFO - [2026-09-20T17:04:16.301+0000] {dagbag.py:545} INFO - Filling up the DagBag from /opt/airflow/dags/weather_risk_dag.py
[2026-09-20T17:04:16.974+0000] {processor.py:840} INFO - DAG(s) 'weather_risk_pipeline' retrieved from /opt/airflow/dags/weather_risk_dag.py
[2026-09-20T17:04:17.030+0000] {logging_mixin.py:188} INFO - [2026-09-20T17:04:17.029+0000] {dag.py:3089} INFO - Sync 1 DAGs
[2026-09-20T17:04:17.080+0000] {logging_mixin.py:188} INFO - [2026-09-20T17:04:17.079+0000] {dag.py:3947} INFO - Setting next_dagrun for weather_risk_pipeline to 2026-09-20 00:00:00+00:00, run_after=2026-09-21 00:00:00+00:00
[2026-09-20T17:04:17.130+0000] {processor.py:183} INFO - Processing /opt/airflow/dags/weather_risk_dag.py took 0.844 seconds
[2026-09-20T17:04:47.344+0000] {processor.py:161} INFO - Started process (PID=1019) to work on /opt/airflow/dags/weather_risk_dag.py
[2026-09-20T17:04:47.347+0000] {processor.py:830} INFO - Processing file /opt/airflow/dags/weather_risk_dag.py for tasks to queue
[2026-09-20T17:04:47.352+0000] {logging_mixin.py:188} INFO - [2026-09-20T17:04:47.351+0000] {dagbag.py:545} INFO - Filling up the DagBag from /opt/airflow/dags/weather_risk_dag.py
[2026-09-20T17:04:48.102+0000] {processor.py:840} INFO - DAG(s) 'weather_risk_pipeline' retrieved from /opt/airflow/dags/weather_risk_dag.py
[2026-09-20T17:04:48.161+0000] {logging_mixin.py:188} INFO - [2026-09-20T17:04:48.160+0000] {dag.py:3089} INFO - Sync 1 DAGs
[2026-09-20T17:04:48.210+0000] {logging_mixin.py:188} INFO - [2026-09-20T17:04:48.210+0000] {dag.py:3947} INFO - Setting next_dagrun for weather_risk_pipeline to 2026-09-20 00:00:00+00:00, run_after=2026-09-21 00:00:00+00:00
[2026-09-20T17:04:48.446+0000] {processor.py:183} INFO - Processing /opt/airflow/dags/weather_risk_dag.py took 1.116 seconds
[2026-09-20T17:05:18.632+0000] {processor.py:161} INFO - Started process (PID=1025) to work on /opt/airflow/dags/weather_risk_dag.py
[2026-09-20T17:05:18.633+0000] {processor.py:830} INFO - Processing file /opt/airflow/dags/weather_risk_dag.py for tasks to queue
[2026-09-20T17:05:18.637+0000] {logging_mixin.py:188} INFO - [2026-09-20T17:05:18.636+0000] {dagbag.py:545} INFO - Filling up the DagBag from /opt/airflow/dags/weather_risk_dag.py
[2026-09-20T17:05:19.311+0000] {processor.py:840} INFO - DAG(s) 'weather_risk_pipeline' retrieved from /opt/airflow/dags/weather_risk_dag.py
[2026-09-20T17:05:19.369+0000] {logging_mixin.py:188} INFO - [2026-09-20T17:05:19.369+0000] {dag.py:3089} INFO - Sync 1 DAGs
[2026-09-20T17:05:19.653+0000] {logging_mixin.py:188} INFO - [2026-09-20T17:05:19.652+0000] {dag.py:3947} INFO - Setting next_dagrun for weather_risk_pipeline to 2026-09-20 00:00:00+00:00, run_after=2026-09-21 00:00:00+00:00
[2026-09-20T17:05:19.693+0000] {processor.py:183} INFO - Processing /opt/airflow/dags/weather_risk_dag.py took 1.071 seconds
