[2026-09-20T14:33:02.656+0000] {local_task_job_runner.py:120} INFO - ::group::Pre task execution logs
[2026-09-20T14:33:02.732+0000] {taskinstance.py:2076} INFO - Dependencies all met for dep_context=non-requeueable deps ti=<TaskInstance: weather_risk_pipeline.extract_weather scheduled__2026-09-19T00:00:00+00:00 [queued]>
[2026-09-20T14:33:02.749+0000] {taskinstance.py:2076} INFO - Dependencies all met for dep_context=requeueable deps ti=<TaskInstance: weather_risk_pipeline.extract_weather scheduled__2026-09-19T00:00:00+00:00 [queued]>
[2026-09-20T14:33:02.750+0000] {taskinstance.py:2306} INFO - Starting attempt 1 of 2
[2026-09-20T14:33:02.781+0000] {taskinstance.py:2330} INFO - Executing <Task(PythonOperator): extract_weather> on 2026-09-19 00:00:00+00:00
[2026-09-20T14:33:02.795+0000] {standard_task_runner.py:90} INFO - Running: ['***', 'tasks', 'run', 'weather_risk_pipeline', 'extract_weather', 'scheduled__2026-09-19T00:00:00+00:00', '--job-id', '3', '--raw', '--subdir', 'DAGS_FOLDER/weather_risk_dag.py', '--cfg-path', '/tmp/tmpp4x6wjui']
[2026-09-20T14:33:02.799+0000] {standard_task_runner.py:91} INFO - Job 3: Subtask extract_weather
[2026-09-20T14:33:02.801+0000] {logging_mixin.py:188} WARNING - /home/***/.local/lib/python3.12/site-packages/***/task/task_runner/standard_task_runner.py:62 DeprecationWarning: This process (pid=152) is multi-threaded, use of fork() may lead to deadlocks in the child.
[2026-09-20T14:33:02.803+0000] {standard_task_runner.py:64} INFO - Started process 163 to run task
[2026-09-20T14:33:02.907+0000] {task_command.py:426} INFO - Running <TaskInstance: weather_risk_pipeline.extract_weather scheduled__2026-09-19T00:00:00+00:00 [running]> on host 92f0cabb9fce
[2026-09-20T14:33:03.086+0000] {taskinstance.py:2648} INFO - Exporting env vars: AIRFLOW_CTX_DAG_OWNER='***' AIRFLOW_CTX_DAG_ID='weather_risk_pipeline' AIRFLOW_CTX_TASK_ID='extract_weather' AIRFLOW_CTX_EXECUTION_DATE='2026-09-19T00:00:00+00:00' AIRFLOW_CTX_TRY_NUMBER='1' AIRFLOW_CTX_DAG_RUN_ID='scheduled__2026-09-19T00:00:00+00:00'
[2026-09-20T14:33:03.088+0000] {taskinstance.py:430} INFO - ::endgroup::
[2026-09-20T14:33:03.186+0000] {logging_mixin.py:188} INFO - 1.Loadingg the csv cities:           city      lat      lng  population                     region
0    Casablanca  33.5992  -7.6200     3752000    Grand Casablanca-Settat
1         Rabat  34.0209  -6.8416      577827         Rabat-Salé-Kénitra
2     Marrakech  31.6295  -7.9811      928850             Marrakech-Safi
3           Fes  34.0333  -5.0000     1112072                 Fès-Meknès
4       Tangier  35.7595  -5.8340      947952  Tanger-Tétouan-Al Hoceïma
5        Agadir  30.4278  -9.5981      421844                Souss-Massa
6        Meknes  33.8833  -5.5500      632079                 Fès-Meknès
7         Oujda  34.6867  -1.9114      494252                   Oriental
8       Kenitra  34.2610  -6.5802      431282         Rabat-Salé-Kénitra
9       Tetouan  35.5785  -5.3684      380787  Tanger-Tétouan-Al Hoceïma
10         Safi  32.2994  -9.2372      308508             Marrakech-Safi
11    El Jadida  33.2316  -8.5007      194934    Grand Casablanca-Settat
12  Beni Mellal  32.3373  -6.3498      192676       Béni Mellal-Khénifra
13        Nador  35.1740  -2.9287      161726                   Oriental
14    Khouribga  32.8811  -6.9063      166397       Béni Mellal-Khénifra
15         Taza  34.2100  -4.0100      139686                 Fès-Meknès
16       Settat  33.0014  -7.6197      142250    Grand Casablanca-Settat
17      Larache  35.1932  -6.1560      125008  Tanger-Tétouan-Al Hoceïma
18      Guelmim  28.9870 -10.0574      118318          Guelmim-Oued Noun
19       Dakhla  23.7136 -15.9355      106277       Dakhla-Oued Ed-Dahab
[2026-09-20T14:33:03.187+0000] {taskinstance.py:441} INFO - ::group::Post task execution logs
[2026-09-20T14:33:03.188+0000] {taskinstance.py:2905} ERROR - Task failed with exception
Traceback (most recent call last):
  File "/usr/local/lib/python3.12/pathlib.py", line 1311, in mkdir
    os.mkdir(self, mode)
FileNotFoundError: [Errno 2] No such file or directory: '/opt/project/src/data/bronze'

During handling of the above exception, another exception occurred:

Traceback (most recent call last):
  File "/home/airflow/.local/lib/python3.12/site-packages/airflow/models/taskinstance.py", line 465, in _execute_task
    result = _execute_callable(context=context, **execute_callable_kwargs)
             ^^^^^^^^^^^^^^^^^^^^^^^^^^^^^^^^^^^^^^^^^^^^^^^^^^^^^^^^^^^^^
  File "/home/airflow/.local/lib/python3.12/site-packages/airflow/models/taskinstance.py", line 432, in _execute_callable
    return execute_callable(context=context, **execute_callable_kwargs)
           ^^^^^^^^^^^^^^^^^^^^^^^^^^^^^^^^^^^^^^^^^^^^^^^^^^^^^^^^^^^^
  File "/home/airflow/.local/lib/python3.12/site-packages/airflow/models/baseoperator.py", line 401, in wrapper
    return func(self, *args, **kwargs)
           ^^^^^^^^^^^^^^^^^^^^^^^^^^^
  File "/home/airflow/.local/lib/python3.12/site-packages/airflow/operators/python.py", line 235, in execute
    return_value = self.execute_callable()
                   ^^^^^^^^^^^^^^^^^^^^^^^
  File "/home/airflow/.local/lib/python3.12/site-packages/airflow/operators/python.py", line 252, in execute_callable
    return self.python_callable(*self.op_args, **self.op_kwargs)
           ^^^^^^^^^^^^^^^^^^^^^^^^^^^^^^^^^^^^^^^^^^^^^^^^^^^^^
  File "/opt/project/src/extraction/extract_weather.py", line 117, in run_extraction
    bronze_dir.mkdir(parents=True, exist_ok=True)
  File "/usr/local/lib/python3.12/pathlib.py", line 1315, in mkdir
    self.parent.mkdir(parents=True, exist_ok=True)
  File "/usr/local/lib/python3.12/pathlib.py", line 1311, in mkdir
    os.mkdir(self, mode)
PermissionError: [Errno 13] Permission denied: '/opt/project/src/data'
[2026-09-20T14:33:03.215+0000] {taskinstance.py:1206} INFO - Marking task as UP_FOR_RETRY. dag_id=weather_risk_pipeline, task_id=extract_weather, run_id=scheduled__2026-09-19T00:00:00+00:00, execution_date=20260919T000000, start_date=20260920T143302, end_date=20260920T143303
[2026-09-20T14:33:03.241+0000] {standard_task_runner.py:110} ERROR - Failed to execute job 3 for task extract_weather ([Errno 13] Permission denied: '/opt/project/src/data'; 163)
[2026-09-20T14:33:03.258+0000] {local_task_job_runner.py:243} INFO - Task exited with return code 1
[2026-09-20T14:33:03.306+0000] {taskinstance.py:3503} INFO - 0 downstream tasks scheduled from follow-on schedule check
[2026-09-20T14:33:03.309+0000] {local_task_job_runner.py:222} INFO - ::endgroup::
[2026-09-20T16:01:30.066+0000] {local_task_job_runner.py:120} INFO - ::group::Pre task execution logs
[2026-09-20T16:01:30.150+0000] {taskinstance.py:2076} INFO - Dependencies all met for dep_context=non-requeueable deps ti=<TaskInstance: weather_risk_pipeline.extract_weather scheduled__2026-09-19T00:00:00+00:00 [queued]>
[2026-09-20T16:01:30.167+0000] {taskinstance.py:2076} INFO - Dependencies all met for dep_context=requeueable deps ti=<TaskInstance: weather_risk_pipeline.extract_weather scheduled__2026-09-19T00:00:00+00:00 [queued]>
[2026-09-20T16:01:30.168+0000] {taskinstance.py:2306} INFO - Starting attempt 1 of 2
[2026-09-20T16:01:30.196+0000] {taskinstance.py:2330} INFO - Executing <Task(PythonOperator): extract_weather> on 2026-09-19 00:00:00+00:00
[2026-09-20T16:01:30.209+0000] {standard_task_runner.py:90} INFO - Running: ['***', 'tasks', 'run', 'weather_risk_pipeline', 'extract_weather', 'scheduled__2026-09-19T00:00:00+00:00', '--job-id', '11', '--raw', '--subdir', 'DAGS_FOLDER/weather_risk_dag.py', '--cfg-path', '/tmp/tmp1bouruhv']
[2026-09-20T16:01:30.213+0000] {standard_task_runner.py:91} INFO - Job 11: Subtask extract_weather
[2026-09-20T16:01:30.215+0000] {logging_mixin.py:188} WARNING - /home/***/.local/lib/python3.12/site-packages/***/task/task_runner/standard_task_runner.py:62 DeprecationWarning: This process (pid=234) is multi-threaded, use of fork() may lead to deadlocks in the child.
[2026-09-20T16:01:30.216+0000] {standard_task_runner.py:64} INFO - Started process 239 to run task
[2026-09-20T16:01:30.312+0000] {task_command.py:426} INFO - Running <TaskInstance: weather_risk_pipeline.extract_weather scheduled__2026-09-19T00:00:00+00:00 [running]> on host 2e228a8c66cc
[2026-09-20T16:01:30.747+0000] {taskinstance.py:2648} INFO - Exporting env vars: AIRFLOW_CTX_DAG_OWNER='***' AIRFLOW_CTX_DAG_ID='weather_risk_pipeline' AIRFLOW_CTX_TASK_ID='extract_weather' AIRFLOW_CTX_EXECUTION_DATE='2026-09-19T00:00:00+00:00' AIRFLOW_CTX_TRY_NUMBER='1' AIRFLOW_CTX_DAG_RUN_ID='scheduled__2026-09-19T00:00:00+00:00'
[2026-09-20T16:01:30.748+0000] {taskinstance.py:430} INFO - ::endgroup::
[2026-09-20T16:01:30.821+0000] {logging_mixin.py:188} INFO - 1.Loadingg the csv cities:           city      lat      lng  population                     region
0    Casablanca  33.5992  -7.6200     3752000    Grand Casablanca-Settat
1         Rabat  34.0209  -6.8416      577827         Rabat-Salé-Kénitra
2     Marrakech  31.6295  -7.9811      928850             Marrakech-Safi
3           Fes  34.0333  -5.0000     1112072                 Fès-Meknès
4       Tangier  35.7595  -5.8340      947952  Tanger-Tétouan-Al Hoceïma
5        Agadir  30.4278  -9.5981      421844                Souss-Massa
6        Meknes  33.8833  -5.5500      632079                 Fès-Meknès
7         Oujda  34.6867  -1.9114      494252                   Oriental
8       Kenitra  34.2610  -6.5802      431282         Rabat-Salé-Kénitra
9       Tetouan  35.5785  -5.3684      380787  Tanger-Tétouan-Al Hoceïma
10         Safi  32.2994  -9.2372      308508             Marrakech-Safi
11    El Jadida  33.2316  -8.5007      194934    Grand Casablanca-Settat
12  Beni Mellal  32.3373  -6.3498      192676       Béni Mellal-Khénifra
13        Nador  35.1740  -2.9287      161726                   Oriental
14    Khouribga  32.8811  -6.9063      166397       Béni Mellal-Khénifra
15         Taza  34.2100  -4.0100      139686                 Fès-Meknès
16       Settat  33.0014  -7.6197      142250    Grand Casablanca-Settat
17      Larache  35.1932  -6.1560      125008  Tanger-Tétouan-Al Hoceïma
18      Guelmim  28.9870 -10.0574      118318          Guelmim-Oued Noun
19       Dakhla  23.7136 -15.9355      106277       Dakhla-Oued Ed-Dahab
[2026-09-20T16:01:30.822+0000] {taskinstance.py:441} INFO - ::group::Post task execution logs
[2026-09-20T16:01:30.822+0000] {taskinstance.py:2905} ERROR - Task failed with exception
Traceback (most recent call last):
  File "/usr/local/lib/python3.12/pathlib.py", line 1311, in mkdir
    os.mkdir(self, mode)
FileNotFoundError: [Errno 2] No such file or directory: '/opt/project/src/data/bronze'

During handling of the above exception, another exception occurred:

Traceback (most recent call last):
  File "/home/airflow/.local/lib/python3.12/site-packages/airflow/models/taskinstance.py", line 465, in _execute_task
    result = _execute_callable(context=context, **execute_callable_kwargs)
             ^^^^^^^^^^^^^^^^^^^^^^^^^^^^^^^^^^^^^^^^^^^^^^^^^^^^^^^^^^^^^
  File "/home/airflow/.local/lib/python3.12/site-packages/airflow/models/taskinstance.py", line 432, in _execute_callable
    return execute_callable(context=context, **execute_callable_kwargs)
           ^^^^^^^^^^^^^^^^^^^^^^^^^^^^^^^^^^^^^^^^^^^^^^^^^^^^^^^^^^^^
  File "/home/airflow/.local/lib/python3.12/site-packages/airflow/models/baseoperator.py", line 401, in wrapper
    return func(self, *args, **kwargs)
           ^^^^^^^^^^^^^^^^^^^^^^^^^^^
  File "/home/airflow/.local/lib/python3.12/site-packages/airflow/operators/python.py", line 235, in execute
    return_value = self.execute_callable()
                   ^^^^^^^^^^^^^^^^^^^^^^^
  File "/home/airflow/.local/lib/python3.12/site-packages/airflow/operators/python.py", line 252, in execute_callable
    return self.python_callable(*self.op_args, **self.op_kwargs)
           ^^^^^^^^^^^^^^^^^^^^^^^^^^^^^^^^^^^^^^^^^^^^^^^^^^^^^
  File "/opt/project/src/extraction/extract_weather.py", line 117, in run_extraction
    bronze_dir.mkdir(parents=True, exist_ok=True)
  File "/usr/local/lib/python3.12/pathlib.py", line 1315, in mkdir
    self.parent.mkdir(parents=True, exist_ok=True)
  File "/usr/local/lib/python3.12/pathlib.py", line 1311, in mkdir
    os.mkdir(self, mode)
PermissionError: [Errno 13] Permission denied: '/opt/project/src/data'
[2026-09-20T16:01:30.848+0000] {taskinstance.py:1206} INFO - Marking task as UP_FOR_RETRY. dag_id=weather_risk_pipeline, task_id=extract_weather, run_id=scheduled__2026-09-19T00:00:00+00:00, execution_date=20260919T000000, start_date=20260920T160130, end_date=20260920T160130
[2026-09-20T16:01:30.876+0000] {standard_task_runner.py:110} ERROR - Failed to execute job 11 for task extract_weather ([Errno 13] Permission denied: '/opt/project/src/data'; 239)
[2026-09-20T16:01:30.913+0000] {local_task_job_runner.py:243} INFO - Task exited with return code 1
[2026-09-20T16:01:30.973+0000] {taskinstance.py:3503} INFO - 0 downstream tasks scheduled from follow-on schedule check
[2026-09-20T16:01:30.976+0000] {local_task_job_runner.py:222} INFO - ::endgroup::
[2026-09-20T16:06:34.952+0000] {local_task_job_runner.py:120} INFO - ::group::Pre task execution logs
[2026-09-20T16:06:35.034+0000] {taskinstance.py:2076} INFO - Dependencies all met for dep_context=non-requeueable deps ti=<TaskInstance: weather_risk_pipeline.extract_weather scheduled__2026-09-19T00:00:00+00:00 [queued]>
[2026-09-20T16:06:35.053+0000] {taskinstance.py:2076} INFO - Dependencies all met for dep_context=requeueable deps ti=<TaskInstance: weather_risk_pipeline.extract_weather scheduled__2026-09-19T00:00:00+00:00 [queued]>
[2026-09-20T16:06:35.054+0000] {taskinstance.py:2306} INFO - Starting attempt 1 of 2
[2026-09-20T16:06:35.079+0000] {taskinstance.py:2330} INFO - Executing <Task(PythonOperator): extract_weather> on 2026-09-19 00:00:00+00:00
[2026-09-20T16:06:35.097+0000] {standard_task_runner.py:90} INFO - Running: ['***', 'tasks', 'run', 'weather_risk_pipeline', 'extract_weather', 'scheduled__2026-09-19T00:00:00+00:00', '--job-id', '13', '--raw', '--subdir', 'DAGS_FOLDER/weather_risk_dag.py', '--cfg-path', '/tmp/tmp3he9osx_']
[2026-09-20T16:06:35.101+0000] {standard_task_runner.py:91} INFO - Job 13: Subtask extract_weather
[2026-09-20T16:06:35.103+0000] {logging_mixin.py:188} WARNING - /home/***/.local/lib/python3.12/site-packages/***/task/task_runner/standard_task_runner.py:62 DeprecationWarning: This process (pid=300) is multi-threaded, use of fork() may lead to deadlocks in the child.
[2026-09-20T16:06:35.104+0000] {standard_task_runner.py:64} INFO - Started process 305 to run task
[2026-09-20T16:06:35.208+0000] {task_command.py:426} INFO - Running <TaskInstance: weather_risk_pipeline.extract_weather scheduled__2026-09-19T00:00:00+00:00 [running]> on host 2e228a8c66cc
[2026-09-20T16:06:35.674+0000] {taskinstance.py:2648} INFO - Exporting env vars: AIRFLOW_CTX_DAG_OWNER='***' AIRFLOW_CTX_DAG_ID='weather_risk_pipeline' AIRFLOW_CTX_TASK_ID='extract_weather' AIRFLOW_CTX_EXECUTION_DATE='2026-09-19T00:00:00+00:00' AIRFLOW_CTX_TRY_NUMBER='1' AIRFLOW_CTX_DAG_RUN_ID='scheduled__2026-09-19T00:00:00+00:00'
[2026-09-20T16:06:35.676+0000] {taskinstance.py:430} INFO - ::endgroup::
[2026-09-20T16:06:35.724+0000] {logging_mixin.py:188} INFO - 1.Loadingg the csv cities:           city      lat      lng  population                     region
0    Casablanca  33.5992  -7.6200     3752000    Grand Casablanca-Settat
1         Rabat  34.0209  -6.8416      577827         Rabat-Salé-Kénitra
2     Marrakech  31.6295  -7.9811      928850             Marrakech-Safi
3           Fes  34.0333  -5.0000     1112072                 Fès-Meknès
4       Tangier  35.7595  -5.8340      947952  Tanger-Tétouan-Al Hoceïma
5        Agadir  30.4278  -9.5981      421844                Souss-Massa
6        Meknes  33.8833  -5.5500      632079                 Fès-Meknès
7         Oujda  34.6867  -1.9114      494252                   Oriental
8       Kenitra  34.2610  -6.5802      431282         Rabat-Salé-Kénitra
9       Tetouan  35.5785  -5.3684      380787  Tanger-Tétouan-Al Hoceïma
10         Safi  32.2994  -9.2372      308508             Marrakech-Safi
11    El Jadida  33.2316  -8.5007      194934    Grand Casablanca-Settat
12  Beni Mellal  32.3373  -6.3498      192676       Béni Mellal-Khénifra
13        Nador  35.1740  -2.9287      161726                   Oriental
14    Khouribga  32.8811  -6.9063      166397       Béni Mellal-Khénifra
15         Taza  34.2100  -4.0100      139686                 Fès-Meknès
16       Settat  33.0014  -7.6197      142250    Grand Casablanca-Settat
17      Larache  35.1932  -6.1560      125008  Tanger-Tétouan-Al Hoceïma
18      Guelmim  28.9870 -10.0574      118318          Guelmim-Oued Noun
19       Dakhla  23.7136 -15.9355      106277       Dakhla-Oued Ed-Dahab
[2026-09-20T16:06:36.088+0000] {logging_mixin.py:188} INFO - Response:<Response [200]>
[2026-09-20T16:06:36.090+0000] {logging_mixin.py:188} INFO - data: {'latitude': 33.5625, 'longitude': -7.625, 'generationtime_ms': 0.14865398406982422, 'utc_offset_seconds': 3600, 'timezone': 'Africa/Casablanca', 'timezone_abbreviation': 'GMT+1', 'elevation': 23.0, 'daily_units': {'time': 'iso8601', 'temperature_2m_max': '°C', 'temperature_2m_min': '°C', 'precipitation_sum': 'mm', 'precipitation_probability_max': '%', 'wind_speed_10m_max': 'km/h', 'wind_gusts_10m_max': 'km/h', 'weather_code': 'wmo code'}, 'daily': {'time': ['2026-09-20', '2026-09-21', '2026-09-22', '2026-09-23', '2026-09-24', '2026-09-25', '2026-09-26'], 'temperature_2m_max': [30.3, 31.2, 29.8, 27.9, 27.8, 28.5, 28.3], 'temperature_2m_min': [20.5, 21.2, 19.8, 19.4, 19.0, 19.7, 19.6], 'precipitation_sum': [0.0, 0.0, 0.0, 0.0, 0.0, 0.0, 0.0], 'precipitation_probability_max': [0, 0, 0, 0, 0, 0, 0], 'wind_speed_10m_max': [10.1, 12.4, 9.6, 10.8, 10.5, 12.6, 13.7], 'wind_gusts_10m_max': [29.5, 34.9, 28.8, 29.5, 30.2, 32.4, 35.3], 'weather_code': [2, 2, 45, 45, 45, 45, 45]}}
[2026-09-20T16:06:36.090+0000] {logging_mixin.py:188} INFO - racord: {'city': 'Casablanca', 'lat': 33.5992, 'lng': -7.62, 'fetched_at': '2026-09-20T16:06:35Z', 'api_response': None, 'error': None}
[2026-09-20T16:06:36.090+0000] {logging_mixin.py:188} INFO - Casablanca: nioce
[2026-09-20T16:06:36.723+0000] {logging_mixin.py:188} INFO - Response:<Response [200]>
[2026-09-20T16:06:36.724+0000] {logging_mixin.py:188} INFO - data: {'latitude': 34.0, 'longitude': -6.8125, 'generationtime_ms': 0.22351741790771484, 'utc_offset_seconds': 3600, 'timezone': 'Africa/Casablanca', 'timezone_abbreviation': 'GMT+1', 'elevation': 18.0, 'daily_units': {'time': 'iso8601', 'temperature_2m_max': '°C', 'temperature_2m_min': '°C', 'precipitation_sum': 'mm', 'precipitation_probability_max': '%', 'wind_speed_10m_max': 'km/h', 'wind_gusts_10m_max': 'km/h', 'weather_code': 'wmo code'}, 'daily': {'time': ['2026-09-20', '2026-09-21', '2026-09-22', '2026-09-23', '2026-09-24', '2026-09-25', '2026-09-26'], 'temperature_2m_max': [31.6, 31.8, 31.4, 28.9, 29.0, 27.8, 27.9], 'temperature_2m_min': [20.0, 20.6, 19.6, 18.8, 18.3, 18.8, 19.2], 'precipitation_sum': [0.0, 0.0, 0.0, 0.0, 0.0, 0.0, 0.0], 'precipitation_probability_max': [0, 0, 0, 0, 0, 0, 0], 'wind_speed_10m_max': [11.5, 10.9, 10.6, 12.3, 11.3, 11.2, 12.1], 'wind_gusts_10m_max': [30.2, 29.5, 28.1, 32.4, 28.8, 24.8, 27.7], 'weather_code': [1, 2, 1, 45, 0, 3, 45]}}
[2026-09-20T16:06:36.724+0000] {logging_mixin.py:188} INFO - racord: {'city': 'Rabat', 'lat': 34.0209, 'lng': -6.8416, 'fetched_at': '2026-09-20T16:06:36Z', 'api_response': None, 'error': None}
[2026-09-20T16:06:36.725+0000] {logging_mixin.py:188} INFO - Rabat: nioce
[2026-09-20T16:06:37.378+0000] {logging_mixin.py:188} INFO - Response:<Response [200]>
[2026-09-20T16:06:37.380+0000] {logging_mixin.py:188} INFO - data: {'latitude': 31.625, 'longitude': -8.0, 'generationtime_ms': 0.1690387725830078, 'utc_offset_seconds': 3600, 'timezone': 'Africa/Casablanca', 'timezone_abbreviation': 'GMT+1', 'elevation': 469.0, 'daily_units': {'time': 'iso8601', 'temperature_2m_max': '°C', 'temperature_2m_min': '°C', 'precipitation_sum': 'mm', 'precipitation_probability_max': '%', 'wind_speed_10m_max': 'km/h', 'wind_gusts_10m_max': 'km/h', 'weather_code': 'wmo code'}, 'daily': {'time': ['2026-09-20', '2026-09-21', '2026-09-22', '2026-09-23', '2026-09-24', '2026-09-25', '2026-09-26'], 'temperature_2m_max': [37.2, 37.6, 37.2, 37.0, 36.8, 35.0, 33.8], 'temperature_2m_min': [23.6, 23.9, 20.1, 18.5, 19.3, 19.9, 21.9], 'precipitation_sum': [0.1, 0.0, 0.0, 0.0, 0.0, 0.0, 0.0], 'precipitation_probability_max': [18, 3, 0, 0, 0, 0, 0], 'wind_speed_10m_max': [11.9, 15.6, 11.5, 10.0, 11.9, 11.3, 12.8], 'wind_gusts_10m_max': [34.9, 41.8, 31.3, 28.8, 33.1, 20.5, 27.0], 'weather_code': [3, 3, 0, 0, 0, 3, 3]}}
[2026-09-20T16:06:37.381+0000] {logging_mixin.py:188} INFO - racord: {'city': 'Marrakech', 'lat': 31.6295, 'lng': -7.9811, 'fetched_at': '2026-09-20T16:06:37Z', 'api_response': None, 'error': None}
[2026-09-20T16:06:37.381+0000] {logging_mixin.py:188} INFO - Marrakech: nioce
[2026-09-20T16:06:38.003+0000] {logging_mixin.py:188} INFO - Response:<Response [200]>
[2026-09-20T16:06:38.004+0000] {logging_mixin.py:188} INFO - data: {'latitude': 34.0625, 'longitude': -5.0, 'generationtime_ms': 0.14209747314453125, 'utc_offset_seconds': 3600, 'timezone': 'Africa/Casablanca', 'timezone_abbreviation': 'GMT+1', 'elevation': 407.0, 'daily_units': {'time': 'iso8601', 'temperature_2m_max': '°C', 'temperature_2m_min': '°C', 'precipitation_sum': 'mm', 'precipitation_probability_max': '%', 'wind_speed_10m_max': 'km/h', 'wind_gusts_10m_max': 'km/h', 'weather_code': 'wmo code'}, 'daily': {'time': ['2026-09-20', '2026-09-21', '2026-09-22', '2026-09-23', '2026-09-24', '2026-09-25', '2026-09-26'], 'temperature_2m_max': [35.5, 35.4, 34.2, 34.5, 35.7, 35.4, 35.2], 'temperature_2m_min': [21.8, 21.8, 20.4, 19.5, 20.2, 21.2, 21.3], 'precipitation_sum': [0.0, 0.0, 0.0, 0.0, 0.0, 0.0, 0.0], 'precipitation_probability_max': [0, 0, 0, 0, 0, 0, 0], 'wind_speed_10m_max': [14.5, 11.0, 10.0, 10.7, 10.3, 12.5, 12.2], 'wind_gusts_10m_max': [37.4, 29.2, 25.9, 28.1, 27.4, 31.3, 30.6], 'weather_code': [1, 2, 1, 0, 0, 3, 3]}}
[2026-09-20T16:06:38.005+0000] {logging_mixin.py:188} INFO - racord: {'city': 'Fes', 'lat': 34.0333, 'lng': -5.0, 'fetched_at': '2026-09-20T16:06:37Z', 'api_response': None, 'error': None}
[2026-09-20T16:06:38.005+0000] {logging_mixin.py:188} INFO - Fes: nioce
[2026-09-20T16:06:38.660+0000] {logging_mixin.py:188} INFO - Response:<Response [200]>
[2026-09-20T16:06:38.661+0000] {logging_mixin.py:188} INFO - data: {'latitude': 35.75, 'longitude': -5.8125, 'generationtime_ms': 0.25153160095214844, 'utc_offset_seconds': 3600, 'timezone': 'Africa/Casablanca', 'timezone_abbreviation': 'GMT+1', 'elevation': 48.0, 'daily_units': {'time': 'iso8601', 'temperature_2m_max': '°C', 'temperature_2m_min': '°C', 'precipitation_sum': 'mm', 'precipitation_probability_max': '%', 'wind_speed_10m_max': 'km/h', 'wind_gusts_10m_max': 'km/h', 'weather_code': 'wmo code'}, 'daily': {'time': ['2026-09-20', '2026-09-21', '2026-09-22', '2026-09-23', '2026-09-24', '2026-09-25', '2026-09-26'], 'temperature_2m_max': [27.6, 28.3, 29.2, 29.3, 29.2, 28.1, 26.6], 'temperature_2m_min': [23.5, 22.8, 21.2, 21.0, 20.9, 20.4, 21.8], 'precipitation_sum': [0.0, 0.0, 0.0, 0.0, 0.0, 0.0, 0.0], 'precipitation_probability_max': [0, 0, 0, 0, 0, 0, 0], 'wind_speed_10m_max': [33.8, 27.8, 23.5, 21.4, 23.2, 20.1, 31.8], 'wind_gusts_10m_max': [78.8, 63.7, 52.9, 49.0, 53.3, 37.4, 59.4], 'weather_code': [2, 2, 3, 1, 1, 3, 3]}}
[2026-09-20T16:06:38.662+0000] {logging_mixin.py:188} INFO - racord: {'city': 'Tangier', 'lat': 35.7595, 'lng': -5.834, 'fetched_at': '2026-09-20T16:06:38Z', 'api_response': None, 'error': None}
[2026-09-20T16:06:38.663+0000] {logging_mixin.py:188} INFO - Tangier: nioce
[2026-09-20T16:06:39.293+0000] {logging_mixin.py:188} INFO - Response:<Response [200]>
[2026-09-20T16:06:39.295+0000] {logging_mixin.py:188} INFO - data: {'latitude': 30.4375, 'longitude': -9.625, 'generationtime_ms': 0.19240379333496094, 'utc_offset_seconds': 3600, 'timezone': 'Africa/Casablanca', 'timezone_abbreviation': 'GMT+1', 'elevation': 62.0, 'daily_units': {'time': 'iso8601', 'temperature_2m_max': '°C', 'temperature_2m_min': '°C', 'precipitation_sum': 'mm', 'precipitation_probability_max': '%', 'wind_speed_10m_max': 'km/h', 'wind_gusts_10m_max': 'km/h', 'weather_code': 'wmo code'}, 'daily': {'time': ['2026-09-20', '2026-09-21', '2026-09-22', '2026-09-23', '2026-09-24', '2026-09-25', '2026-09-26'], 'temperature_2m_max': [26.0, 32.2, 31.9, 33.1, 30.4, 30.4, 27.3], 'temperature_2m_min': [19.7, 21.3, 24.4, 23.8, 20.4, 19.3, 20.5], 'precipitation_sum': [0.0, 0.0, 0.0, 0.0, 0.0, 0.0, 0.0], 'precipitation_probability_max': [0, 0, 0, 0, 0, 0, 0], 'wind_speed_10m_max': [11.4, 8.4, 16.4, 15.6, 11.3, 10.3, 12.1], 'wind_gusts_10m_max': [27.7, 20.9, 35.3, 29.9, 25.9, 23.8, 29.2], 'weather_code': [45, 3, 1, 2, 1, 45, 45]}}
[2026-09-20T16:06:39.296+0000] {logging_mixin.py:188} INFO - racord: {'city': 'Agadir', 'lat': 30.4278, 'lng': -9.5981, 'fetched_at': '2026-09-20T16:06:38Z', 'api_response': None, 'error': None}
[2026-09-20T16:06:39.296+0000] {logging_mixin.py:188} INFO - Agadir: nioce
[2026-09-20T16:06:39.930+0000] {logging_mixin.py:188} INFO - Response:<Response [200]>
[2026-09-20T16:06:39.932+0000] {logging_mixin.py:188} INFO - data: {'latitude': 33.875, 'longitude': -5.5625, 'generationtime_ms': 0.1499652862548828, 'utc_offset_seconds': 3600, 'timezone': 'Africa/Casablanca', 'timezone_abbreviation': 'GMT+1', 'elevation': 542.0, 'daily_units': {'time': 'iso8601', 'temperature_2m_max': '°C', 'temperature_2m_min': '°C', 'precipitation_sum': 'mm', 'precipitation_probability_max': '%', 'wind_speed_10m_max': 'km/h', 'wind_gusts_10m_max': 'km/h', 'weather_code': 'wmo code'}, 'daily': {'time': ['2026-09-20', '2026-09-21', '2026-09-22', '2026-09-23', '2026-09-24', '2026-09-25', '2026-09-26'], 'temperature_2m_max': [36.0, 35.0, 33.4, 34.0, 34.9, 34.2, 33.5], 'temperature_2m_min': [20.5, 20.9, 18.2, 18.0, 18.2, 18.0, 16.6], 'precipitation_sum': [0.0, 0.0, 0.0, 0.0, 0.0, 0.0, 0.0], 'precipitation_probability_max': [0, 0, 0, 0, 0, 0, 0], 'wind_speed_10m_max': [16.1, 15.5, 14.0, 12.9, 14.1, 17.2, 14.8], 'wind_gusts_10m_max': [40.7, 38.5, 36.4, 34.2, 37.4, 38.2, 34.6], 'weather_code': [2, 2, 1, 3, 0, 2, 3]}}
[2026-09-20T16:06:39.932+0000] {logging_mixin.py:188} INFO - racord: {'city': 'Meknes', 'lat': 33.8833, 'lng': -5.55, 'fetched_at': '2026-09-20T16:06:39Z', 'api_response': None, 'error': None}
[2026-09-20T16:06:39.932+0000] {logging_mixin.py:188} INFO - Meknes: nioce
[2026-09-20T16:06:40.573+0000] {logging_mixin.py:188} INFO - Response:<Response [200]>
[2026-09-20T16:06:40.574+0000] {logging_mixin.py:188} INFO - data: {'latitude': 34.6875, 'longitude': -1.9375, 'generationtime_ms': 0.27501583099365234, 'utc_offset_seconds': 3600, 'timezone': 'Africa/Casablanca', 'timezone_abbreviation': 'GMT+1', 'elevation': 551.0, 'daily_units': {'time': 'iso8601', 'temperature_2m_max': '°C', 'temperature_2m_min': '°C', 'precipitation_sum': 'mm', 'precipitation_probability_max': '%', 'wind_speed_10m_max': 'km/h', 'wind_gusts_10m_max': 'km/h', 'weather_code': 'wmo code'}, 'daily': {'time': ['2026-09-20', '2026-09-21', '2026-09-22', '2026-09-23', '2026-09-24', '2026-09-25', '2026-09-26'], 'temperature_2m_max': [29.3, 28.7, 28.2, 29.8, 30.2, 30.6, 30.9], 'temperature_2m_min': [17.7, 18.4, 13.9, 15.4, 15.0, 13.0, 14.9], 'precipitation_sum': [0.0, 0.0, 0.0, 0.0, 0.0, 0.0, 0.0], 'precipitation_probability_max': [20, 0, 0, 0, 0, 0, 0], 'wind_speed_10m_max': [18.8, 20.2, 18.1, 20.8, 19.4, 20.2, 22.9], 'wind_gusts_10m_max': [38.2, 41.0, 36.7, 41.8, 39.2, 36.7, 40.0], 'weather_code': [45, 45, 45, 0, 0, 3, 1]}}
[2026-09-20T16:06:40.575+0000] {logging_mixin.py:188} INFO - racord: {'city': 'Oujda', 'lat': 34.6867, 'lng': -1.9114, 'fetched_at': '2026-09-20T16:06:40Z', 'api_response': None, 'error': None}
[2026-09-20T16:06:40.575+0000] {logging_mixin.py:188} INFO - Oujda: nioce
[2026-09-20T16:06:41.205+0000] {logging_mixin.py:188} INFO - Response:<Response [200]>
[2026-09-20T16:06:41.207+0000] {logging_mixin.py:188} INFO - data: {'latitude': 34.25, 'longitude': -6.5625, 'generationtime_ms': 0.23281574249267578, 'utc_offset_seconds': 3600, 'timezone': 'Africa/Casablanca', 'timezone_abbreviation': 'GMT+1', 'elevation': 11.0, 'daily_units': {'time': 'iso8601', 'temperature_2m_max': '°C', 'temperature_2m_min': '°C', 'precipitation_sum': 'mm', 'precipitation_probability_max': '%', 'wind_speed_10m_max': 'km/h', 'wind_gusts_10m_max': 'km/h', 'weather_code': 'wmo code'}, 'daily': {'time': ['2026-09-20', '2026-09-21', '2026-09-22', '2026-09-23', '2026-09-24', '2026-09-25', '2026-09-26'], 'temperature_2m_max': [36.8, 33.8, 32.3, 32.1, 32.5, 29.7, 29.3], 'temperature_2m_min': [18.6, 20.1, 19.3, 18.0, 17.4, 18.6, 19.2], 'precipitation_sum': [0.0, 0.0, 0.0, 0.0, 0.0, 0.0, 0.0], 'precipitation_probability_max': [0, 0, 0, 0, 0, 0, 0], 'wind_speed_10m_max': [14.0, 12.0, 11.0, 14.5, 13.9, 12.5, 12.3], 'wind_gusts_10m_max': [34.9, 29.5, 28.4, 36.4, 33.8, 29.2, 28.4], 'weather_code': [45, 2, 2, 45, 0, 3, 45]}}
[2026-09-20T16:06:41.207+0000] {logging_mixin.py:188} INFO - racord: {'city': 'Kenitra', 'lat': 34.261, 'lng': -6.5802, 'fetched_at': '2026-09-20T16:06:40Z', 'api_response': None, 'error': None}
[2026-09-20T16:06:41.208+0000] {logging_mixin.py:188} INFO - Kenitra: nioce
[2026-09-20T16:06:41.833+0000] {logging_mixin.py:188} INFO - Response:<Response [200]>
[2026-09-20T16:06:41.835+0000] {logging_mixin.py:188} INFO - data: {'latitude': 35.5625, 'longitude': -5.375, 'generationtime_ms': 0.27441978454589844, 'utc_offset_seconds': 3600, 'timezone': 'Africa/Casablanca', 'timezone_abbreviation': 'GMT+1', 'elevation': 111.0, 'daily_units': {'time': 'iso8601', 'temperature_2m_max': '°C', 'temperature_2m_min': '°C', 'precipitation_sum': 'mm', 'precipitation_probability_max': '%', 'wind_speed_10m_max': 'km/h', 'wind_gusts_10m_max': 'km/h', 'weather_code': 'wmo code'}, 'daily': {'time': ['2026-09-20', '2026-09-21', '2026-09-22', '2026-09-23', '2026-09-24', '2026-09-25', '2026-09-26'], 'temperature_2m_max': [25.8, 26.0, 26.4, 25.6, 26.8, 26.4, 26.0], 'temperature_2m_min': [22.6, 22.0, 20.3, 19.1, 20.7, 19.7, 20.4], 'precipitation_sum': [0.1, 0.0, 0.0, 0.0, 0.0, 0.0, 0.0], 'precipitation_probability_max': [0, 0, 0, 0, 0, 0, 0], 'wind_speed_10m_max': [31.2, 23.2, 17.0, 17.2, 17.7, 15.2, 20.7], 'wind_gusts_10m_max': [71.3, 51.5, 41.8, 42.8, 45.7, 38.9, 49.3], 'weather_code': [3, 3, 3, 2, 2, 3, 3]}}
[2026-09-20T16:06:41.835+0000] {logging_mixin.py:188} INFO - racord: {'city': 'Tetouan', 'lat': 35.5785, 'lng': -5.3684, 'fetched_at': '2026-09-20T16:06:41Z', 'api_response': None, 'error': None}
[2026-09-20T16:06:41.835+0000] {logging_mixin.py:188} INFO - Tetouan: nioce
[2026-09-20T16:06:42.468+0000] {logging_mixin.py:188} INFO - Response:<Response [200]>
[2026-09-20T16:06:42.470+0000] {logging_mixin.py:188} INFO - data: {'latitude': 32.3125, 'longitude': -9.25, 'generationtime_ms': 0.21219253540039062, 'utc_offset_seconds': 3600, 'timezone': 'Africa/Casablanca', 'timezone_abbreviation': 'GMT+1', 'elevation': 35.0, 'daily_units': {'time': 'iso8601', 'temperature_2m_max': '°C', 'temperature_2m_min': '°C', 'precipitation_sum': 'mm', 'precipitation_probability_max': '%', 'wind_speed_10m_max': 'km/h', 'wind_gusts_10m_max': 'km/h', 'weather_code': 'wmo code'}, 'daily': {'time': ['2026-09-20', '2026-09-21', '2026-09-22', '2026-09-23', '2026-09-24', '2026-09-25', '2026-09-26'], 'temperature_2m_max': [26.9, 27.9, 31.4, 29.4, 27.1, 31.3, 29.7], 'temperature_2m_min': [21.4, 20.0, 19.9, 20.0, 18.9, 19.4, 20.8], 'precipitation_sum': [0.0, 0.0, 0.0, 0.0, 0.0, 0.0, 0.0], 'precipitation_probability_max': [0, 0, 0, 0, 0, 0, 0], 'wind_speed_10m_max': [8.8, 7.6, 15.1, 15.6, 13.4, 20.4, 15.4], 'wind_gusts_10m_max': [18.0, 16.6, 29.9, 30.2, 26.3, 38.5, 30.6], 'weather_code': [2, 3, 0, 1, 0, 3, 45]}}
[2026-09-20T16:06:42.471+0000] {logging_mixin.py:188} INFO - racord: {'city': 'Safi', 'lat': 32.2994, 'lng': -9.2372, 'fetched_at': '2026-09-20T16:06:42Z', 'api_response': None, 'error': None}
[2026-09-20T16:06:42.471+0000] {logging_mixin.py:188} INFO - Safi: nioce
[2026-09-20T16:06:43.089+0000] {logging_mixin.py:188} INFO - Response:<Response [200]>
[2026-09-20T16:06:43.091+0000] {logging_mixin.py:188} INFO - data: {'latitude': 33.1875, 'longitude': -8.5, 'generationtime_ms': 0.1722574234008789, 'utc_offset_seconds': 3600, 'timezone': 'Africa/Casablanca', 'timezone_abbreviation': 'GMT+1', 'elevation': 37.0, 'daily_units': {'time': 'iso8601', 'temperature_2m_max': '°C', 'temperature_2m_min': '°C', 'precipitation_sum': 'mm', 'precipitation_probability_max': '%', 'wind_speed_10m_max': 'km/h', 'wind_gusts_10m_max': 'km/h', 'weather_code': 'wmo code'}, 'daily': {'time': ['2026-09-20', '2026-09-21', '2026-09-22', '2026-09-23', '2026-09-24', '2026-09-25', '2026-09-26'], 'temperature_2m_max': [29.9, 30.7, 29.6, 27.8, 28.3, 27.4, 27.6], 'temperature_2m_min': [20.2, 21.2, 19.4, 20.1, 19.6, 19.9, 20.2], 'precipitation_sum': [0.0, 0.0, 0.0, 0.0, 0.0, 0.0, 0.0], 'precipitation_probability_max': [0, 0, 0, 0, 0, 0, 0], 'wind_speed_10m_max': [14.5, 15.8, 15.9, 15.2, 13.8, 14.4, 13.7], 'wind_gusts_10m_max': [29.2, 31.0, 31.7, 30.2, 28.1, 28.8, 27.7], 'weather_code': [45, 45, 45, 45, 45, 45, 45]}}
[2026-09-20T16:06:43.091+0000] {logging_mixin.py:188} INFO - racord: {'city': 'El Jadida', 'lat': 33.2316, 'lng': -8.5007, 'fetched_at': '2026-09-20T16:06:42Z', 'api_response': None, 'error': None}
[2026-09-20T16:06:43.091+0000] {logging_mixin.py:188} INFO - El Jadida: nioce
[2026-09-20T16:06:43.733+0000] {logging_mixin.py:188} INFO - Response:<Response [200]>
[2026-09-20T16:06:43.734+0000] {logging_mixin.py:188} INFO - data: {'latitude': 32.3125, 'longitude': -6.375, 'generationtime_ms': 0.18537044525146484, 'utc_offset_seconds': 3600, 'timezone': 'Africa/Casablanca', 'timezone_abbreviation': 'GMT+1', 'elevation': 533.0, 'daily_units': {'time': 'iso8601', 'temperature_2m_max': '°C', 'temperature_2m_min': '°C', 'precipitation_sum': 'mm', 'precipitation_probability_max': '%', 'wind_speed_10m_max': 'km/h', 'wind_gusts_10m_max': 'km/h', 'weather_code': 'wmo code'}, 'daily': {'time': ['2026-09-20', '2026-09-21', '2026-09-22', '2026-09-23', '2026-09-24', '2026-09-25', '2026-09-26'], 'temperature_2m_max': [35.2, 35.1, 34.0, 34.6, 35.1, 34.8, 33.7], 'temperature_2m_min': [25.3, 23.7, 22.8, 22.2, 22.7, 22.3, 23.8], 'precipitation_sum': [0.0, 0.0, 0.0, 0.0, 0.0, 0.0, 0.0], 'precipitation_probability_max': [3, 3, 0, 0, 0, 0, 0], 'wind_speed_10m_max': [18.5, 17.2, 16.2, 13.9, 12.1, 17.4, 18.4], 'wind_gusts_10m_max': [42.8, 40.3, 34.6, 28.1, 27.4, 33.1, 35.3], 'weather_code': [3, 3, 2, 0, 0, 3, 3]}}
[2026-09-20T16:06:43.735+0000] {logging_mixin.py:188} INFO - racord: {'city': 'Beni Mellal', 'lat': 32.3373, 'lng': -6.3498, 'fetched_at': '2026-09-20T16:06:43Z', 'api_response': None, 'error': None}
[2026-09-20T16:06:43.735+0000] {logging_mixin.py:188} INFO - Beni Mellal: nioce
[2026-09-20T16:06:44.365+0000] {logging_mixin.py:188} INFO - Response:<Response [200]>
[2026-09-20T16:06:44.366+0000] {logging_mixin.py:188} INFO - data: {'latitude': 35.1875, 'longitude': -2.9375, 'generationtime_ms': 0.18131732940673828, 'utc_offset_seconds': 3600, 'timezone': 'Africa/Casablanca', 'timezone_abbreviation': 'GMT+1', 'elevation': 19.0, 'daily_units': {'time': 'iso8601', 'temperature_2m_max': '°C', 'temperature_2m_min': '°C', 'precipitation_sum': 'mm', 'precipitation_probability_max': '%', 'wind_speed_10m_max': 'km/h', 'wind_gusts_10m_max': 'km/h', 'weather_code': 'wmo code'}, 'daily': {'time': ['2026-09-20', '2026-09-21', '2026-09-22', '2026-09-23', '2026-09-24', '2026-09-25', '2026-09-26'], 'temperature_2m_max': [25.3, 25.7, 25.4, 25.7, 26.3, 26.8, 26.5], 'temperature_2m_min': [23.4, 23.1, 20.5, 19.8, 20.9, 19.6, 18.6], 'precipitation_sum': [4.6, 0.1, 0.0, 0.0, 0.0, 0.0, 0.0], 'precipitation_probability_max': [8, 3, 0, 0, 0, 0, 0], 'wind_speed_10m_max': [22.0, 17.1, 12.7, 13.0, 12.5, 16.3, 19.7], 'wind_gusts_10m_max': [48.2, 37.4, 27.4, 27.7, 28.4, 27.7, 34.2], 'weather_code': [80, 3, 3, 2, 2, 3, 45]}}
[2026-09-20T16:06:44.367+0000] {logging_mixin.py:188} INFO - racord: {'city': 'Nador', 'lat': 35.174, 'lng': -2.9287, 'fetched_at': '2026-09-20T16:06:44Z', 'api_response': None, 'error': None}
[2026-09-20T16:06:44.367+0000] {logging_mixin.py:188} INFO - Nador: nioce
[2026-09-20T16:06:45.007+0000] {logging_mixin.py:188} INFO - Response:<Response [200]>
[2026-09-20T16:06:45.008+0000] {logging_mixin.py:188} INFO - data: {'latitude': 32.875, 'longitude': -6.9375, 'generationtime_ms': 0.1595020294189453, 'utc_offset_seconds': 3600, 'timezone': 'Africa/Casablanca', 'timezone_abbreviation': 'GMT+1', 'elevation': 802.0, 'daily_units': {'time': 'iso8601', 'temperature_2m_max': '°C', 'temperature_2m_min': '°C', 'precipitation_sum': 'mm', 'precipitation_probability_max': '%', 'wind_speed_10m_max': 'km/h', 'wind_gusts_10m_max': 'km/h', 'weather_code': 'wmo code'}, 'daily': {'time': ['2026-09-20', '2026-09-21', '2026-09-22', '2026-09-23', '2026-09-24', '2026-09-25', '2026-09-26'], 'temperature_2m_max': [34.8, 34.9, 34.0, 33.6, 34.4, 32.9, 31.9], 'temperature_2m_min': [22.7, 22.8, 21.6, 20.5, 20.2, 18.6, 17.3], 'precipitation_sum': [0.0, 0.0, 0.0, 0.0, 0.0, 0.0, 0.0], 'precipitation_probability_max': [3, 3, 0, 0, 0, 0, 0], 'wind_speed_10m_max': [24.5, 20.2, 18.9, 19.7, 17.5, 19.8, 20.7], 'wind_gusts_10m_max': [54.7, 45.0, 43.9, 41.4, 38.2, 40.0, 41.8], 'weather_code': [3, 3, 2, 0, 0, 3, 3]}}
[2026-09-20T16:06:45.009+0000] {logging_mixin.py:188} INFO - racord: {'city': 'Khouribga', 'lat': 32.8811, 'lng': -6.9063, 'fetched_at': '2026-09-20T16:06:44Z', 'api_response': None, 'error': None}
[2026-09-20T16:06:45.009+0000] {logging_mixin.py:188} INFO - Khouribga: nioce
[2026-09-20T16:06:45.644+0000] {logging_mixin.py:188} INFO - Response:<Response [200]>
[2026-09-20T16:06:45.645+0000] {logging_mixin.py:188} INFO - data: {'latitude': 34.25, 'longitude': -4.0, 'generationtime_ms': 1.3539791107177734, 'utc_offset_seconds': 3600, 'timezone': 'Africa/Casablanca', 'timezone_abbreviation': 'GMT+1', 'elevation': 532.0, 'daily_units': {'time': 'iso8601', 'temperature_2m_max': '°C', 'temperature_2m_min': '°C', 'precipitation_sum': 'mm', 'precipitation_probability_max': '%', 'wind_speed_10m_max': 'km/h', 'wind_gusts_10m_max': 'km/h', 'weather_code': 'wmo code'}, 'daily': {'time': ['2026-09-20', '2026-09-21', '2026-09-22', '2026-09-23', '2026-09-24', '2026-09-25', '2026-09-26'], 'temperature_2m_max': [29.5, 29.6, 30.2, 30.9, 31.2, 31.8, 32.4], 'temperature_2m_min': [19.8, 19.7, 17.7, 15.9, 18.7, 17.2, 17.5], 'precipitation_sum': [0.0, 0.0, 0.0, 0.0, 0.0, 0.0, 0.0], 'precipitation_probability_max': [0, 0, 0, 0, 0, 0, 0], 'wind_speed_10m_max': [21.5, 20.9, 15.5, 18.0, 18.8, 19.6, 22.2], 'wind_gusts_10m_max': [43.6, 42.1, 32.4, 37.4, 38.5, 35.6, 41.8], 'weather_code': [3, 2, 3, 1, 0, 3, 3]}}
[2026-09-20T16:06:45.645+0000] {logging_mixin.py:188} INFO - racord: {'city': 'Taza', 'lat': 34.21, 'lng': -4.01, 'fetched_at': '2026-09-20T16:06:45Z', 'api_response': None, 'error': None}
[2026-09-20T16:06:45.645+0000] {logging_mixin.py:188} INFO - Taza: nioce
[2026-09-20T16:06:46.278+0000] {logging_mixin.py:188} INFO - Response:<Response [200]>
[2026-09-20T16:06:46.280+0000] {logging_mixin.py:188} INFO - data: {'latitude': 33.0, 'longitude': -7.625, 'generationtime_ms': 0.24902820587158203, 'utc_offset_seconds': 3600, 'timezone': 'Africa/Casablanca', 'timezone_abbreviation': 'GMT+1', 'elevation': 367.0, 'daily_units': {'time': 'iso8601', 'temperature_2m_max': '°C', 'temperature_2m_min': '°C', 'precipitation_sum': 'mm', 'precipitation_probability_max': '%', 'wind_speed_10m_max': 'km/h', 'wind_gusts_10m_max': 'km/h', 'weather_code': 'wmo code'}, 'daily': {'time': ['2026-09-20', '2026-09-21', '2026-09-22', '2026-09-23', '2026-09-24', '2026-09-25', '2026-09-26'], 'temperature_2m_max': [37.1, 38.5, 36.4, 35.9, 35.4, 33.2, 32.2], 'temperature_2m_min': [20.8, 22.3, 20.2, 18.9, 18.8, 18.8, 17.4], 'precipitation_sum': [0.6, 0.0, 0.0, 0.0, 0.0, 0.0, 0.0], 'precipitation_probability_max': [8, 0, 0, 0, 0, 0, 0], 'wind_speed_10m_max': [17.7, 25.5, 19.3, 17.5, 15.5, 18.5, 19.6], 'wind_gusts_10m_max': [38.5, 52.9, 40.0, 41.4, 35.6, 36.4, 38.5], 'weather_code': [3, 3, 1, 0, 0, 3, 45]}}
[2026-09-20T16:06:46.280+0000] {logging_mixin.py:188} INFO - racord: {'city': 'Settat', 'lat': 33.0014, 'lng': -7.6197, 'fetched_at': '2026-09-20T16:06:45Z', 'api_response': None, 'error': None}
[2026-09-20T16:06:46.280+0000] {logging_mixin.py:188} INFO - Settat: nioce
[2026-09-20T16:06:46.902+0000] {logging_mixin.py:188} INFO - Response:<Response [200]>
[2026-09-20T16:06:46.904+0000] {logging_mixin.py:188} INFO - data: {'latitude': 35.1875, 'longitude': -6.125, 'generationtime_ms': 0.1990795135498047, 'utc_offset_seconds': 3600, 'timezone': 'Africa/Casablanca', 'timezone_abbreviation': 'GMT+1', 'elevation': 36.0, 'daily_units': {'time': 'iso8601', 'temperature_2m_max': '°C', 'temperature_2m_min': '°C', 'precipitation_sum': 'mm', 'precipitation_probability_max': '%', 'wind_speed_10m_max': 'km/h', 'wind_gusts_10m_max': 'km/h', 'weather_code': 'wmo code'}, 'daily': {'time': ['2026-09-20', '2026-09-21', '2026-09-22', '2026-09-23', '2026-09-24', '2026-09-25', '2026-09-26'], 'temperature_2m_max': [35.7, 33.1, 31.8, 30.9, 32.2, 30.8, 30.6], 'temperature_2m_min': [23.9, 21.2, 19.9, 17.7, 17.4, 18.4, 17.8], 'precipitation_sum': [0.0, 0.0, 0.0, 0.0, 0.0, 0.0, 0.0], 'precipitation_probability_max': [0, 0, 0, 0, 0, 0, 0], 'wind_speed_10m_max': [18.8, 17.2, 17.2, 14.1, 13.3, 14.4, 14.3], 'wind_gusts_10m_max': [34.6, 31.7, 31.7, 26.3, 25.2, 27.7, 27.7], 'weather_code': [1, 3, 3, 1, 1, 3, 3]}}
[2026-09-20T16:06:46.904+0000] {logging_mixin.py:188} INFO - racord: {'city': 'Larache', 'lat': 35.1932, 'lng': -6.156, 'fetched_at': '2026-09-20T16:06:46Z', 'api_response': None, 'error': None}
[2026-09-20T16:06:46.905+0000] {logging_mixin.py:188} INFO - Larache: nioce
[2026-09-20T16:06:47.531+0000] {logging_mixin.py:188} INFO - Response:<Response [200]>
[2026-09-20T16:06:47.532+0000] {logging_mixin.py:188} INFO - data: {'latitude': 28.998241, 'longitude': -10.011475, 'generationtime_ms': 0.7023811340332031, 'utc_offset_seconds': 3600, 'timezone': 'Africa/Casablanca', 'timezone_abbreviation': 'GMT+1', 'elevation': 302.0, 'daily_units': {'time': 'iso8601', 'temperature_2m_max': '°C', 'temperature_2m_min': '°C', 'precipitation_sum': 'mm', 'precipitation_probability_max': '%', 'wind_speed_10m_max': 'km/h', 'wind_gusts_10m_max': 'km/h', 'weather_code': 'wmo code'}, 'daily': {'time': ['2026-09-20', '2026-09-21', '2026-09-22', '2026-09-23', '2026-09-24', '2026-09-25', '2026-09-26'], 'temperature_2m_max': [38.2, 39.2, 39.2, 39.5, 38.8, 36.8, 29.3], 'temperature_2m_min': [18.1, 23.3, 26.2, 23.7, 19.1, 17.0, 17.7], 'precipitation_sum': [0.0, 0.0, 0.0, 0.0, 0.0, 0.0, 0.0], 'precipitation_probability_max': [0, 2, 2, 2, 0, 0, 0], 'wind_speed_10m_max': [22.1, 18.5, 22.6, 27.7, 17.3, 21.7, 16.7], 'wind_gusts_10m_max': [38.5, 34.2, 37.1, 47.9, 38.9, 38.5, 34.2], 'weather_code': [1, 3, 2, 3, 0, 3, 3]}}
[2026-09-20T16:06:47.533+0000] {logging_mixin.py:188} INFO - racord: {'city': 'Guelmim', 'lat': 28.987, 'lng': -10.0574, 'fetched_at': '2026-09-20T16:06:47Z', 'api_response': None, 'error': None}
[2026-09-20T16:06:47.533+0000] {logging_mixin.py:188} INFO - Guelmim: nioce
[2026-09-20T16:06:48.160+0000] {logging_mixin.py:188} INFO - Response:<Response [200]>
[2026-09-20T16:06:48.161+0000] {logging_mixin.py:188} INFO - data: {'latitude': 23.725834, 'longitude': -15.966187, 'generationtime_ms': 0.21076202392578125, 'utc_offset_seconds': 3600, 'timezone': 'Africa/Casablanca', 'timezone_abbreviation': 'GMT+1', 'elevation': 9.0, 'daily_units': {'time': 'iso8601', 'temperature_2m_max': '°C', 'temperature_2m_min': '°C', 'precipitation_sum': 'mm', 'precipitation_probability_max': '%', 'wind_speed_10m_max': 'km/h', 'wind_gusts_10m_max': 'km/h', 'weather_code': 'wmo code'}, 'daily': {'time': ['2026-09-20', '2026-09-21', '2026-09-22', '2026-09-23', '2026-09-24', '2026-09-25', '2026-09-26'], 'temperature_2m_max': [21.7, 22.6, 22.8, 22.9, 32.8, 27.0, 22.4], 'temperature_2m_min': [19.7, 19.9, 20.4, 20.2, 22.9, 22.5, 21.6], 'precipitation_sum': [0.0, 1.7, 0.9, 0.0, 0.0, 0.0, 0.0], 'precipitation_probability_max': [0, 19, 21, 12, 0, 6, 4], 'wind_speed_10m_max': [29.9, 33.3, 31.8, 30.3, 40.9, 41.1, 25.3], 'wind_gusts_10m_max': [37.4, 38.9, 41.0, 39.2, 49.7, 51.5, 36.0], 'weather_code': [0, 80, 53, 2, 3, 3, 3]}}
[2026-09-20T16:06:48.161+0000] {logging_mixin.py:188} INFO - racord: {'city': 'Dakhla', 'lat': 23.7136, 'lng': -15.9355, 'fetched_at': '2026-09-20T16:06:47Z', 'api_response': None, 'error': None}
[2026-09-20T16:06:48.162+0000] {logging_mixin.py:188} INFO - Dakhla: nioce
[2026-09-20T16:06:48.462+0000] {taskinstance.py:441} INFO - ::group::Post task execution logs
[2026-09-20T16:06:48.463+0000] {taskinstance.py:2905} ERROR - Task failed with exception
Traceback (most recent call last):
  File "/home/airflow/.local/lib/python3.12/site-packages/airflow/models/taskinstance.py", line 465, in _execute_task
    result = _execute_callable(context=context, **execute_callable_kwargs)
             ^^^^^^^^^^^^^^^^^^^^^^^^^^^^^^^^^^^^^^^^^^^^^^^^^^^^^^^^^^^^^
  File "/home/airflow/.local/lib/python3.12/site-packages/airflow/models/taskinstance.py", line 432, in _execute_callable
    return execute_callable(context=context, **execute_callable_kwargs)
           ^^^^^^^^^^^^^^^^^^^^^^^^^^^^^^^^^^^^^^^^^^^^^^^^^^^^^^^^^^^^
  File "/home/airflow/.local/lib/python3.12/site-packages/airflow/models/baseoperator.py", line 401, in wrapper
    return func(self, *args, **kwargs)
           ^^^^^^^^^^^^^^^^^^^^^^^^^^^
  File "/home/airflow/.local/lib/python3.12/site-packages/airflow/operators/python.py", line 235, in execute
    return_value = self.execute_callable()
                   ^^^^^^^^^^^^^^^^^^^^^^^
  File "/home/airflow/.local/lib/python3.12/site-packages/airflow/operators/python.py", line 252, in execute_callable
    return self.python_callable(*self.op_args, **self.op_kwargs)
           ^^^^^^^^^^^^^^^^^^^^^^^^^^^^^^^^^^^^^^^^^^^^^^^^^^^^^
  File "/opt/project/src/extraction/extract_weather.py", line 142, in run_extraction
    with open(out_path, "w", encoding="utf-8") as f:
         ^^^^^^^^^^^^^^^^^^^^^^^^^^^^^^^^^^^^^
PermissionError: [Errno 13] Permission denied: '/opt/project/data/bronze/weather_raw.json'
[2026-09-20T16:06:48.488+0000] {taskinstance.py:1206} INFO - Marking task as UP_FOR_RETRY. dag_id=weather_risk_pipeline, task_id=extract_weather, run_id=scheduled__2026-09-19T00:00:00+00:00, execution_date=20260919T000000, start_date=20260920T160635, end_date=20260920T160648
[2026-09-20T16:06:48.513+0000] {standard_task_runner.py:110} ERROR - Failed to execute job 13 for task extract_weather ([Errno 13] Permission denied: '/opt/project/data/bronze/weather_raw.json'; 305)
[2026-09-20T16:06:48.547+0000] {local_task_job_runner.py:243} INFO - Task exited with return code 1
[2026-09-20T16:06:48.598+0000] {taskinstance.py:3503} INFO - 0 downstream tasks scheduled from follow-on schedule check
[2026-09-20T16:06:48.601+0000] {local_task_job_runner.py:222} INFO - ::endgroup::
[2026-09-20T16:46:31.905+0000] {local_task_job_runner.py:120} INFO - ::group::Pre task execution logs
[2026-09-20T16:46:32.009+0000] {taskinstance.py:2076} INFO - Dependencies all met for dep_context=non-requeueable deps ti=<TaskInstance: weather_risk_pipeline.extract_weather scheduled__2026-09-19T00:00:00+00:00 [queued]>
[2026-09-20T16:46:32.028+0000] {taskinstance.py:2076} INFO - Dependencies all met for dep_context=requeueable deps ti=<TaskInstance: weather_risk_pipeline.extract_weather scheduled__2026-09-19T00:00:00+00:00 [queued]>
[2026-09-20T16:46:32.029+0000] {taskinstance.py:2306} INFO - Starting attempt 1 of 2
[2026-09-20T16:46:32.063+0000] {taskinstance.py:2330} INFO - Executing <Task(PythonOperator): extract_weather> on 2026-09-19 00:00:00+00:00
[2026-09-20T16:46:32.083+0000] {standard_task_runner.py:90} INFO - Running: ['***', 'tasks', 'run', 'weather_risk_pipeline', 'extract_weather', 'scheduled__2026-09-19T00:00:00+00:00', '--job-id', '20', '--raw', '--subdir', 'DAGS_FOLDER/weather_risk_dag.py', '--cfg-path', '/tmp/tmpzgu131ub']
[2026-09-20T16:46:32.088+0000] {standard_task_runner.py:91} INFO - Job 20: Subtask extract_weather
[2026-09-20T16:46:32.091+0000] {logging_mixin.py:188} WARNING - /home/***/.local/lib/python3.12/site-packages/***/task/task_runner/standard_task_runner.py:62 DeprecationWarning: This process (pid=687) is multi-threaded, use of fork() may lead to deadlocks in the child.
[2026-09-20T16:46:32.093+0000] {standard_task_runner.py:64} INFO - Started process 691 to run task
[2026-09-20T16:46:32.204+0000] {task_command.py:426} INFO - Running <TaskInstance: weather_risk_pipeline.extract_weather scheduled__2026-09-19T00:00:00+00:00 [running]> on host 138eb0e6e647
[2026-09-20T16:46:32.654+0000] {taskinstance.py:2648} INFO - Exporting env vars: AIRFLOW_CTX_DAG_OWNER='***' AIRFLOW_CTX_DAG_ID='weather_risk_pipeline' AIRFLOW_CTX_TASK_ID='extract_weather' AIRFLOW_CTX_EXECUTION_DATE='2026-09-19T00:00:00+00:00' AIRFLOW_CTX_TRY_NUMBER='1' AIRFLOW_CTX_DAG_RUN_ID='scheduled__2026-09-19T00:00:00+00:00'
[2026-09-20T16:46:32.656+0000] {taskinstance.py:430} INFO - ::endgroup::
[2026-09-20T16:46:32.702+0000] {logging_mixin.py:188} INFO - 1.Loadingg the csv cities:           city      lat      lng  population                     region
0    Casablanca  33.5992  -7.6200     3752000    Grand Casablanca-Settat
1         Rabat  34.0209  -6.8416      577827         Rabat-Salé-Kénitra
2     Marrakech  31.6295  -7.9811      928850             Marrakech-Safi
3           Fes  34.0333  -5.0000     1112072                 Fès-Meknès
4       Tangier  35.7595  -5.8340      947952  Tanger-Tétouan-Al Hoceïma
5        Agadir  30.4278  -9.5981      421844                Souss-Massa
6        Meknes  33.8833  -5.5500      632079                 Fès-Meknès
7         Oujda  34.6867  -1.9114      494252                   Oriental
8       Kenitra  34.2610  -6.5802      431282         Rabat-Salé-Kénitra
9       Tetouan  35.5785  -5.3684      380787  Tanger-Tétouan-Al Hoceïma
10         Safi  32.2994  -9.2372      308508             Marrakech-Safi
11    El Jadida  33.2316  -8.5007      194934    Grand Casablanca-Settat
12  Beni Mellal  32.3373  -6.3498      192676       Béni Mellal-Khénifra
13        Nador  35.1740  -2.9287      161726                   Oriental
14    Khouribga  32.8811  -6.9063      166397       Béni Mellal-Khénifra
15         Taza  34.2100  -4.0100      139686                 Fès-Meknès
16       Settat  33.0014  -7.6197      142250    Grand Casablanca-Settat
17      Larache  35.1932  -6.1560      125008  Tanger-Tétouan-Al Hoceïma
18      Guelmim  28.9870 -10.0574      118318          Guelmim-Oued Noun
19       Dakhla  23.7136 -15.9355      106277       Dakhla-Oued Ed-Dahab
[2026-09-20T16:46:33.028+0000] {logging_mixin.py:188} INFO - Response:<Response [200]>
[2026-09-20T16:46:33.029+0000] {logging_mixin.py:188} INFO - data: {'latitude': 33.5625, 'longitude': -7.625, 'generationtime_ms': 0.2485513687133789, 'utc_offset_seconds': 3600, 'timezone': 'Africa/Casablanca', 'timezone_abbreviation': 'GMT+1', 'elevation': 23.0, 'daily_units': {'time': 'iso8601', 'temperature_2m_max': '°C', 'temperature_2m_min': '°C', 'precipitation_sum': 'mm', 'precipitation_probability_max': '%', 'wind_speed_10m_max': 'km/h', 'wind_gusts_10m_max': 'km/h', 'weather_code': 'wmo code'}, 'daily': {'time': ['2026-09-20', '2026-09-21', '2026-09-22', '2026-09-23', '2026-09-24', '2026-09-25', '2026-09-26'], 'temperature_2m_max': [30.3, 31.2, 29.8, 27.9, 27.8, 28.5, 28.3], 'temperature_2m_min': [20.5, 21.2, 19.8, 19.4, 19.0, 19.7, 19.6], 'precipitation_sum': [0.0, 0.0, 0.0, 0.0, 0.0, 0.0, 0.0], 'precipitation_probability_max': [0, 0, 0, 0, 0, 0, 0], 'wind_speed_10m_max': [10.1, 12.4, 9.6, 10.8, 10.5, 12.6, 13.7], 'wind_gusts_10m_max': [29.5, 34.9, 28.8, 29.5, 30.2, 32.4, 35.3], 'weather_code': [2, 2, 45, 45, 45, 45, 45]}}
[2026-09-20T16:46:33.030+0000] {logging_mixin.py:188} INFO - racord: {'city': 'Casablanca', 'lat': 33.5992, 'lng': -7.62, 'fetched_at': '2026-09-20T16:46:32Z', 'api_response': None, 'error': None}
[2026-09-20T16:46:33.031+0000] {logging_mixin.py:188} INFO - Casablanca: nioce
[2026-09-20T16:46:33.677+0000] {logging_mixin.py:188} INFO - Response:<Response [200]>
[2026-09-20T16:46:33.678+0000] {logging_mixin.py:188} INFO - data: {'latitude': 34.0, 'longitude': -6.8125, 'generationtime_ms': 0.16045570373535156, 'utc_offset_seconds': 3600, 'timezone': 'Africa/Casablanca', 'timezone_abbreviation': 'GMT+1', 'elevation': 18.0, 'daily_units': {'time': 'iso8601', 'temperature_2m_max': '°C', 'temperature_2m_min': '°C', 'precipitation_sum': 'mm', 'precipitation_probability_max': '%', 'wind_speed_10m_max': 'km/h', 'wind_gusts_10m_max': 'km/h', 'weather_code': 'wmo code'}, 'daily': {'time': ['2026-09-20', '2026-09-21', '2026-09-22', '2026-09-23', '2026-09-24', '2026-09-25', '2026-09-26'], 'temperature_2m_max': [31.6, 31.8, 31.4, 28.9, 29.0, 27.8, 27.9], 'temperature_2m_min': [20.0, 20.6, 19.6, 18.8, 18.3, 18.8, 19.2], 'precipitation_sum': [0.0, 0.0, 0.0, 0.0, 0.0, 0.0, 0.0], 'precipitation_probability_max': [0, 0, 0, 0, 0, 0, 0], 'wind_speed_10m_max': [11.5, 10.9, 10.6, 12.3, 11.3, 11.2, 12.1], 'wind_gusts_10m_max': [30.2, 29.5, 28.1, 32.4, 28.8, 24.8, 27.7], 'weather_code': [1, 2, 1, 45, 0, 3, 45]}}
[2026-09-20T16:46:33.678+0000] {logging_mixin.py:188} INFO - racord: {'city': 'Rabat', 'lat': 34.0209, 'lng': -6.8416, 'fetched_at': '2026-09-20T16:46:33Z', 'api_response': None, 'error': None}
[2026-09-20T16:46:33.679+0000] {logging_mixin.py:188} INFO - Rabat: nioce
[2026-09-20T16:46:34.307+0000] {logging_mixin.py:188} INFO - Response:<Response [200]>
[2026-09-20T16:46:34.308+0000] {logging_mixin.py:188} INFO - data: {'latitude': 31.625, 'longitude': -8.0, 'generationtime_ms': 0.21076202392578125, 'utc_offset_seconds': 3600, 'timezone': 'Africa/Casablanca', 'timezone_abbreviation': 'GMT+1', 'elevation': 469.0, 'daily_units': {'time': 'iso8601', 'temperature_2m_max': '°C', 'temperature_2m_min': '°C', 'precipitation_sum': 'mm', 'precipitation_probability_max': '%', 'wind_speed_10m_max': 'km/h', 'wind_gusts_10m_max': 'km/h', 'weather_code': 'wmo code'}, 'daily': {'time': ['2026-09-20', '2026-09-21', '2026-09-22', '2026-09-23', '2026-09-24', '2026-09-25', '2026-09-26'], 'temperature_2m_max': [37.2, 37.6, 37.2, 37.0, 36.8, 35.0, 33.8], 'temperature_2m_min': [23.6, 23.9, 20.1, 18.5, 19.3, 19.9, 21.9], 'precipitation_sum': [0.1, 0.0, 0.0, 0.0, 0.0, 0.0, 0.0], 'precipitation_probability_max': [18, 3, 0, 0, 0, 0, 0], 'wind_speed_10m_max': [11.9, 15.6, 11.5, 10.0, 11.9, 11.3, 12.8], 'wind_gusts_10m_max': [34.9, 41.8, 31.3, 28.8, 33.1, 20.5, 27.0], 'weather_code': [3, 3, 0, 0, 0, 3, 3]}}
[2026-09-20T16:46:34.308+0000] {logging_mixin.py:188} INFO - racord: {'city': 'Marrakech', 'lat': 31.6295, 'lng': -7.9811, 'fetched_at': '2026-09-20T16:46:33Z', 'api_response': None, 'error': None}
[2026-09-20T16:46:34.309+0000] {logging_mixin.py:188} INFO - Marrakech: nioce
[2026-09-20T16:46:34.930+0000] {logging_mixin.py:188} INFO - Response:<Response [200]>
[2026-09-20T16:46:34.931+0000] {logging_mixin.py:188} INFO - data: {'latitude': 34.0625, 'longitude': -5.0, 'generationtime_ms': 0.4086494445800781, 'utc_offset_seconds': 3600, 'timezone': 'Africa/Casablanca', 'timezone_abbreviation': 'GMT+1', 'elevation': 407.0, 'daily_units': {'time': 'iso8601', 'temperature_2m_max': '°C', 'temperature_2m_min': '°C', 'precipitation_sum': 'mm', 'precipitation_probability_max': '%', 'wind_speed_10m_max': 'km/h', 'wind_gusts_10m_max': 'km/h', 'weather_code': 'wmo code'}, 'daily': {'time': ['2026-09-20', '2026-09-21', '2026-09-22', '2026-09-23', '2026-09-24', '2026-09-25', '2026-09-26'], 'temperature_2m_max': [35.5, 35.4, 34.2, 34.5, 35.7, 35.4, 35.2], 'temperature_2m_min': [21.8, 21.8, 20.4, 19.5, 20.2, 21.2, 21.3], 'precipitation_sum': [0.0, 0.0, 0.0, 0.0, 0.0, 0.0, 0.0], 'precipitation_probability_max': [0, 0, 0, 0, 0, 0, 0], 'wind_speed_10m_max': [14.5, 11.0, 10.0, 10.7, 10.3, 12.5, 12.2], 'wind_gusts_10m_max': [37.4, 29.2, 25.9, 28.1, 27.4, 31.3, 30.6], 'weather_code': [1, 2, 1, 0, 0, 3, 3]}}
[2026-09-20T16:46:34.932+0000] {logging_mixin.py:188} INFO - racord: {'city': 'Fes', 'lat': 34.0333, 'lng': -5.0, 'fetched_at': '2026-09-20T16:46:34Z', 'api_response': None, 'error': None}
[2026-09-20T16:46:34.932+0000] {logging_mixin.py:188} INFO - Fes: nioce
[2026-09-20T16:46:35.561+0000] {logging_mixin.py:188} INFO - Response:<Response [200]>
[2026-09-20T16:46:35.562+0000] {logging_mixin.py:188} INFO - data: {'latitude': 35.75, 'longitude': -5.8125, 'generationtime_ms': 0.2530813217163086, 'utc_offset_seconds': 3600, 'timezone': 'Africa/Casablanca', 'timezone_abbreviation': 'GMT+1', 'elevation': 48.0, 'daily_units': {'time': 'iso8601', 'temperature_2m_max': '°C', 'temperature_2m_min': '°C', 'precipitation_sum': 'mm', 'precipitation_probability_max': '%', 'wind_speed_10m_max': 'km/h', 'wind_gusts_10m_max': 'km/h', 'weather_code': 'wmo code'}, 'daily': {'time': ['2026-09-20', '2026-09-21', '2026-09-22', '2026-09-23', '2026-09-24', '2026-09-25', '2026-09-26'], 'temperature_2m_max': [27.6, 28.3, 29.2, 29.3, 29.2, 28.1, 26.6], 'temperature_2m_min': [23.5, 22.8, 21.2, 21.0, 20.9, 20.4, 21.8], 'precipitation_sum': [0.0, 0.0, 0.0, 0.0, 0.0, 0.0, 0.0], 'precipitation_probability_max': [0, 0, 0, 0, 0, 0, 0], 'wind_speed_10m_max': [33.8, 27.8, 23.5, 21.4, 23.2, 20.1, 31.8], 'wind_gusts_10m_max': [78.8, 63.7, 52.9, 49.0, 53.3, 37.4, 59.4], 'weather_code': [2, 2, 3, 1, 1, 3, 3]}}
[2026-09-20T16:46:35.562+0000] {logging_mixin.py:188} INFO - racord: {'city': 'Tangier', 'lat': 35.7595, 'lng': -5.834, 'fetched_at': '2026-09-20T16:46:35Z', 'api_response': None, 'error': None}
[2026-09-20T16:46:35.562+0000] {logging_mixin.py:188} INFO - Tangier: nioce
[2026-09-20T16:46:36.182+0000] {logging_mixin.py:188} INFO - Response:<Response [200]>
[2026-09-20T16:46:36.183+0000] {logging_mixin.py:188} INFO - data: {'latitude': 30.4375, 'longitude': -9.625, 'generationtime_ms': 0.19419193267822266, 'utc_offset_seconds': 3600, 'timezone': 'Africa/Casablanca', 'timezone_abbreviation': 'GMT+1', 'elevation': 62.0, 'daily_units': {'time': 'iso8601', 'temperature_2m_max': '°C', 'temperature_2m_min': '°C', 'precipitation_sum': 'mm', 'precipitation_probability_max': '%', 'wind_speed_10m_max': 'km/h', 'wind_gusts_10m_max': 'km/h', 'weather_code': 'wmo code'}, 'daily': {'time': ['2026-09-20', '2026-09-21', '2026-09-22', '2026-09-23', '2026-09-24', '2026-09-25', '2026-09-26'], 'temperature_2m_max': [26.0, 32.2, 31.9, 33.1, 30.4, 30.4, 27.3], 'temperature_2m_min': [19.7, 21.3, 24.4, 23.8, 20.4, 19.3, 20.5], 'precipitation_sum': [0.0, 0.0, 0.0, 0.0, 0.0, 0.0, 0.0], 'precipitation_probability_max': [0, 0, 0, 0, 0, 0, 0], 'wind_speed_10m_max': [11.4, 8.4, 16.4, 15.6, 11.3, 10.3, 12.1], 'wind_gusts_10m_max': [27.7, 20.9, 35.3, 29.9, 25.9, 23.8, 29.2], 'weather_code': [45, 3, 1, 2, 1, 45, 45]}}
[2026-09-20T16:46:36.184+0000] {logging_mixin.py:188} INFO - racord: {'city': 'Agadir', 'lat': 30.4278, 'lng': -9.5981, 'fetched_at': '2026-09-20T16:46:35Z', 'api_response': None, 'error': None}
[2026-09-20T16:46:36.184+0000] {logging_mixin.py:188} INFO - Agadir: nioce
[2026-09-20T16:46:36.824+0000] {logging_mixin.py:188} INFO - Response:<Response [200]>
[2026-09-20T16:46:36.826+0000] {logging_mixin.py:188} INFO - data: {'latitude': 33.875, 'longitude': -5.5625, 'generationtime_ms': 0.967860221862793, 'utc_offset_seconds': 3600, 'timezone': 'Africa/Casablanca', 'timezone_abbreviation': 'GMT+1', 'elevation': 542.0, 'daily_units': {'time': 'iso8601', 'temperature_2m_max': '°C', 'temperature_2m_min': '°C', 'precipitation_sum': 'mm', 'precipitation_probability_max': '%', 'wind_speed_10m_max': 'km/h', 'wind_gusts_10m_max': 'km/h', 'weather_code': 'wmo code'}, 'daily': {'time': ['2026-09-20', '2026-09-21', '2026-09-22', '2026-09-23', '2026-09-24', '2026-09-25', '2026-09-26'], 'temperature_2m_max': [36.0, 35.0, 33.4, 34.0, 34.9, 34.2, 33.5], 'temperature_2m_min': [20.5, 20.9, 18.2, 18.0, 18.2, 18.0, 16.6], 'precipitation_sum': [0.0, 0.0, 0.0, 0.0, 0.0, 0.0, 0.0], 'precipitation_probability_max': [0, 0, 0, 0, 0, 0, 0], 'wind_speed_10m_max': [16.1, 15.5, 14.0, 12.9, 14.1, 17.2, 14.8], 'wind_gusts_10m_max': [40.7, 38.5, 36.4, 34.2, 37.4, 38.2, 34.6], 'weather_code': [2, 2, 1, 3, 0, 2, 3]}}
[2026-09-20T16:46:36.827+0000] {logging_mixin.py:188} INFO - racord: {'city': 'Meknes', 'lat': 33.8833, 'lng': -5.55, 'fetched_at': '2026-09-20T16:46:36Z', 'api_response': None, 'error': None}
[2026-09-20T16:46:36.827+0000] {logging_mixin.py:188} INFO - Meknes: nioce
[2026-09-20T16:46:37.458+0000] {logging_mixin.py:188} INFO - Response:<Response [200]>
[2026-09-20T16:46:37.459+0000] {logging_mixin.py:188} INFO - data: {'latitude': 34.6875, 'longitude': -1.9375, 'generationtime_ms': 0.5124807357788086, 'utc_offset_seconds': 3600, 'timezone': 'Africa/Casablanca', 'timezone_abbreviation': 'GMT+1', 'elevation': 551.0, 'daily_units': {'time': 'iso8601', 'temperature_2m_max': '°C', 'temperature_2m_min': '°C', 'precipitation_sum': 'mm', 'precipitation_probability_max': '%', 'wind_speed_10m_max': 'km/h', 'wind_gusts_10m_max': 'km/h', 'weather_code': 'wmo code'}, 'daily': {'time': ['2026-09-20', '2026-09-21', '2026-09-22', '2026-09-23', '2026-09-24', '2026-09-25', '2026-09-26'], 'temperature_2m_max': [29.3, 28.7, 28.2, 29.8, 30.2, 30.6, 30.9], 'temperature_2m_min': [17.7, 18.4, 13.9, 15.4, 15.0, 13.0, 14.9], 'precipitation_sum': [0.0, 0.0, 0.0, 0.0, 0.0, 0.0, 0.0], 'precipitation_probability_max': [20, 0, 0, 0, 0, 0, 0], 'wind_speed_10m_max': [18.8, 20.2, 18.1, 20.8, 19.4, 20.2, 22.9], 'wind_gusts_10m_max': [38.2, 41.0, 36.7, 41.8, 39.2, 36.7, 40.0], 'weather_code': [45, 45, 45, 0, 0, 3, 1]}}
[2026-09-20T16:46:37.460+0000] {logging_mixin.py:188} INFO - racord: {'city': 'Oujda', 'lat': 34.6867, 'lng': -1.9114, 'fetched_at': '2026-09-20T16:46:37Z', 'api_response': None, 'error': None}
[2026-09-20T16:46:37.460+0000] {logging_mixin.py:188} INFO - Oujda: nioce
[2026-09-20T16:46:38.094+0000] {logging_mixin.py:188} INFO - Response:<Response [200]>
[2026-09-20T16:46:38.095+0000] {logging_mixin.py:188} INFO - data: {'latitude': 34.25, 'longitude': -6.5625, 'generationtime_ms': 0.25069713592529297, 'utc_offset_seconds': 3600, 'timezone': 'Africa/Casablanca', 'timezone_abbreviation': 'GMT+1', 'elevation': 11.0, 'daily_units': {'time': 'iso8601', 'temperature_2m_max': '°C', 'temperature_2m_min': '°C', 'precipitation_sum': 'mm', 'precipitation_probability_max': '%', 'wind_speed_10m_max': 'km/h', 'wind_gusts_10m_max': 'km/h', 'weather_code': 'wmo code'}, 'daily': {'time': ['2026-09-20', '2026-09-21', '2026-09-22', '2026-09-23', '2026-09-24', '2026-09-25', '2026-09-26'], 'temperature_2m_max': [36.8, 33.8, 32.3, 32.1, 32.5, 29.7, 29.3], 'temperature_2m_min': [18.6, 20.1, 19.3, 18.0, 17.4, 18.6, 19.2], 'precipitation_sum': [0.0, 0.0, 0.0, 0.0, 0.0, 0.0, 0.0], 'precipitation_probability_max': [0, 0, 0, 0, 0, 0, 0], 'wind_speed_10m_max': [14.0, 12.0, 11.0, 14.5, 13.9, 12.5, 12.3], 'wind_gusts_10m_max': [34.9, 29.5, 28.4, 36.4, 33.8, 29.2, 28.4], 'weather_code': [45, 2, 2, 45, 0, 3, 45]}}
[2026-09-20T16:46:38.096+0000] {logging_mixin.py:188} INFO - racord: {'city': 'Kenitra', 'lat': 34.261, 'lng': -6.5802, 'fetched_at': '2026-09-20T16:46:37Z', 'api_response': None, 'error': None}
[2026-09-20T16:46:38.096+0000] {logging_mixin.py:188} INFO - Kenitra: nioce
[2026-09-20T16:46:38.722+0000] {logging_mixin.py:188} INFO - Response:<Response [200]>
[2026-09-20T16:46:38.723+0000] {logging_mixin.py:188} INFO - data: {'latitude': 35.5625, 'longitude': -5.375, 'generationtime_ms': 0.2868175506591797, 'utc_offset_seconds': 3600, 'timezone': 'Africa/Casablanca', 'timezone_abbreviation': 'GMT+1', 'elevation': 111.0, 'daily_units': {'time': 'iso8601', 'temperature_2m_max': '°C', 'temperature_2m_min': '°C', 'precipitation_sum': 'mm', 'precipitation_probability_max': '%', 'wind_speed_10m_max': 'km/h', 'wind_gusts_10m_max': 'km/h', 'weather_code': 'wmo code'}, 'daily': {'time': ['2026-09-20', '2026-09-21', '2026-09-22', '2026-09-23', '2026-09-24', '2026-09-25', '2026-09-26'], 'temperature_2m_max': [25.8, 26.0, 26.4, 25.6, 26.8, 26.4, 26.0], 'temperature_2m_min': [22.6, 22.0, 20.3, 19.1, 20.7, 19.7, 20.4], 'precipitation_sum': [0.1, 0.0, 0.0, 0.0, 0.0, 0.0, 0.0], 'precipitation_probability_max': [0, 0, 0, 0, 0, 0, 0], 'wind_speed_10m_max': [31.2, 23.2, 17.0, 17.2, 17.7, 15.2, 20.7], 'wind_gusts_10m_max': [71.3, 51.5, 41.8, 42.8, 45.7, 38.9, 49.3], 'weather_code': [3, 3, 3, 2, 2, 3, 3]}}
[2026-09-20T16:46:38.724+0000] {logging_mixin.py:188} INFO - racord: {'city': 'Tetouan', 'lat': 35.5785, 'lng': -5.3684, 'fetched_at': '2026-09-20T16:46:38Z', 'api_response': None, 'error': None}
[2026-09-20T16:46:38.724+0000] {logging_mixin.py:188} INFO - Tetouan: nioce
[2026-09-20T16:46:39.357+0000] {logging_mixin.py:188} INFO - Response:<Response [200]>
[2026-09-20T16:46:39.358+0000] {logging_mixin.py:188} INFO - data: {'latitude': 32.3125, 'longitude': -9.25, 'generationtime_ms': 0.36776065826416016, 'utc_offset_seconds': 3600, 'timezone': 'Africa/Casablanca', 'timezone_abbreviation': 'GMT+1', 'elevation': 35.0, 'daily_units': {'time': 'iso8601', 'temperature_2m_max': '°C', 'temperature_2m_min': '°C', 'precipitation_sum': 'mm', 'precipitation_probability_max': '%', 'wind_speed_10m_max': 'km/h', 'wind_gusts_10m_max': 'km/h', 'weather_code': 'wmo code'}, 'daily': {'time': ['2026-09-20', '2026-09-21', '2026-09-22', '2026-09-23', '2026-09-24', '2026-09-25', '2026-09-26'], 'temperature_2m_max': [26.9, 27.9, 31.4, 29.4, 27.1, 31.3, 29.7], 'temperature_2m_min': [21.4, 20.0, 19.9, 20.0, 18.9, 19.4, 20.8], 'precipitation_sum': [0.0, 0.0, 0.0, 0.0, 0.0, 0.0, 0.0], 'precipitation_probability_max': [0, 0, 0, 0, 0, 0, 0], 'wind_speed_10m_max': [8.8, 7.6, 15.1, 15.6, 13.4, 20.4, 15.4], 'wind_gusts_10m_max': [18.0, 16.6, 29.9, 30.2, 26.3, 38.5, 30.6], 'weather_code': [2, 3, 0, 1, 0, 3, 45]}}
[2026-09-20T16:46:39.359+0000] {logging_mixin.py:188} INFO - racord: {'city': 'Safi', 'lat': 32.2994, 'lng': -9.2372, 'fetched_at': '2026-09-20T16:46:39Z', 'api_response': None, 'error': None}
[2026-09-20T16:46:39.359+0000] {logging_mixin.py:188} INFO - Safi: nioce
[2026-09-20T16:46:39.988+0000] {logging_mixin.py:188} INFO - Response:<Response [200]>
[2026-09-20T16:46:39.989+0000] {logging_mixin.py:188} INFO - data: {'latitude': 33.1875, 'longitude': -8.5, 'generationtime_ms': 0.1779794692993164, 'utc_offset_seconds': 3600, 'timezone': 'Africa/Casablanca', 'timezone_abbreviation': 'GMT+1', 'elevation': 37.0, 'daily_units': {'time': 'iso8601', 'temperature_2m_max': '°C', 'temperature_2m_min': '°C', 'precipitation_sum': 'mm', 'precipitation_probability_max': '%', 'wind_speed_10m_max': 'km/h', 'wind_gusts_10m_max': 'km/h', 'weather_code': 'wmo code'}, 'daily': {'time': ['2026-09-20', '2026-09-21', '2026-09-22', '2026-09-23', '2026-09-24', '2026-09-25', '2026-09-26'], 'temperature_2m_max': [29.9, 30.7, 29.6, 27.8, 28.3, 27.4, 27.6], 'temperature_2m_min': [20.2, 21.2, 19.4, 20.1, 19.6, 19.9, 20.2], 'precipitation_sum': [0.0, 0.0, 0.0, 0.0, 0.0, 0.0, 0.0], 'precipitation_probability_max': [0, 0, 0, 0, 0, 0, 0], 'wind_speed_10m_max': [14.5, 15.8, 15.9, 15.2, 13.8, 14.4, 13.7], 'wind_gusts_10m_max': [29.2, 31.0, 31.7, 30.2, 28.1, 28.8, 27.7], 'weather_code': [45, 45, 45, 45, 45, 45, 45]}}
[2026-09-20T16:46:39.990+0000] {logging_mixin.py:188} INFO - racord: {'city': 'El Jadida', 'lat': 33.2316, 'lng': -8.5007, 'fetched_at': '2026-09-20T16:46:39Z', 'api_response': None, 'error': None}
[2026-09-20T16:46:39.990+0000] {logging_mixin.py:188} INFO - El Jadida: nioce
[2026-09-20T16:46:40.620+0000] {logging_mixin.py:188} INFO - Response:<Response [200]>
[2026-09-20T16:46:40.621+0000] {logging_mixin.py:188} INFO - data: {'latitude': 32.3125, 'longitude': -6.375, 'generationtime_ms': 0.2053976058959961, 'utc_offset_seconds': 3600, 'timezone': 'Africa/Casablanca', 'timezone_abbreviation': 'GMT+1', 'elevation': 533.0, 'daily_units': {'time': 'iso8601', 'temperature_2m_max': '°C', 'temperature_2m_min': '°C', 'precipitation_sum': 'mm', 'precipitation_probability_max': '%', 'wind_speed_10m_max': 'km/h', 'wind_gusts_10m_max': 'km/h', 'weather_code': 'wmo code'}, 'daily': {'time': ['2026-09-20', '2026-09-21', '2026-09-22', '2026-09-23', '2026-09-24', '2026-09-25', '2026-09-26'], 'temperature_2m_max': [35.2, 35.1, 34.0, 34.6, 35.1, 34.8, 33.7], 'temperature_2m_min': [25.3, 23.7, 22.8, 22.2, 22.7, 22.3, 23.8], 'precipitation_sum': [0.0, 0.0, 0.0, 0.0, 0.0, 0.0, 0.0], 'precipitation_probability_max': [3, 3, 0, 0, 0, 0, 0], 'wind_speed_10m_max': [18.5, 17.2, 16.2, 13.9, 12.1, 17.4, 18.4], 'wind_gusts_10m_max': [42.8, 40.3, 34.6, 28.1, 27.4, 33.1, 35.3], 'weather_code': [3, 3, 2, 0, 0, 3, 3]}}
[2026-09-20T16:46:40.621+0000] {logging_mixin.py:188} INFO - racord: {'city': 'Beni Mellal', 'lat': 32.3373, 'lng': -6.3498, 'fetched_at': '2026-09-20T16:46:40Z', 'api_response': None, 'error': None}
[2026-09-20T16:46:40.621+0000] {logging_mixin.py:188} INFO - Beni Mellal: nioce
[2026-09-20T16:46:41.268+0000] {logging_mixin.py:188} INFO - Response:<Response [200]>
[2026-09-20T16:46:41.269+0000] {logging_mixin.py:188} INFO - data: {'latitude': 35.1875, 'longitude': -2.9375, 'generationtime_ms': 0.2646446228027344, 'utc_offset_seconds': 3600, 'timezone': 'Africa/Casablanca', 'timezone_abbreviation': 'GMT+1', 'elevation': 19.0, 'daily_units': {'time': 'iso8601', 'temperature_2m_max': '°C', 'temperature_2m_min': '°C', 'precipitation_sum': 'mm', 'precipitation_probability_max': '%', 'wind_speed_10m_max': 'km/h', 'wind_gusts_10m_max': 'km/h', 'weather_code': 'wmo code'}, 'daily': {'time': ['2026-09-20', '2026-09-21', '2026-09-22', '2026-09-23', '2026-09-24', '2026-09-25', '2026-09-26'], 'temperature_2m_max': [25.3, 25.7, 25.4, 25.7, 26.3, 26.8, 26.5], 'temperature_2m_min': [23.4, 23.1, 20.5, 19.8, 20.9, 19.6, 18.6], 'precipitation_sum': [4.6, 0.1, 0.0, 0.0, 0.0, 0.0, 0.0], 'precipitation_probability_max': [8, 3, 0, 0, 0, 0, 0], 'wind_speed_10m_max': [22.0, 17.1, 12.7, 13.0, 12.5, 16.3, 19.7], 'wind_gusts_10m_max': [48.2, 37.4, 27.4, 27.7, 28.4, 27.7, 34.2], 'weather_code': [80, 3, 3, 2, 2, 3, 45]}}
[2026-09-20T16:46:41.270+0000] {logging_mixin.py:188} INFO - racord: {'city': 'Nador', 'lat': 35.174, 'lng': -2.9287, 'fetched_at': '2026-09-20T16:46:40Z', 'api_response': None, 'error': None}
[2026-09-20T16:46:41.270+0000] {logging_mixin.py:188} INFO - Nador: nioce
[2026-09-20T16:46:41.897+0000] {logging_mixin.py:188} INFO - Response:<Response [200]>
[2026-09-20T16:46:41.899+0000] {logging_mixin.py:188} INFO - data: {'latitude': 32.875, 'longitude': -6.9375, 'generationtime_ms': 0.7796287536621094, 'utc_offset_seconds': 3600, 'timezone': 'Africa/Casablanca', 'timezone_abbreviation': 'GMT+1', 'elevation': 802.0, 'daily_units': {'time': 'iso8601', 'temperature_2m_max': '°C', 'temperature_2m_min': '°C', 'precipitation_sum': 'mm', 'precipitation_probability_max': '%', 'wind_speed_10m_max': 'km/h', 'wind_gusts_10m_max': 'km/h', 'weather_code': 'wmo code'}, 'daily': {'time': ['2026-09-20', '2026-09-21', '2026-09-22', '2026-09-23', '2026-09-24', '2026-09-25', '2026-09-26'], 'temperature_2m_max': [34.8, 34.9, 34.0, 33.6, 34.4, 32.9, 31.9], 'temperature_2m_min': [22.7, 22.8, 21.6, 20.5, 20.2, 18.6, 17.3], 'precipitation_sum': [0.0, 0.0, 0.0, 0.0, 0.0, 0.0, 0.0], 'precipitation_probability_max': [3, 3, 0, 0, 0, 0, 0], 'wind_speed_10m_max': [24.5, 20.2, 18.9, 19.7, 17.5, 19.8, 20.7], 'wind_gusts_10m_max': [54.7, 45.0, 43.9, 41.4, 38.2, 40.0, 41.8], 'weather_code': [3, 3, 2, 0, 0, 3, 3]}}
[2026-09-20T16:46:41.900+0000] {logging_mixin.py:188} INFO - racord: {'city': 'Khouribga', 'lat': 32.8811, 'lng': -6.9063, 'fetched_at': '2026-09-20T16:46:41Z', 'api_response': None, 'error': None}
[2026-09-20T16:46:41.900+0000] {logging_mixin.py:188} INFO - Khouribga: nioce
[2026-09-20T16:46:42.834+0000] {logging_mixin.py:188} INFO - Response:<Response [200]>
[2026-09-20T16:46:42.836+0000] {logging_mixin.py:188} INFO - data: {'latitude': 34.25, 'longitude': -4.0, 'generationtime_ms': 0.2532005310058594, 'utc_offset_seconds': 3600, 'timezone': 'Africa/Casablanca', 'timezone_abbreviation': 'GMT+1', 'elevation': 532.0, 'daily_units': {'time': 'iso8601', 'temperature_2m_max': '°C', 'temperature_2m_min': '°C', 'precipitation_sum': 'mm', 'precipitation_probability_max': '%', 'wind_speed_10m_max': 'km/h', 'wind_gusts_10m_max': 'km/h', 'weather_code': 'wmo code'}, 'daily': {'time': ['2026-09-20', '2026-09-21', '2026-09-22', '2026-09-23', '2026-09-24', '2026-09-25', '2026-09-26'], 'temperature_2m_max': [29.5, 29.6, 30.2, 30.9, 31.2, 31.8, 32.4], 'temperature_2m_min': [19.8, 19.7, 17.7, 15.9, 18.7, 17.2, 17.5], 'precipitation_sum': [0.0, 0.0, 0.0, 0.0, 0.0, 0.0, 0.0], 'precipitation_probability_max': [0, 0, 0, 0, 0, 0, 0], 'wind_speed_10m_max': [21.5, 20.9, 15.5, 18.0, 18.8, 19.6, 22.2], 'wind_gusts_10m_max': [43.6, 42.1, 32.4, 37.4, 38.5, 35.6, 41.8], 'weather_code': [3, 2, 3, 1, 0, 3, 3]}}
[2026-09-20T16:46:42.836+0000] {logging_mixin.py:188} INFO - racord: {'city': 'Taza', 'lat': 34.21, 'lng': -4.01, 'fetched_at': '2026-09-20T16:46:42Z', 'api_response': None, 'error': None}
[2026-09-20T16:46:42.836+0000] {logging_mixin.py:188} INFO - Taza: nioce
[2026-09-20T16:46:43.473+0000] {logging_mixin.py:188} INFO - Response:<Response [200]>
[2026-09-20T16:46:43.474+0000] {logging_mixin.py:188} INFO - data: {'latitude': 33.0, 'longitude': -7.625, 'generationtime_ms': 0.1544952392578125, 'utc_offset_seconds': 3600, 'timezone': 'Africa/Casablanca', 'timezone_abbreviation': 'GMT+1', 'elevation': 367.0, 'daily_units': {'time': 'iso8601', 'temperature_2m_max': '°C', 'temperature_2m_min': '°C', 'precipitation_sum': 'mm', 'precipitation_probability_max': '%', 'wind_speed_10m_max': 'km/h', 'wind_gusts_10m_max': 'km/h', 'weather_code': 'wmo code'}, 'daily': {'time': ['2026-09-20', '2026-09-21', '2026-09-22', '2026-09-23', '2026-09-24', '2026-09-25', '2026-09-26'], 'temperature_2m_max': [37.1, 38.5, 36.4, 35.9, 35.4, 33.2, 32.2], 'temperature_2m_min': [20.8, 22.3, 20.2, 18.9, 18.8, 18.8, 17.4], 'precipitation_sum': [0.6, 0.0, 0.0, 0.0, 0.0, 0.0, 0.0], 'precipitation_probability_max': [8, 0, 0, 0, 0, 0, 0], 'wind_speed_10m_max': [17.7, 25.5, 19.3, 17.5, 15.5, 18.5, 19.6], 'wind_gusts_10m_max': [38.5, 52.9, 40.0, 41.4, 35.6, 36.4, 38.5], 'weather_code': [3, 3, 1, 0, 0, 3, 45]}}
[2026-09-20T16:46:43.475+0000] {logging_mixin.py:188} INFO - racord: {'city': 'Settat', 'lat': 33.0014, 'lng': -7.6197, 'fetched_at': '2026-09-20T16:46:43Z', 'api_response': None, 'error': None}
[2026-09-20T16:46:43.475+0000] {logging_mixin.py:188} INFO - Settat: nioce
[2026-09-20T16:46:44.100+0000] {logging_mixin.py:188} INFO - Response:<Response [200]>
[2026-09-20T16:46:44.102+0000] {logging_mixin.py:188} INFO - data: {'latitude': 35.1875, 'longitude': -6.125, 'generationtime_ms': 0.2313852310180664, 'utc_offset_seconds': 3600, 'timezone': 'Africa/Casablanca', 'timezone_abbreviation': 'GMT+1', 'elevation': 36.0, 'daily_units': {'time': 'iso8601', 'temperature_2m_max': '°C', 'temperature_2m_min': '°C', 'precipitation_sum': 'mm', 'precipitation_probability_max': '%', 'wind_speed_10m_max': 'km/h', 'wind_gusts_10m_max': 'km/h', 'weather_code': 'wmo code'}, 'daily': {'time': ['2026-09-20', '2026-09-21', '2026-09-22', '2026-09-23', '2026-09-24', '2026-09-25', '2026-09-26'], 'temperature_2m_max': [35.7, 33.1, 31.8, 30.9, 32.2, 30.8, 30.6], 'temperature_2m_min': [23.9, 21.2, 19.9, 17.7, 17.4, 18.4, 17.8], 'precipitation_sum': [0.0, 0.0, 0.0, 0.0, 0.0, 0.0, 0.0], 'precipitation_probability_max': [0, 0, 0, 0, 0, 0, 0], 'wind_speed_10m_max': [18.8, 17.2, 17.2, 14.1, 13.3, 14.4, 14.3], 'wind_gusts_10m_max': [34.6, 31.7, 31.7, 26.3, 25.2, 27.7, 27.7], 'weather_code': [1, 3, 3, 1, 1, 3, 3]}}
[2026-09-20T16:46:44.102+0000] {logging_mixin.py:188} INFO - racord: {'city': 'Larache', 'lat': 35.1932, 'lng': -6.156, 'fetched_at': '2026-09-20T16:46:43Z', 'api_response': None, 'error': None}
[2026-09-20T16:46:44.103+0000] {logging_mixin.py:188} INFO - Larache: nioce
[2026-09-20T16:46:44.729+0000] {logging_mixin.py:188} INFO - Response:<Response [200]>
[2026-09-20T16:46:44.730+0000] {logging_mixin.py:188} INFO - data: {'latitude': 28.998241, 'longitude': -10.011475, 'generationtime_ms': 0.22876262664794922, 'utc_offset_seconds': 3600, 'timezone': 'Africa/Casablanca', 'timezone_abbreviation': 'GMT+1', 'elevation': 302.0, 'daily_units': {'time': 'iso8601', 'temperature_2m_max': '°C', 'temperature_2m_min': '°C', 'precipitation_sum': 'mm', 'precipitation_probability_max': '%', 'wind_speed_10m_max': 'km/h', 'wind_gusts_10m_max': 'km/h', 'weather_code': 'wmo code'}, 'daily': {'time': ['2026-09-20', '2026-09-21', '2026-09-22', '2026-09-23', '2026-09-24', '2026-09-25', '2026-09-26'], 'temperature_2m_max': [38.2, 39.2, 39.2, 39.5, 38.8, 36.8, 29.3], 'temperature_2m_min': [18.1, 23.3, 26.2, 23.7, 19.1, 17.0, 17.7], 'precipitation_sum': [0.0, 0.0, 0.0, 0.0, 0.0, 0.0, 0.0], 'precipitation_probability_max': [0, 2, 2, 2, 0, 0, 0], 'wind_speed_10m_max': [22.1, 18.5, 22.6, 27.7, 17.3, 21.7, 16.7], 'wind_gusts_10m_max': [38.5, 34.2, 37.1, 47.9, 38.9, 38.5, 34.2], 'weather_code': [1, 3, 2, 3, 0, 3, 3]}}
[2026-09-20T16:46:44.731+0000] {logging_mixin.py:188} INFO - racord: {'city': 'Guelmim', 'lat': 28.987, 'lng': -10.0574, 'fetched_at': '2026-09-20T16:46:44Z', 'api_response': None, 'error': None}
[2026-09-20T16:46:44.731+0000] {logging_mixin.py:188} INFO - Guelmim: nioce
[2026-09-20T16:46:45.361+0000] {logging_mixin.py:188} INFO - Response:<Response [200]>
[2026-09-20T16:46:45.362+0000] {logging_mixin.py:188} INFO - data: {'latitude': 23.725834, 'longitude': -15.966187, 'generationtime_ms': 0.17774105072021484, 'utc_offset_seconds': 3600, 'timezone': 'Africa/Casablanca', 'timezone_abbreviation': 'GMT+1', 'elevation': 9.0, 'daily_units': {'time': 'iso8601', 'temperature_2m_max': '°C', 'temperature_2m_min': '°C', 'precipitation_sum': 'mm', 'precipitation_probability_max': '%', 'wind_speed_10m_max': 'km/h', 'wind_gusts_10m_max': 'km/h', 'weather_code': 'wmo code'}, 'daily': {'time': ['2026-09-20', '2026-09-21', '2026-09-22', '2026-09-23', '2026-09-24', '2026-09-25', '2026-09-26'], 'temperature_2m_max': [21.7, 22.6, 22.8, 22.9, 32.8, 27.0, 22.4], 'temperature_2m_min': [19.7, 19.9, 20.4, 20.2, 22.9, 22.5, 21.6], 'precipitation_sum': [0.0, 1.7, 0.9, 0.0, 0.0, 0.0, 0.0], 'precipitation_probability_max': [0, 19, 21, 12, 0, 6, 4], 'wind_speed_10m_max': [29.9, 33.3, 31.8, 30.3, 40.9, 41.1, 25.3], 'wind_gusts_10m_max': [37.4, 38.9, 41.0, 39.2, 49.7, 51.5, 36.0], 'weather_code': [0, 80, 53, 2, 3, 3, 3]}}
[2026-09-20T16:46:45.363+0000] {logging_mixin.py:188} INFO - racord: {'city': 'Dakhla', 'lat': 23.7136, 'lng': -15.9355, 'fetched_at': '2026-09-20T16:46:45Z', 'api_response': None, 'error': None}
[2026-09-20T16:46:45.364+0000] {logging_mixin.py:188} INFO - Dakhla: nioce
[2026-09-20T16:46:45.670+0000] {logging_mixin.py:188} INFO - done. 20/20 succeeded, 0 failed. Saved to: /opt/project/data/bronze/weather_raw.json
[2026-09-20T16:46:45.671+0000] {python.py:237} INFO - Done. Returned value was: /opt/project/data/bronze/weather_raw.json
[2026-09-20T16:46:45.671+0000] {taskinstance.py:441} INFO - ::group::Post task execution logs
[2026-09-20T16:46:45.690+0000] {xcom.py:675} ERROR - Object of type PosixPath is not JSON serializable. If you are using pickle instead of JSON for XCom, then you need to enable pickle support for XCom in your *** config or make sure to decorate your object with attr.
[2026-09-20T16:46:45.692+0000] {taskinstance.py:2905} ERROR - Task failed with exception
Traceback (most recent call last):
  File "/home/airflow/.local/lib/python3.12/site-packages/airflow/utils/json.py", line 91, in default
    return serialize(o)
           ^^^^^^^^^^^^
  File "/home/airflow/.local/lib/python3.12/site-packages/airflow/serialization/serde.py", line 189, in serialize
    raise TypeError(f"cannot serialize object of type {cls}")
TypeError: cannot serialize object of type <class 'pathlib.PosixPath'>

During handling of the above exception, another exception occurred:

Traceback (most recent call last):
  File "/home/airflow/.local/lib/python3.12/site-packages/airflow/models/taskinstance.py", line 486, in _execute_task
    task_instance.xcom_push(key=XCOM_RETURN_KEY, value=xcom_value, session=session)
  File "/home/airflow/.local/lib/python3.12/site-packages/airflow/utils/session.py", line 76, in wrapper
    return func(*args, **kwargs)
           ^^^^^^^^^^^^^^^^^^^^^
  File "/home/airflow/.local/lib/python3.12/site-packages/airflow/models/taskinstance.py", line 3197, in xcom_push
    XCom.set(
  File "/home/airflow/.local/lib/python3.12/site-packages/airflow/utils/session.py", line 76, in wrapper
    return func(*args, **kwargs)
           ^^^^^^^^^^^^^^^^^^^^^
  File "/home/airflow/.local/lib/python3.12/site-packages/airflow/models/xcom.py", line 246, in set
    value = cls.serialize_value(
            ^^^^^^^^^^^^^^^^^^^^
  File "/home/airflow/.local/lib/python3.12/site-packages/airflow/models/xcom.py", line 673, in serialize_value
    return json.dumps(value, cls=XComEncoder).encode("UTF-8")
           ^^^^^^^^^^^^^^^^^^^^^^^^^^^^^^^^^^
  File "/usr/local/lib/python3.12/json/__init__.py", line 238, in dumps
    **kw).encode(obj)
          ^^^^^^^^^^^
  File "/home/airflow/.local/lib/python3.12/site-packages/airflow/utils/json.py", line 104, in encode
    return super().encode(o)
           ^^^^^^^^^^^^^^^^^
  File "/usr/local/lib/python3.12/json/encoder.py", line 200, in encode
    chunks = self.iterencode(o, _one_shot=True)
             ^^^^^^^^^^^^^^^^^^^^^^^^^^^^^^^^^^
  File "/usr/local/lib/python3.12/json/encoder.py", line 258, in iterencode
    return _iterencode(o, 0)
           ^^^^^^^^^^^^^^^^^
  File "/home/airflow/.local/lib/python3.12/site-packages/airflow/utils/json.py", line 93, in default
    return super().default(o)
           ^^^^^^^^^^^^^^^^^^
  File "/usr/local/lib/python3.12/json/encoder.py", line 180, in default
    raise TypeError(f'Object of type {o.__class__.__name__} '
TypeError: Object of type PosixPath is not JSON serializable
[2026-09-20T16:46:45.717+0000] {taskinstance.py:1206} INFO - Marking task as UP_FOR_RETRY. dag_id=weather_risk_pipeline, task_id=extract_weather, run_id=scheduled__2026-09-19T00:00:00+00:00, execution_date=20260919T000000, start_date=20260920T164632, end_date=20260920T164645
[2026-09-20T16:46:45.740+0000] {standard_task_runner.py:110} ERROR - Failed to execute job 20 for task extract_weather (Object of type PosixPath is not JSON serializable; 691)
[2026-09-20T16:46:45.763+0000] {local_task_job_runner.py:243} INFO - Task exited with return code 1
[2026-09-20T16:46:45.811+0000] {taskinstance.py:3503} INFO - 0 downstream tasks scheduled from follow-on schedule check
[2026-09-20T16:46:45.813+0000] {local_task_job_runner.py:222} INFO - ::endgroup::
[2026-09-20T16:50:24.097+0000] {local_task_job_runner.py:120} INFO - ::group::Pre task execution logs
[2026-09-20T16:50:24.195+0000] {taskinstance.py:2076} INFO - Dependencies all met for dep_context=non-requeueable deps ti=<TaskInstance: weather_risk_pipeline.extract_weather scheduled__2026-09-19T00:00:00+00:00 [queued]>
[2026-09-20T16:50:24.216+0000] {taskinstance.py:2076} INFO - Dependencies all met for dep_context=requeueable deps ti=<TaskInstance: weather_risk_pipeline.extract_weather scheduled__2026-09-19T00:00:00+00:00 [queued]>
[2026-09-20T16:50:24.217+0000] {taskinstance.py:2306} INFO - Starting attempt 1 of 2
[2026-09-20T16:50:24.246+0000] {taskinstance.py:2330} INFO - Executing <Task(PythonOperator): extract_weather> on 2026-09-19 00:00:00+00:00
[2026-09-20T16:50:24.263+0000] {standard_task_runner.py:90} INFO - Running: ['***', 'tasks', 'run', 'weather_risk_pipeline', 'extract_weather', 'scheduled__2026-09-19T00:00:00+00:00', '--job-id', '21', '--raw', '--subdir', 'DAGS_FOLDER/weather_risk_dag.py', '--cfg-path', '/tmp/tmpvw7ecajg']
[2026-09-20T16:50:24.268+0000] {standard_task_runner.py:91} INFO - Job 21: Subtask extract_weather
[2026-09-20T16:50:24.269+0000] {logging_mixin.py:188} WARNING - /home/***/.local/lib/python3.12/site-packages/***/task/task_runner/standard_task_runner.py:62 DeprecationWarning: This process (pid=747) is multi-threaded, use of fork() may lead to deadlocks in the child.
[2026-09-20T16:50:24.270+0000] {standard_task_runner.py:64} INFO - Started process 751 to run task
[2026-09-20T16:50:24.393+0000] {task_command.py:426} INFO - Running <TaskInstance: weather_risk_pipeline.extract_weather scheduled__2026-09-19T00:00:00+00:00 [running]> on host 138eb0e6e647
[2026-09-20T16:50:24.909+0000] {taskinstance.py:2648} INFO - Exporting env vars: AIRFLOW_CTX_DAG_OWNER='***' AIRFLOW_CTX_DAG_ID='weather_risk_pipeline' AIRFLOW_CTX_TASK_ID='extract_weather' AIRFLOW_CTX_EXECUTION_DATE='2026-09-19T00:00:00+00:00' AIRFLOW_CTX_TRY_NUMBER='1' AIRFLOW_CTX_DAG_RUN_ID='scheduled__2026-09-19T00:00:00+00:00'
[2026-09-20T16:50:24.911+0000] {taskinstance.py:430} INFO - ::endgroup::
[2026-09-20T16:50:24.966+0000] {logging_mixin.py:188} INFO - 1.Loadingg the csv cities:           city      lat      lng  population                     region
0    Casablanca  33.5992  -7.6200     3752000    Grand Casablanca-Settat
1         Rabat  34.0209  -6.8416      577827         Rabat-Salé-Kénitra
2     Marrakech  31.6295  -7.9811      928850             Marrakech-Safi
3           Fes  34.0333  -5.0000     1112072                 Fès-Meknès
4       Tangier  35.7595  -5.8340      947952  Tanger-Tétouan-Al Hoceïma
5        Agadir  30.4278  -9.5981      421844                Souss-Massa
6        Meknes  33.8833  -5.5500      632079                 Fès-Meknès
7         Oujda  34.6867  -1.9114      494252                   Oriental
8       Kenitra  34.2610  -6.5802      431282         Rabat-Salé-Kénitra
9       Tetouan  35.5785  -5.3684      380787  Tanger-Tétouan-Al Hoceïma
10         Safi  32.2994  -9.2372      308508             Marrakech-Safi
11    El Jadida  33.2316  -8.5007      194934    Grand Casablanca-Settat
12  Beni Mellal  32.3373  -6.3498      192676       Béni Mellal-Khénifra
13        Nador  35.1740  -2.9287      161726                   Oriental
14    Khouribga  32.8811  -6.9063      166397       Béni Mellal-Khénifra
15         Taza  34.2100  -4.0100      139686                 Fès-Meknès
16       Settat  33.0014  -7.6197      142250    Grand Casablanca-Settat
17      Larache  35.1932  -6.1560      125008  Tanger-Tétouan-Al Hoceïma
18      Guelmim  28.9870 -10.0574      118318          Guelmim-Oued Noun
19       Dakhla  23.7136 -15.9355      106277       Dakhla-Oued Ed-Dahab
[2026-09-20T16:50:25.320+0000] {logging_mixin.py:188} INFO - Response:<Response [200]>
[2026-09-20T16:50:25.321+0000] {logging_mixin.py:188} INFO - data: {'latitude': 33.5625, 'longitude': -7.625, 'generationtime_ms': 0.2516508102416992, 'utc_offset_seconds': 3600, 'timezone': 'Africa/Casablanca', 'timezone_abbreviation': 'GMT+1', 'elevation': 23.0, 'daily_units': {'time': 'iso8601', 'temperature_2m_max': '°C', 'temperature_2m_min': '°C', 'precipitation_sum': 'mm', 'precipitation_probability_max': '%', 'wind_speed_10m_max': 'km/h', 'wind_gusts_10m_max': 'km/h', 'weather_code': 'wmo code'}, 'daily': {'time': ['2026-09-20', '2026-09-21', '2026-09-22', '2026-09-23', '2026-09-24', '2026-09-25', '2026-09-26'], 'temperature_2m_max': [30.3, 31.2, 29.8, 27.9, 27.8, 28.5, 28.3], 'temperature_2m_min': [20.5, 21.2, 19.8, 19.4, 19.0, 19.7, 19.6], 'precipitation_sum': [0.0, 0.0, 0.0, 0.0, 0.0, 0.0, 0.0], 'precipitation_probability_max': [0, 0, 0, 0, 0, 0, 0], 'wind_speed_10m_max': [10.1, 12.4, 9.6, 10.8, 10.5, 12.6, 13.7], 'wind_gusts_10m_max': [29.5, 34.9, 28.8, 29.5, 30.2, 32.4, 35.3], 'weather_code': [2, 2, 45, 45, 45, 45, 45]}}
[2026-09-20T16:50:25.322+0000] {logging_mixin.py:188} INFO - racord: {'city': 'Casablanca', 'lat': 33.5992, 'lng': -7.62, 'fetched_at': '2026-09-20T16:50:24Z', 'api_response': None, 'error': None}
[2026-09-20T16:50:25.322+0000] {logging_mixin.py:188} INFO - Casablanca: nioce
[2026-09-20T16:50:25.951+0000] {logging_mixin.py:188} INFO - Response:<Response [200]>
[2026-09-20T16:50:25.952+0000] {logging_mixin.py:188} INFO - data: {'latitude': 34.0, 'longitude': -6.8125, 'generationtime_ms': 0.25582313537597656, 'utc_offset_seconds': 3600, 'timezone': 'Africa/Casablanca', 'timezone_abbreviation': 'GMT+1', 'elevation': 18.0, 'daily_units': {'time': 'iso8601', 'temperature_2m_max': '°C', 'temperature_2m_min': '°C', 'precipitation_sum': 'mm', 'precipitation_probability_max': '%', 'wind_speed_10m_max': 'km/h', 'wind_gusts_10m_max': 'km/h', 'weather_code': 'wmo code'}, 'daily': {'time': ['2026-09-20', '2026-09-21', '2026-09-22', '2026-09-23', '2026-09-24', '2026-09-25', '2026-09-26'], 'temperature_2m_max': [31.6, 31.8, 31.4, 28.9, 29.0, 27.8, 27.9], 'temperature_2m_min': [20.0, 20.6, 19.6, 18.8, 18.3, 18.8, 19.2], 'precipitation_sum': [0.0, 0.0, 0.0, 0.0, 0.0, 0.0, 0.0], 'precipitation_probability_max': [0, 0, 0, 0, 0, 0, 0], 'wind_speed_10m_max': [11.5, 10.9, 10.6, 12.3, 11.3, 11.2, 12.1], 'wind_gusts_10m_max': [30.2, 29.5, 28.1, 32.4, 28.8, 24.8, 27.7], 'weather_code': [1, 2, 1, 45, 0, 3, 45]}}
[2026-09-20T16:50:25.952+0000] {logging_mixin.py:188} INFO - racord: {'city': 'Rabat', 'lat': 34.0209, 'lng': -6.8416, 'fetched_at': '2026-09-20T16:50:25Z', 'api_response': None, 'error': None}
[2026-09-20T16:50:25.953+0000] {logging_mixin.py:188} INFO - Rabat: nioce
[2026-09-20T16:50:26.567+0000] {logging_mixin.py:188} INFO - Response:<Response [200]>
[2026-09-20T16:50:26.568+0000] {logging_mixin.py:188} INFO - data: {'latitude': 31.625, 'longitude': -8.0, 'generationtime_ms': 0.16319751739501953, 'utc_offset_seconds': 3600, 'timezone': 'Africa/Casablanca', 'timezone_abbreviation': 'GMT+1', 'elevation': 469.0, 'daily_units': {'time': 'iso8601', 'temperature_2m_max': '°C', 'temperature_2m_min': '°C', 'precipitation_sum': 'mm', 'precipitation_probability_max': '%', 'wind_speed_10m_max': 'km/h', 'wind_gusts_10m_max': 'km/h', 'weather_code': 'wmo code'}, 'daily': {'time': ['2026-09-20', '2026-09-21', '2026-09-22', '2026-09-23', '2026-09-24', '2026-09-25', '2026-09-26'], 'temperature_2m_max': [37.2, 37.6, 37.2, 37.0, 36.8, 35.0, 33.8], 'temperature_2m_min': [23.6, 23.9, 20.1, 18.5, 19.3, 19.9, 21.9], 'precipitation_sum': [0.1, 0.0, 0.0, 0.0, 0.0, 0.0, 0.0], 'precipitation_probability_max': [18, 3, 0, 0, 0, 0, 0], 'wind_speed_10m_max': [11.9, 15.6, 11.5, 10.0, 11.9, 11.3, 12.8], 'wind_gusts_10m_max': [34.9, 41.8, 31.3, 28.8, 33.1, 20.5, 27.0], 'weather_code': [3, 3, 0, 0, 0, 3, 3]}}
[2026-09-20T16:50:26.568+0000] {logging_mixin.py:188} INFO - racord: {'city': 'Marrakech', 'lat': 31.6295, 'lng': -7.9811, 'fetched_at': '2026-09-20T16:50:26Z', 'api_response': None, 'error': None}
[2026-09-20T16:50:26.568+0000] {logging_mixin.py:188} INFO - Marrakech: nioce
[2026-09-20T16:50:27.202+0000] {logging_mixin.py:188} INFO - Response:<Response [200]>
[2026-09-20T16:50:27.203+0000] {logging_mixin.py:188} INFO - data: {'latitude': 34.0625, 'longitude': -5.0, 'generationtime_ms': 0.18513202667236328, 'utc_offset_seconds': 3600, 'timezone': 'Africa/Casablanca', 'timezone_abbreviation': 'GMT+1', 'elevation': 407.0, 'daily_units': {'time': 'iso8601', 'temperature_2m_max': '°C', 'temperature_2m_min': '°C', 'precipitation_sum': 'mm', 'precipitation_probability_max': '%', 'wind_speed_10m_max': 'km/h', 'wind_gusts_10m_max': 'km/h', 'weather_code': 'wmo code'}, 'daily': {'time': ['2026-09-20', '2026-09-21', '2026-09-22', '2026-09-23', '2026-09-24', '2026-09-25', '2026-09-26'], 'temperature_2m_max': [35.5, 35.4, 34.2, 34.5, 35.7, 35.4, 35.2], 'temperature_2m_min': [21.8, 21.8, 20.4, 19.5, 20.2, 21.2, 21.3], 'precipitation_sum': [0.0, 0.0, 0.0, 0.0, 0.0, 0.0, 0.0], 'precipitation_probability_max': [0, 0, 0, 0, 0, 0, 0], 'wind_speed_10m_max': [14.5, 11.0, 10.0, 10.7, 10.3, 12.5, 12.2], 'wind_gusts_10m_max': [37.4, 29.2, 25.9, 28.1, 27.4, 31.3, 30.6], 'weather_code': [1, 2, 1, 0, 0, 3, 3]}}
[2026-09-20T16:50:27.204+0000] {logging_mixin.py:188} INFO - racord: {'city': 'Fes', 'lat': 34.0333, 'lng': -5.0, 'fetched_at': '2026-09-20T16:50:26Z', 'api_response': None, 'error': None}
[2026-09-20T16:50:27.204+0000] {logging_mixin.py:188} INFO - Fes: nioce
[2026-09-20T16:50:27.830+0000] {logging_mixin.py:188} INFO - Response:<Response [200]>
[2026-09-20T16:50:27.831+0000] {logging_mixin.py:188} INFO - data: {'latitude': 35.75, 'longitude': -5.8125, 'generationtime_ms': 0.7022619247436523, 'utc_offset_seconds': 3600, 'timezone': 'Africa/Casablanca', 'timezone_abbreviation': 'GMT+1', 'elevation': 48.0, 'daily_units': {'time': 'iso8601', 'temperature_2m_max': '°C', 'temperature_2m_min': '°C', 'precipitation_sum': 'mm', 'precipitation_probability_max': '%', 'wind_speed_10m_max': 'km/h', 'wind_gusts_10m_max': 'km/h', 'weather_code': 'wmo code'}, 'daily': {'time': ['2026-09-20', '2026-09-21', '2026-09-22', '2026-09-23', '2026-09-24', '2026-09-25', '2026-09-26'], 'temperature_2m_max': [27.6, 28.3, 29.2, 29.3, 29.2, 28.1, 26.6], 'temperature_2m_min': [23.5, 22.8, 21.2, 21.0, 20.9, 20.4, 21.8], 'precipitation_sum': [0.0, 0.0, 0.0, 0.0, 0.0, 0.0, 0.0], 'precipitation_probability_max': [0, 0, 0, 0, 0, 0, 0], 'wind_speed_10m_max': [33.8, 27.8, 23.5, 21.4, 23.2, 20.1, 31.8], 'wind_gusts_10m_max': [78.8, 63.7, 52.9, 49.0, 53.3, 37.4, 59.4], 'weather_code': [2, 2, 3, 1, 1, 3, 3]}}
[2026-09-20T16:50:27.832+0000] {logging_mixin.py:188} INFO - racord: {'city': 'Tangier', 'lat': 35.7595, 'lng': -5.834, 'fetched_at': '2026-09-20T16:50:27Z', 'api_response': None, 'error': None}
[2026-09-20T16:50:27.832+0000] {logging_mixin.py:188} INFO - Tangier: nioce
[2026-09-20T16:50:28.502+0000] {logging_mixin.py:188} INFO - Response:<Response [200]>
[2026-09-20T16:50:28.505+0000] {logging_mixin.py:188} INFO - data: {'latitude': 30.4375, 'longitude': -9.625, 'generationtime_ms': 0.3504753112792969, 'utc_offset_seconds': 3600, 'timezone': 'Africa/Casablanca', 'timezone_abbreviation': 'GMT+1', 'elevation': 62.0, 'daily_units': {'time': 'iso8601', 'temperature_2m_max': '°C', 'temperature_2m_min': '°C', 'precipitation_sum': 'mm', 'precipitation_probability_max': '%', 'wind_speed_10m_max': 'km/h', 'wind_gusts_10m_max': 'km/h', 'weather_code': 'wmo code'}, 'daily': {'time': ['2026-09-20', '2026-09-21', '2026-09-22', '2026-09-23', '2026-09-24', '2026-09-25', '2026-09-26'], 'temperature_2m_max': [26.0, 32.2, 31.9, 33.1, 30.4, 30.4, 27.3], 'temperature_2m_min': [19.7, 21.3, 24.4, 23.8, 20.4, 19.3, 20.5], 'precipitation_sum': [0.0, 0.0, 0.0, 0.0, 0.0, 0.0, 0.0], 'precipitation_probability_max': [0, 0, 0, 0, 0, 0, 0], 'wind_speed_10m_max': [11.4, 8.4, 16.4, 15.6, 11.3, 10.3, 12.1], 'wind_gusts_10m_max': [27.7, 20.9, 35.3, 29.9, 25.9, 23.8, 29.2], 'weather_code': [45, 3, 1, 2, 1, 45, 45]}}
[2026-09-20T16:50:28.508+0000] {logging_mixin.py:188} INFO - racord: {'city': 'Agadir', 'lat': 30.4278, 'lng': -9.5981, 'fetched_at': '2026-09-20T16:50:28Z', 'api_response': None, 'error': None}
[2026-09-20T16:50:28.508+0000] {logging_mixin.py:188} INFO - Agadir: nioce
[2026-09-20T16:50:29.140+0000] {logging_mixin.py:188} INFO - Response:<Response [200]>
[2026-09-20T16:50:29.142+0000] {logging_mixin.py:188} INFO - data: {'latitude': 33.875, 'longitude': -5.5625, 'generationtime_ms': 0.18095970153808594, 'utc_offset_seconds': 3600, 'timezone': 'Africa/Casablanca', 'timezone_abbreviation': 'GMT+1', 'elevation': 542.0, 'daily_units': {'time': 'iso8601', 'temperature_2m_max': '°C', 'temperature_2m_min': '°C', 'precipitation_sum': 'mm', 'precipitation_probability_max': '%', 'wind_speed_10m_max': 'km/h', 'wind_gusts_10m_max': 'km/h', 'weather_code': 'wmo code'}, 'daily': {'time': ['2026-09-20', '2026-09-21', '2026-09-22', '2026-09-23', '2026-09-24', '2026-09-25', '2026-09-26'], 'temperature_2m_max': [36.0, 35.0, 33.4, 34.0, 34.9, 34.2, 33.5], 'temperature_2m_min': [20.5, 20.9, 18.2, 18.0, 18.2, 18.0, 16.6], 'precipitation_sum': [0.0, 0.0, 0.0, 0.0, 0.0, 0.0, 0.0], 'precipitation_probability_max': [0, 0, 0, 0, 0, 0, 0], 'wind_speed_10m_max': [16.1, 15.5, 14.0, 12.9, 14.1, 17.2, 14.8], 'wind_gusts_10m_max': [40.7, 38.5, 36.4, 34.2, 37.4, 38.2, 34.6], 'weather_code': [2, 2, 1, 3, 0, 2, 3]}}
[2026-09-20T16:50:29.142+0000] {logging_mixin.py:188} INFO - racord: {'city': 'Meknes', 'lat': 33.8833, 'lng': -5.55, 'fetched_at': '2026-09-20T16:50:28Z', 'api_response': None, 'error': None}
[2026-09-20T16:50:29.143+0000] {logging_mixin.py:188} INFO - Meknes: nioce
[2026-09-20T16:50:29.772+0000] {logging_mixin.py:188} INFO - Response:<Response [200]>
[2026-09-20T16:50:29.773+0000] {logging_mixin.py:188} INFO - data: {'latitude': 34.6875, 'longitude': -1.9375, 'generationtime_ms': 0.1766681671142578, 'utc_offset_seconds': 3600, 'timezone': 'Africa/Casablanca', 'timezone_abbreviation': 'GMT+1', 'elevation': 551.0, 'daily_units': {'time': 'iso8601', 'temperature_2m_max': '°C', 'temperature_2m_min': '°C', 'precipitation_sum': 'mm', 'precipitation_probability_max': '%', 'wind_speed_10m_max': 'km/h', 'wind_gusts_10m_max': 'km/h', 'weather_code': 'wmo code'}, 'daily': {'time': ['2026-09-20', '2026-09-21', '2026-09-22', '2026-09-23', '2026-09-24', '2026-09-25', '2026-09-26'], 'temperature_2m_max': [29.3, 28.7, 28.2, 29.8, 30.2, 30.6, 30.9], 'temperature_2m_min': [17.7, 18.4, 13.9, 15.4, 15.0, 13.0, 14.9], 'precipitation_sum': [0.0, 0.0, 0.0, 0.0, 0.0, 0.0, 0.0], 'precipitation_probability_max': [20, 0, 0, 0, 0, 0, 0], 'wind_speed_10m_max': [18.8, 20.2, 18.1, 20.8, 19.4, 20.2, 22.9], 'wind_gusts_10m_max': [38.2, 41.0, 36.7, 41.8, 39.2, 36.7, 40.0], 'weather_code': [45, 45, 45, 0, 0, 3, 1]}}
[2026-09-20T16:50:29.774+0000] {logging_mixin.py:188} INFO - racord: {'city': 'Oujda', 'lat': 34.6867, 'lng': -1.9114, 'fetched_at': '2026-09-20T16:50:29Z', 'api_response': None, 'error': None}
[2026-09-20T16:50:29.774+0000] {logging_mixin.py:188} INFO - Oujda: nioce
[2026-09-20T16:50:30.925+0000] {logging_mixin.py:188} INFO - Response:<Response [200]>
[2026-09-20T16:50:30.926+0000] {logging_mixin.py:188} INFO - data: {'latitude': 34.25, 'longitude': -6.5625, 'generationtime_ms': 0.25343894958496094, 'utc_offset_seconds': 3600, 'timezone': 'Africa/Casablanca', 'timezone_abbreviation': 'GMT+1', 'elevation': 11.0, 'daily_units': {'time': 'iso8601', 'temperature_2m_max': '°C', 'temperature_2m_min': '°C', 'precipitation_sum': 'mm', 'precipitation_probability_max': '%', 'wind_speed_10m_max': 'km/h', 'wind_gusts_10m_max': 'km/h', 'weather_code': 'wmo code'}, 'daily': {'time': ['2026-09-20', '2026-09-21', '2026-09-22', '2026-09-23', '2026-09-24', '2026-09-25', '2026-09-26'], 'temperature_2m_max': [36.8, 33.8, 32.3, 32.1, 32.5, 29.7, 29.3], 'temperature_2m_min': [18.6, 20.1, 19.3, 18.0, 17.4, 18.6, 19.2], 'precipitation_sum': [0.0, 0.0, 0.0, 0.0, 0.0, 0.0, 0.0], 'precipitation_probability_max': [0, 0, 0, 0, 0, 0, 0], 'wind_speed_10m_max': [14.0, 12.0, 11.0, 14.5, 13.9, 12.5, 12.3], 'wind_gusts_10m_max': [34.9, 29.5, 28.4, 36.4, 33.8, 29.2, 28.4], 'weather_code': [45, 2, 2, 45, 0, 3, 45]}}
[2026-09-20T16:50:30.926+0000] {logging_mixin.py:188} INFO - racord: {'city': 'Kenitra', 'lat': 34.261, 'lng': -6.5802, 'fetched_at': '2026-09-20T16:50:30Z', 'api_response': None, 'error': None}
[2026-09-20T16:50:30.926+0000] {logging_mixin.py:188} INFO - Kenitra: nioce
[2026-09-20T16:50:31.555+0000] {logging_mixin.py:188} INFO - Response:<Response [200]>
[2026-09-20T16:50:31.556+0000] {logging_mixin.py:188} INFO - data: {'latitude': 35.5625, 'longitude': -5.375, 'generationtime_ms': 0.1798868179321289, 'utc_offset_seconds': 3600, 'timezone': 'Africa/Casablanca', 'timezone_abbreviation': 'GMT+1', 'elevation': 111.0, 'daily_units': {'time': 'iso8601', 'temperature_2m_max': '°C', 'temperature_2m_min': '°C', 'precipitation_sum': 'mm', 'precipitation_probability_max': '%', 'wind_speed_10m_max': 'km/h', 'wind_gusts_10m_max': 'km/h', 'weather_code': 'wmo code'}, 'daily': {'time': ['2026-09-20', '2026-09-21', '2026-09-22', '2026-09-23', '2026-09-24', '2026-09-25', '2026-09-26'], 'temperature_2m_max': [25.8, 26.0, 26.4, 25.6, 26.8, 26.4, 26.0], 'temperature_2m_min': [22.6, 22.0, 20.3, 19.1, 20.7, 19.7, 20.4], 'precipitation_sum': [0.1, 0.0, 0.0, 0.0, 0.0, 0.0, 0.0], 'precipitation_probability_max': [0, 0, 0, 0, 0, 0, 0], 'wind_speed_10m_max': [31.2, 23.2, 17.0, 17.2, 17.7, 15.2, 20.7], 'wind_gusts_10m_max': [71.3, 51.5, 41.8, 42.8, 45.7, 38.9, 49.3], 'weather_code': [3, 3, 3, 2, 2, 3, 3]}}
[2026-09-20T16:50:31.557+0000] {logging_mixin.py:188} INFO - racord: {'city': 'Tetouan', 'lat': 35.5785, 'lng': -5.3684, 'fetched_at': '2026-09-20T16:50:31Z', 'api_response': None, 'error': None}
[2026-09-20T16:50:31.557+0000] {logging_mixin.py:188} INFO - Tetouan: nioce
[2026-09-20T16:50:32.178+0000] {logging_mixin.py:188} INFO - Response:<Response [200]>
[2026-09-20T16:50:32.179+0000] {logging_mixin.py:188} INFO - data: {'latitude': 32.3125, 'longitude': -9.25, 'generationtime_ms': 0.2663135528564453, 'utc_offset_seconds': 3600, 'timezone': 'Africa/Casablanca', 'timezone_abbreviation': 'GMT+1', 'elevation': 35.0, 'daily_units': {'time': 'iso8601', 'temperature_2m_max': '°C', 'temperature_2m_min': '°C', 'precipitation_sum': 'mm', 'precipitation_probability_max': '%', 'wind_speed_10m_max': 'km/h', 'wind_gusts_10m_max': 'km/h', 'weather_code': 'wmo code'}, 'daily': {'time': ['2026-09-20', '2026-09-21', '2026-09-22', '2026-09-23', '2026-09-24', '2026-09-25', '2026-09-26'], 'temperature_2m_max': [26.9, 27.9, 31.4, 29.4, 27.1, 31.3, 29.7], 'temperature_2m_min': [21.4, 20.0, 19.9, 20.0, 18.9, 19.4, 20.8], 'precipitation_sum': [0.0, 0.0, 0.0, 0.0, 0.0, 0.0, 0.0], 'precipitation_probability_max': [0, 0, 0, 0, 0, 0, 0], 'wind_speed_10m_max': [8.8, 7.6, 15.1, 15.6, 13.4, 20.4, 15.4], 'wind_gusts_10m_max': [18.0, 16.6, 29.9, 30.2, 26.3, 38.5, 30.6], 'weather_code': [2, 3, 0, 1, 0, 3, 45]}}
[2026-09-20T16:50:32.180+0000] {logging_mixin.py:188} INFO - racord: {'city': 'Safi', 'lat': 32.2994, 'lng': -9.2372, 'fetched_at': '2026-09-20T16:50:31Z', 'api_response': None, 'error': None}
[2026-09-20T16:50:32.180+0000] {logging_mixin.py:188} INFO - Safi: nioce
[2026-09-20T16:50:32.815+0000] {logging_mixin.py:188} INFO - Response:<Response [200]>
[2026-09-20T16:50:32.816+0000] {logging_mixin.py:188} INFO - data: {'latitude': 33.1875, 'longitude': -8.5, 'generationtime_ms': 0.2701282501220703, 'utc_offset_seconds': 3600, 'timezone': 'Africa/Casablanca', 'timezone_abbreviation': 'GMT+1', 'elevation': 37.0, 'daily_units': {'time': 'iso8601', 'temperature_2m_max': '°C', 'temperature_2m_min': '°C', 'precipitation_sum': 'mm', 'precipitation_probability_max': '%', 'wind_speed_10m_max': 'km/h', 'wind_gusts_10m_max': 'km/h', 'weather_code': 'wmo code'}, 'daily': {'time': ['2026-09-20', '2026-09-21', '2026-09-22', '2026-09-23', '2026-09-24', '2026-09-25', '2026-09-26'], 'temperature_2m_max': [29.9, 30.7, 29.6, 27.8, 28.3, 27.4, 27.6], 'temperature_2m_min': [20.2, 21.2, 19.4, 20.1, 19.6, 19.9, 20.2], 'precipitation_sum': [0.0, 0.0, 0.0, 0.0, 0.0, 0.0, 0.0], 'precipitation_probability_max': [0, 0, 0, 0, 0, 0, 0], 'wind_speed_10m_max': [14.5, 15.8, 15.9, 15.2, 13.8, 14.4, 13.7], 'wind_gusts_10m_max': [29.2, 31.0, 31.7, 30.2, 28.1, 28.8, 27.7], 'weather_code': [45, 45, 45, 45, 45, 45, 45]}}
[2026-09-20T16:50:32.817+0000] {logging_mixin.py:188} INFO - racord: {'city': 'El Jadida', 'lat': 33.2316, 'lng': -8.5007, 'fetched_at': '2026-09-20T16:50:32Z', 'api_response': None, 'error': None}
[2026-09-20T16:50:32.817+0000] {logging_mixin.py:188} INFO - El Jadida: nioce
[2026-09-20T16:50:33.433+0000] {logging_mixin.py:188} INFO - Response:<Response [200]>
[2026-09-20T16:50:33.434+0000] {logging_mixin.py:188} INFO - data: {'latitude': 32.3125, 'longitude': -6.375, 'generationtime_ms': 0.209808349609375, 'utc_offset_seconds': 3600, 'timezone': 'Africa/Casablanca', 'timezone_abbreviation': 'GMT+1', 'elevation': 533.0, 'daily_units': {'time': 'iso8601', 'temperature_2m_max': '°C', 'temperature_2m_min': '°C', 'precipitation_sum': 'mm', 'precipitation_probability_max': '%', 'wind_speed_10m_max': 'km/h', 'wind_gusts_10m_max': 'km/h', 'weather_code': 'wmo code'}, 'daily': {'time': ['2026-09-20', '2026-09-21', '2026-09-22', '2026-09-23', '2026-09-24', '2026-09-25', '2026-09-26'], 'temperature_2m_max': [35.2, 35.1, 34.0, 34.6, 35.1, 34.8, 33.7], 'temperature_2m_min': [25.3, 23.7, 22.8, 22.2, 22.7, 22.3, 23.8], 'precipitation_sum': [0.0, 0.0, 0.0, 0.0, 0.0, 0.0, 0.0], 'precipitation_probability_max': [3, 3, 0, 0, 0, 0, 0], 'wind_speed_10m_max': [18.5, 17.2, 16.2, 13.9, 12.1, 17.4, 18.4], 'wind_gusts_10m_max': [42.8, 40.3, 34.6, 28.1, 27.4, 33.1, 35.3], 'weather_code': [3, 3, 2, 0, 0, 3, 3]}}
[2026-09-20T16:50:33.435+0000] {logging_mixin.py:188} INFO - racord: {'city': 'Beni Mellal', 'lat': 32.3373, 'lng': -6.3498, 'fetched_at': '2026-09-20T16:50:33Z', 'api_response': None, 'error': None}
[2026-09-20T16:50:33.435+0000] {logging_mixin.py:188} INFO - Beni Mellal: nioce
[2026-09-20T16:50:34.060+0000] {logging_mixin.py:188} INFO - Response:<Response [200]>
[2026-09-20T16:50:34.062+0000] {logging_mixin.py:188} INFO - data: {'latitude': 35.1875, 'longitude': -2.9375, 'generationtime_ms': 0.815272331237793, 'utc_offset_seconds': 3600, 'timezone': 'Africa/Casablanca', 'timezone_abbreviation': 'GMT+1', 'elevation': 19.0, 'daily_units': {'time': 'iso8601', 'temperature_2m_max': '°C', 'temperature_2m_min': '°C', 'precipitation_sum': 'mm', 'precipitation_probability_max': '%', 'wind_speed_10m_max': 'km/h', 'wind_gusts_10m_max': 'km/h', 'weather_code': 'wmo code'}, 'daily': {'time': ['2026-09-20', '2026-09-21', '2026-09-22', '2026-09-23', '2026-09-24', '2026-09-25', '2026-09-26'], 'temperature_2m_max': [25.3, 25.7, 25.4, 25.7, 26.3, 26.8, 26.5], 'temperature_2m_min': [23.4, 23.1, 20.5, 19.8, 20.9, 19.6, 18.6], 'precipitation_sum': [4.6, 0.1, 0.0, 0.0, 0.0, 0.0, 0.0], 'precipitation_probability_max': [8, 3, 0, 0, 0, 0, 0], 'wind_speed_10m_max': [22.0, 17.1, 12.7, 13.0, 12.5, 16.3, 19.7], 'wind_gusts_10m_max': [48.2, 37.4, 27.4, 27.7, 28.4, 27.7, 34.2], 'weather_code': [80, 3, 3, 2, 2, 3, 45]}}
[2026-09-20T16:50:34.062+0000] {logging_mixin.py:188} INFO - racord: {'city': 'Nador', 'lat': 35.174, 'lng': -2.9287, 'fetched_at': '2026-09-20T16:50:33Z', 'api_response': None, 'error': None}
[2026-09-20T16:50:34.063+0000] {logging_mixin.py:188} INFO - Nador: nioce
[2026-09-20T16:50:34.687+0000] {logging_mixin.py:188} INFO - Response:<Response [200]>
[2026-09-20T16:50:34.688+0000] {logging_mixin.py:188} INFO - data: {'latitude': 32.875, 'longitude': -6.9375, 'generationtime_ms': 0.4984140396118164, 'utc_offset_seconds': 3600, 'timezone': 'Africa/Casablanca', 'timezone_abbreviation': 'GMT+1', 'elevation': 802.0, 'daily_units': {'time': 'iso8601', 'temperature_2m_max': '°C', 'temperature_2m_min': '°C', 'precipitation_sum': 'mm', 'precipitation_probability_max': '%', 'wind_speed_10m_max': 'km/h', 'wind_gusts_10m_max': 'km/h', 'weather_code': 'wmo code'}, 'daily': {'time': ['2026-09-20', '2026-09-21', '2026-09-22', '2026-09-23', '2026-09-24', '2026-09-25', '2026-09-26'], 'temperature_2m_max': [34.8, 34.9, 34.0, 33.6, 34.4, 32.9, 31.9], 'temperature_2m_min': [22.7, 22.8, 21.6, 20.5, 20.2, 18.6, 17.3], 'precipitation_sum': [0.0, 0.0, 0.0, 0.0, 0.0, 0.0, 0.0], 'precipitation_probability_max': [3, 3, 0, 0, 0, 0, 0], 'wind_speed_10m_max': [24.5, 20.2, 18.9, 19.7, 17.5, 19.8, 20.7], 'wind_gusts_10m_max': [54.7, 45.0, 43.9, 41.4, 38.2, 40.0, 41.8], 'weather_code': [3, 3, 2, 0, 0, 3, 3]}}
[2026-09-20T16:50:34.688+0000] {logging_mixin.py:188} INFO - racord: {'city': 'Khouribga', 'lat': 32.8811, 'lng': -6.9063, 'fetched_at': '2026-09-20T16:50:34Z', 'api_response': None, 'error': None}
[2026-09-20T16:50:34.689+0000] {logging_mixin.py:188} INFO - Khouribga: nioce
[2026-09-20T16:50:35.326+0000] {logging_mixin.py:188} INFO - Response:<Response [200]>
[2026-09-20T16:50:35.327+0000] {logging_mixin.py:188} INFO - data: {'latitude': 34.25, 'longitude': -4.0, 'generationtime_ms': 0.4521608352661133, 'utc_offset_seconds': 3600, 'timezone': 'Africa/Casablanca', 'timezone_abbreviation': 'GMT+1', 'elevation': 532.0, 'daily_units': {'time': 'iso8601', 'temperature_2m_max': '°C', 'temperature_2m_min': '°C', 'precipitation_sum': 'mm', 'precipitation_probability_max': '%', 'wind_speed_10m_max': 'km/h', 'wind_gusts_10m_max': 'km/h', 'weather_code': 'wmo code'}, 'daily': {'time': ['2026-09-20', '2026-09-21', '2026-09-22', '2026-09-23', '2026-09-24', '2026-09-25', '2026-09-26'], 'temperature_2m_max': [29.5, 29.6, 30.2, 30.9, 31.2, 31.8, 32.4], 'temperature_2m_min': [19.8, 19.7, 17.7, 15.9, 18.7, 17.2, 17.5], 'precipitation_sum': [0.0, 0.0, 0.0, 0.0, 0.0, 0.0, 0.0], 'precipitation_probability_max': [0, 0, 0, 0, 0, 0, 0], 'wind_speed_10m_max': [21.5, 20.9, 15.5, 18.0, 18.8, 19.6, 22.2], 'wind_gusts_10m_max': [43.6, 42.1, 32.4, 37.4, 38.5, 35.6, 41.8], 'weather_code': [3, 2, 3, 1, 0, 3, 3]}}
[2026-09-20T16:50:35.327+0000] {logging_mixin.py:188} INFO - racord: {'city': 'Taza', 'lat': 34.21, 'lng': -4.01, 'fetched_at': '2026-09-20T16:50:34Z', 'api_response': None, 'error': None}
[2026-09-20T16:50:35.327+0000] {logging_mixin.py:188} INFO - Taza: nioce
[2026-09-20T16:50:35.966+0000] {logging_mixin.py:188} INFO - Response:<Response [200]>
[2026-09-20T16:50:35.967+0000] {logging_mixin.py:188} INFO - data: {'latitude': 33.0, 'longitude': -7.625, 'generationtime_ms': 0.1939535140991211, 'utc_offset_seconds': 3600, 'timezone': 'Africa/Casablanca', 'timezone_abbreviation': 'GMT+1', 'elevation': 367.0, 'daily_units': {'time': 'iso8601', 'temperature_2m_max': '°C', 'temperature_2m_min': '°C', 'precipitation_sum': 'mm', 'precipitation_probability_max': '%', 'wind_speed_10m_max': 'km/h', 'wind_gusts_10m_max': 'km/h', 'weather_code': 'wmo code'}, 'daily': {'time': ['2026-09-20', '2026-09-21', '2026-09-22', '2026-09-23', '2026-09-24', '2026-09-25', '2026-09-26'], 'temperature_2m_max': [37.1, 38.5, 36.4, 35.9, 35.4, 33.2, 32.2], 'temperature_2m_min': [20.8, 22.3, 20.2, 18.9, 18.8, 18.8, 17.4], 'precipitation_sum': [0.6, 0.0, 0.0, 0.0, 0.0, 0.0, 0.0], 'precipitation_probability_max': [8, 0, 0, 0, 0, 0, 0], 'wind_speed_10m_max': [17.7, 25.5, 19.3, 17.5, 15.5, 18.5, 19.6], 'wind_gusts_10m_max': [38.5, 52.9, 40.0, 41.4, 35.6, 36.4, 38.5], 'weather_code': [3, 3, 1, 0, 0, 3, 45]}}
[2026-09-20T16:50:35.968+0000] {logging_mixin.py:188} INFO - racord: {'city': 'Settat', 'lat': 33.0014, 'lng': -7.6197, 'fetched_at': '2026-09-20T16:50:35Z', 'api_response': None, 'error': None}
[2026-09-20T16:50:35.968+0000] {logging_mixin.py:188} INFO - Settat: nioce
[2026-09-20T16:50:36.615+0000] {logging_mixin.py:188} INFO - Response:<Response [200]>
[2026-09-20T16:50:36.616+0000] {logging_mixin.py:188} INFO - data: {'latitude': 35.1875, 'longitude': -6.125, 'generationtime_ms': 0.18298625946044922, 'utc_offset_seconds': 3600, 'timezone': 'Africa/Casablanca', 'timezone_abbreviation': 'GMT+1', 'elevation': 36.0, 'daily_units': {'time': 'iso8601', 'temperature_2m_max': '°C', 'temperature_2m_min': '°C', 'precipitation_sum': 'mm', 'precipitation_probability_max': '%', 'wind_speed_10m_max': 'km/h', 'wind_gusts_10m_max': 'km/h', 'weather_code': 'wmo code'}, 'daily': {'time': ['2026-09-20', '2026-09-21', '2026-09-22', '2026-09-23', '2026-09-24', '2026-09-25', '2026-09-26'], 'temperature_2m_max': [35.7, 33.1, 31.8, 30.9, 32.2, 30.8, 30.6], 'temperature_2m_min': [23.9, 21.2, 19.9, 17.7, 17.4, 18.4, 17.8], 'precipitation_sum': [0.0, 0.0, 0.0, 0.0, 0.0, 0.0, 0.0], 'precipitation_probability_max': [0, 0, 0, 0, 0, 0, 0], 'wind_speed_10m_max': [18.8, 17.2, 17.2, 14.1, 13.3, 14.4, 14.3], 'wind_gusts_10m_max': [34.6, 31.7, 31.7, 26.3, 25.2, 27.7, 27.7], 'weather_code': [1, 3, 3, 1, 1, 3, 3]}}
[2026-09-20T16:50:36.616+0000] {logging_mixin.py:188} INFO - racord: {'city': 'Larache', 'lat': 35.1932, 'lng': -6.156, 'fetched_at': '2026-09-20T16:50:36Z', 'api_response': None, 'error': None}
[2026-09-20T16:50:36.616+0000] {logging_mixin.py:188} INFO - Larache: nioce
[2026-09-20T16:50:37.249+0000] {logging_mixin.py:188} INFO - Response:<Response [200]>
[2026-09-20T16:50:37.250+0000] {logging_mixin.py:188} INFO - data: {'latitude': 28.998241, 'longitude': -10.011475, 'generationtime_ms': 0.14007091522216797, 'utc_offset_seconds': 3600, 'timezone': 'Africa/Casablanca', 'timezone_abbreviation': 'GMT+1', 'elevation': 302.0, 'daily_units': {'time': 'iso8601', 'temperature_2m_max': '°C', 'temperature_2m_min': '°C', 'precipitation_sum': 'mm', 'precipitation_probability_max': '%', 'wind_speed_10m_max': 'km/h', 'wind_gusts_10m_max': 'km/h', 'weather_code': 'wmo code'}, 'daily': {'time': ['2026-09-20', '2026-09-21', '2026-09-22', '2026-09-23', '2026-09-24', '2026-09-25', '2026-09-26'], 'temperature_2m_max': [38.2, 39.2, 39.2, 39.5, 38.8, 36.8, 29.3], 'temperature_2m_min': [18.1, 23.3, 26.2, 23.7, 19.1, 17.0, 17.7], 'precipitation_sum': [0.0, 0.0, 0.0, 0.0, 0.0, 0.0, 0.0], 'precipitation_probability_max': [0, 2, 2, 2, 0, 0, 0], 'wind_speed_10m_max': [22.1, 18.5, 22.6, 27.7, 17.3, 21.7, 16.7], 'wind_gusts_10m_max': [38.5, 34.2, 37.1, 47.9, 38.9, 38.5, 34.2], 'weather_code': [1, 3, 2, 3, 0, 3, 3]}}
[2026-09-20T16:50:37.251+0000] {logging_mixin.py:188} INFO - racord: {'city': 'Guelmim', 'lat': 28.987, 'lng': -10.0574, 'fetched_at': '2026-09-20T16:50:36Z', 'api_response': None, 'error': None}
[2026-09-20T16:50:37.251+0000] {logging_mixin.py:188} INFO - Guelmim: nioce
[2026-09-20T16:50:37.874+0000] {logging_mixin.py:188} INFO - Response:<Response [200]>
[2026-09-20T16:50:37.875+0000] {logging_mixin.py:188} INFO - data: {'latitude': 23.725834, 'longitude': -15.966187, 'generationtime_ms': 0.31006336212158203, 'utc_offset_seconds': 3600, 'timezone': 'Africa/Casablanca', 'timezone_abbreviation': 'GMT+1', 'elevation': 9.0, 'daily_units': {'time': 'iso8601', 'temperature_2m_max': '°C', 'temperature_2m_min': '°C', 'precipitation_sum': 'mm', 'precipitation_probability_max': '%', 'wind_speed_10m_max': 'km/h', 'wind_gusts_10m_max': 'km/h', 'weather_code': 'wmo code'}, 'daily': {'time': ['2026-09-20', '2026-09-21', '2026-09-22', '2026-09-23', '2026-09-24', '2026-09-25', '2026-09-26'], 'temperature_2m_max': [21.7, 22.6, 22.8, 22.9, 32.8, 27.0, 22.4], 'temperature_2m_min': [19.7, 19.9, 20.4, 20.2, 22.9, 22.5, 21.6], 'precipitation_sum': [0.0, 1.7, 0.9, 0.0, 0.0, 0.0, 0.0], 'precipitation_probability_max': [0, 19, 21, 12, 0, 6, 4], 'wind_speed_10m_max': [29.9, 33.3, 31.8, 30.3, 40.9, 41.1, 25.3], 'wind_gusts_10m_max': [37.4, 38.9, 41.0, 39.2, 49.7, 51.5, 36.0], 'weather_code': [0, 80, 53, 2, 3, 3, 3]}}
[2026-09-20T16:50:37.875+0000] {logging_mixin.py:188} INFO - racord: {'city': 'Dakhla', 'lat': 23.7136, 'lng': -15.9355, 'fetched_at': '2026-09-20T16:50:37Z', 'api_response': None, 'error': None}
[2026-09-20T16:50:37.875+0000] {logging_mixin.py:188} INFO - Dakhla: nioce
[2026-09-20T16:50:38.182+0000] {logging_mixin.py:188} INFO - done. 20/20 succeeded, 0 failed. Saved to: /opt/project/data/bronze/weather_raw.json
[2026-09-20T16:50:38.182+0000] {python.py:237} INFO - Done. Returned value was: /opt/project/data/bronze/weather_raw.json
[2026-09-20T16:50:38.183+0000] {taskinstance.py:441} INFO - ::group::Post task execution logs
[2026-09-20T16:50:38.249+0000] {taskinstance.py:1206} INFO - Marking task as SUCCESS. dag_id=weather_risk_pipeline, task_id=extract_weather, run_id=scheduled__2026-09-19T00:00:00+00:00, execution_date=20260919T000000, start_date=20260920T165024, end_date=20260920T165038
[2026-09-20T16:50:38.310+0000] {local_task_job_runner.py:243} INFO - Task exited with return code 0
[2026-09-20T16:50:38.340+0000] {local_task_job_runner.py:222} INFO - ::endgroup::
[2026-09-20T16:55:27.994+0000] {local_task_job_runner.py:120} INFO - ::group::Pre task execution logs
[2026-09-20T16:55:28.077+0000] {taskinstance.py:2076} INFO - Dependencies all met for dep_context=non-requeueable deps ti=<TaskInstance: weather_risk_pipeline.extract_weather scheduled__2026-09-19T00:00:00+00:00 [queued]>
[2026-09-20T16:55:28.095+0000] {taskinstance.py:2076} INFO - Dependencies all met for dep_context=requeueable deps ti=<TaskInstance: weather_risk_pipeline.extract_weather scheduled__2026-09-19T00:00:00+00:00 [queued]>
[2026-09-20T16:55:28.096+0000] {taskinstance.py:2306} INFO - Starting attempt 1 of 2
[2026-09-20T16:55:28.128+0000] {taskinstance.py:2330} INFO - Executing <Task(PythonOperator): extract_weather> on 2026-09-19 00:00:00+00:00
[2026-09-20T16:55:28.146+0000] {standard_task_runner.py:90} INFO - Running: ['***', 'tasks', 'run', 'weather_risk_pipeline', 'extract_weather', 'scheduled__2026-09-19T00:00:00+00:00', '--job-id', '28', '--raw', '--subdir', 'DAGS_FOLDER/weather_risk_dag.py', '--cfg-path', '/tmp/tmpb3ebv9f1']
[2026-09-20T16:55:28.151+0000] {standard_task_runner.py:91} INFO - Job 28: Subtask extract_weather
[2026-09-20T16:55:28.154+0000] {logging_mixin.py:188} WARNING - /home/***/.local/lib/python3.12/site-packages/***/task/task_runner/standard_task_runner.py:62 DeprecationWarning: This process (pid=848) is multi-threaded, use of fork() may lead to deadlocks in the child.
[2026-09-20T16:55:28.155+0000] {standard_task_runner.py:64} INFO - Started process 855 to run task
[2026-09-20T16:55:28.260+0000] {task_command.py:426} INFO - Running <TaskInstance: weather_risk_pipeline.extract_weather scheduled__2026-09-19T00:00:00+00:00 [running]> on host 138eb0e6e647
[2026-09-20T16:55:28.730+0000] {taskinstance.py:2648} INFO - Exporting env vars: AIRFLOW_CTX_DAG_OWNER='***' AIRFLOW_CTX_DAG_ID='weather_risk_pipeline' AIRFLOW_CTX_TASK_ID='extract_weather' AIRFLOW_CTX_EXECUTION_DATE='2026-09-19T00:00:00+00:00' AIRFLOW_CTX_TRY_NUMBER='1' AIRFLOW_CTX_DAG_RUN_ID='scheduled__2026-09-19T00:00:00+00:00'
[2026-09-20T16:55:28.732+0000] {taskinstance.py:430} INFO - ::endgroup::
[2026-09-20T16:55:28.790+0000] {logging_mixin.py:188} INFO - 1.Loadingg the csv cities:           city      lat      lng  population                     region
0    Casablanca  33.5992  -7.6200     3752000    Grand Casablanca-Settat
1         Rabat  34.0209  -6.8416      577827         Rabat-Salé-Kénitra
2     Marrakech  31.6295  -7.9811      928850             Marrakech-Safi
3           Fes  34.0333  -5.0000     1112072                 Fès-Meknès
4       Tangier  35.7595  -5.8340      947952  Tanger-Tétouan-Al Hoceïma
5        Agadir  30.4278  -9.5981      421844                Souss-Massa
6        Meknes  33.8833  -5.5500      632079                 Fès-Meknès
7         Oujda  34.6867  -1.9114      494252                   Oriental
8       Kenitra  34.2610  -6.5802      431282         Rabat-Salé-Kénitra
9       Tetouan  35.5785  -5.3684      380787  Tanger-Tétouan-Al Hoceïma
10         Safi  32.2994  -9.2372      308508             Marrakech-Safi
11    El Jadida  33.2316  -8.5007      194934    Grand Casablanca-Settat
12  Beni Mellal  32.3373  -6.3498      192676       Béni Mellal-Khénifra
13        Nador  35.1740  -2.9287      161726                   Oriental
14    Khouribga  32.8811  -6.9063      166397       Béni Mellal-Khénifra
15         Taza  34.2100  -4.0100      139686                 Fès-Meknès
16       Settat  33.0014  -7.6197      142250    Grand Casablanca-Settat
17      Larache  35.1932  -6.1560      125008  Tanger-Tétouan-Al Hoceïma
18      Guelmim  28.9870 -10.0574      118318          Guelmim-Oued Noun
19       Dakhla  23.7136 -15.9355      106277       Dakhla-Oued Ed-Dahab
[2026-09-20T16:55:29.109+0000] {logging_mixin.py:188} INFO - Response:<Response [200]>
[2026-09-20T16:55:29.110+0000] {logging_mixin.py:188} INFO - data: {'latitude': 33.5625, 'longitude': -7.625, 'generationtime_ms': 0.16832351684570312, 'utc_offset_seconds': 3600, 'timezone': 'Africa/Casablanca', 'timezone_abbreviation': 'GMT+1', 'elevation': 23.0, 'daily_units': {'time': 'iso8601', 'temperature_2m_max': '°C', 'temperature_2m_min': '°C', 'precipitation_sum': 'mm', 'precipitation_probability_max': '%', 'wind_speed_10m_max': 'km/h', 'wind_gusts_10m_max': 'km/h', 'weather_code': 'wmo code'}, 'daily': {'time': ['2026-09-20', '2026-09-21', '2026-09-22', '2026-09-23', '2026-09-24', '2026-09-25', '2026-09-26'], 'temperature_2m_max': [30.3, 31.2, 29.8, 27.9, 27.8, 28.5, 28.3], 'temperature_2m_min': [20.5, 21.2, 19.8, 19.4, 19.0, 19.7, 19.6], 'precipitation_sum': [0.0, 0.0, 0.0, 0.0, 0.0, 0.0, 0.0], 'precipitation_probability_max': [0, 0, 0, 0, 0, 0, 0], 'wind_speed_10m_max': [10.1, 12.4, 9.6, 10.8, 10.5, 12.6, 13.7], 'wind_gusts_10m_max': [29.5, 34.9, 28.8, 29.5, 30.2, 32.4, 35.3], 'weather_code': [2, 2, 45, 45, 45, 45, 45]}}
[2026-09-20T16:55:29.111+0000] {logging_mixin.py:188} INFO - racord: {'city': 'Casablanca', 'lat': 33.5992, 'lng': -7.62, 'fetched_at': '2026-09-20T16:55:28Z', 'api_response': None, 'error': None}
[2026-09-20T16:55:29.111+0000] {logging_mixin.py:188} INFO - Casablanca: nioce
[2026-09-20T16:55:29.744+0000] {logging_mixin.py:188} INFO - Response:<Response [200]>
[2026-09-20T16:55:29.745+0000] {logging_mixin.py:188} INFO - data: {'latitude': 34.0, 'longitude': -6.8125, 'generationtime_ms': 0.6284713745117188, 'utc_offset_seconds': 3600, 'timezone': 'Africa/Casablanca', 'timezone_abbreviation': 'GMT+1', 'elevation': 18.0, 'daily_units': {'time': 'iso8601', 'temperature_2m_max': '°C', 'temperature_2m_min': '°C', 'precipitation_sum': 'mm', 'precipitation_probability_max': '%', 'wind_speed_10m_max': 'km/h', 'wind_gusts_10m_max': 'km/h', 'weather_code': 'wmo code'}, 'daily': {'time': ['2026-09-20', '2026-09-21', '2026-09-22', '2026-09-23', '2026-09-24', '2026-09-25', '2026-09-26'], 'temperature_2m_max': [31.6, 31.8, 31.4, 28.9, 29.0, 27.8, 27.9], 'temperature_2m_min': [20.0, 20.6, 19.6, 18.8, 18.3, 18.8, 19.2], 'precipitation_sum': [0.0, 0.0, 0.0, 0.0, 0.0, 0.0, 0.0], 'precipitation_probability_max': [0, 0, 0, 0, 0, 0, 0], 'wind_speed_10m_max': [11.5, 10.9, 10.6, 12.3, 11.3, 11.2, 12.1], 'wind_gusts_10m_max': [30.2, 29.5, 28.1, 32.4, 28.8, 24.8, 27.7], 'weather_code': [1, 2, 1, 45, 0, 3, 45]}}
[2026-09-20T16:55:29.745+0000] {logging_mixin.py:188} INFO - racord: {'city': 'Rabat', 'lat': 34.0209, 'lng': -6.8416, 'fetched_at': '2026-09-20T16:55:29Z', 'api_response': None, 'error': None}
[2026-09-20T16:55:29.746+0000] {logging_mixin.py:188} INFO - Rabat: nioce
[2026-09-20T16:55:30.374+0000] {logging_mixin.py:188} INFO - Response:<Response [200]>
[2026-09-20T16:55:30.375+0000] {logging_mixin.py:188} INFO - data: {'latitude': 31.625, 'longitude': -8.0, 'generationtime_ms': 0.2560615539550781, 'utc_offset_seconds': 3600, 'timezone': 'Africa/Casablanca', 'timezone_abbreviation': 'GMT+1', 'elevation': 469.0, 'daily_units': {'time': 'iso8601', 'temperature_2m_max': '°C', 'temperature_2m_min': '°C', 'precipitation_sum': 'mm', 'precipitation_probability_max': '%', 'wind_speed_10m_max': 'km/h', 'wind_gusts_10m_max': 'km/h', 'weather_code': 'wmo code'}, 'daily': {'time': ['2026-09-20', '2026-09-21', '2026-09-22', '2026-09-23', '2026-09-24', '2026-09-25', '2026-09-26'], 'temperature_2m_max': [37.2, 37.6, 37.2, 37.0, 36.8, 35.0, 33.8], 'temperature_2m_min': [23.6, 23.9, 20.1, 18.5, 19.3, 19.9, 21.9], 'precipitation_sum': [0.1, 0.0, 0.0, 0.0, 0.0, 0.0, 0.0], 'precipitation_probability_max': [18, 3, 0, 0, 0, 0, 0], 'wind_speed_10m_max': [11.9, 15.6, 11.5, 10.0, 11.9, 11.3, 12.8], 'wind_gusts_10m_max': [34.9, 41.8, 31.3, 28.8, 33.1, 20.5, 27.0], 'weather_code': [3, 3, 0, 0, 0, 3, 3]}}
[2026-09-20T16:55:30.376+0000] {logging_mixin.py:188} INFO - racord: {'city': 'Marrakech', 'lat': 31.6295, 'lng': -7.9811, 'fetched_at': '2026-09-20T16:55:30Z', 'api_response': None, 'error': None}
[2026-09-20T16:55:30.376+0000] {logging_mixin.py:188} INFO - Marrakech: nioce
[2026-09-20T16:55:31.004+0000] {logging_mixin.py:188} INFO - Response:<Response [200]>
[2026-09-20T16:55:31.005+0000] {logging_mixin.py:188} INFO - data: {'latitude': 34.0625, 'longitude': -5.0, 'generationtime_ms': 0.25141239166259766, 'utc_offset_seconds': 3600, 'timezone': 'Africa/Casablanca', 'timezone_abbreviation': 'GMT+1', 'elevation': 407.0, 'daily_units': {'time': 'iso8601', 'temperature_2m_max': '°C', 'temperature_2m_min': '°C', 'precipitation_sum': 'mm', 'precipitation_probability_max': '%', 'wind_speed_10m_max': 'km/h', 'wind_gusts_10m_max': 'km/h', 'weather_code': 'wmo code'}, 'daily': {'time': ['2026-09-20', '2026-09-21', '2026-09-22', '2026-09-23', '2026-09-24', '2026-09-25', '2026-09-26'], 'temperature_2m_max': [35.5, 35.4, 34.2, 34.5, 35.7, 35.4, 35.2], 'temperature_2m_min': [21.8, 21.8, 20.4, 19.5, 20.2, 21.2, 21.3], 'precipitation_sum': [0.0, 0.0, 0.0, 0.0, 0.0, 0.0, 0.0], 'precipitation_probability_max': [0, 0, 0, 0, 0, 0, 0], 'wind_speed_10m_max': [14.5, 11.0, 10.0, 10.7, 10.3, 12.5, 12.2], 'wind_gusts_10m_max': [37.4, 29.2, 25.9, 28.1, 27.4, 31.3, 30.6], 'weather_code': [1, 2, 1, 0, 0, 3, 3]}}
[2026-09-20T16:55:31.005+0000] {logging_mixin.py:188} INFO - racord: {'city': 'Fes', 'lat': 34.0333, 'lng': -5.0, 'fetched_at': '2026-09-20T16:55:30Z', 'api_response': None, 'error': None}
[2026-09-20T16:55:31.006+0000] {logging_mixin.py:188} INFO - Fes: nioce
[2026-09-20T16:55:31.632+0000] {logging_mixin.py:188} INFO - Response:<Response [200]>
[2026-09-20T16:55:31.633+0000] {logging_mixin.py:188} INFO - data: {'latitude': 35.75, 'longitude': -5.8125, 'generationtime_ms': 0.28777122497558594, 'utc_offset_seconds': 3600, 'timezone': 'Africa/Casablanca', 'timezone_abbreviation': 'GMT+1', 'elevation': 48.0, 'daily_units': {'time': 'iso8601', 'temperature_2m_max': '°C', 'temperature_2m_min': '°C', 'precipitation_sum': 'mm', 'precipitation_probability_max': '%', 'wind_speed_10m_max': 'km/h', 'wind_gusts_10m_max': 'km/h', 'weather_code': 'wmo code'}, 'daily': {'time': ['2026-09-20', '2026-09-21', '2026-09-22', '2026-09-23', '2026-09-24', '2026-09-25', '2026-09-26'], 'temperature_2m_max': [27.6, 28.3, 29.2, 29.3, 29.2, 28.1, 26.6], 'temperature_2m_min': [23.5, 22.8, 21.2, 21.0, 20.9, 20.4, 21.8], 'precipitation_sum': [0.0, 0.0, 0.0, 0.0, 0.0, 0.0, 0.0], 'precipitation_probability_max': [0, 0, 0, 0, 0, 0, 0], 'wind_speed_10m_max': [33.8, 27.8, 23.5, 21.4, 23.2, 20.1, 31.8], 'wind_gusts_10m_max': [78.8, 63.7, 52.9, 49.0, 53.3, 37.4, 59.4], 'weather_code': [2, 2, 3, 1, 1, 3, 3]}}
[2026-09-20T16:55:31.634+0000] {logging_mixin.py:188} INFO - racord: {'city': 'Tangier', 'lat': 35.7595, 'lng': -5.834, 'fetched_at': '2026-09-20T16:55:31Z', 'api_response': None, 'error': None}
[2026-09-20T16:55:31.634+0000] {logging_mixin.py:188} INFO - Tangier: nioce
[2026-09-20T16:55:32.249+0000] {logging_mixin.py:188} INFO - Response:<Response [200]>
[2026-09-20T16:55:32.250+0000] {logging_mixin.py:188} INFO - data: {'latitude': 30.4375, 'longitude': -9.625, 'generationtime_ms': 0.22673606872558594, 'utc_offset_seconds': 3600, 'timezone': 'Africa/Casablanca', 'timezone_abbreviation': 'GMT+1', 'elevation': 62.0, 'daily_units': {'time': 'iso8601', 'temperature_2m_max': '°C', 'temperature_2m_min': '°C', 'precipitation_sum': 'mm', 'precipitation_probability_max': '%', 'wind_speed_10m_max': 'km/h', 'wind_gusts_10m_max': 'km/h', 'weather_code': 'wmo code'}, 'daily': {'time': ['2026-09-20', '2026-09-21', '2026-09-22', '2026-09-23', '2026-09-24', '2026-09-25', '2026-09-26'], 'temperature_2m_max': [26.0, 32.2, 31.9, 33.1, 30.4, 30.4, 27.3], 'temperature_2m_min': [19.7, 21.3, 24.4, 23.8, 20.4, 19.3, 20.5], 'precipitation_sum': [0.0, 0.0, 0.0, 0.0, 0.0, 0.0, 0.0], 'precipitation_probability_max': [0, 0, 0, 0, 0, 0, 0], 'wind_speed_10m_max': [11.4, 8.4, 16.4, 15.6, 11.3, 10.3, 12.1], 'wind_gusts_10m_max': [27.7, 20.9, 35.3, 29.9, 25.9, 23.8, 29.2], 'weather_code': [45, 3, 1, 2, 1, 45, 45]}}
[2026-09-20T16:55:32.250+0000] {logging_mixin.py:188} INFO - racord: {'city': 'Agadir', 'lat': 30.4278, 'lng': -9.5981, 'fetched_at': '2026-09-20T16:55:31Z', 'api_response': None, 'error': None}
[2026-09-20T16:55:32.251+0000] {logging_mixin.py:188} INFO - Agadir: nioce
[2026-09-20T16:55:32.878+0000] {logging_mixin.py:188} INFO - Response:<Response [200]>
[2026-09-20T16:55:32.879+0000] {logging_mixin.py:188} INFO - data: {'latitude': 33.875, 'longitude': -5.5625, 'generationtime_ms': 0.24712085723876953, 'utc_offset_seconds': 3600, 'timezone': 'Africa/Casablanca', 'timezone_abbreviation': 'GMT+1', 'elevation': 542.0, 'daily_units': {'time': 'iso8601', 'temperature_2m_max': '°C', 'temperature_2m_min': '°C', 'precipitation_sum': 'mm', 'precipitation_probability_max': '%', 'wind_speed_10m_max': 'km/h', 'wind_gusts_10m_max': 'km/h', 'weather_code': 'wmo code'}, 'daily': {'time': ['2026-09-20', '2026-09-21', '2026-09-22', '2026-09-23', '2026-09-24', '2026-09-25', '2026-09-26'], 'temperature_2m_max': [36.0, 35.0, 33.4, 34.0, 34.9, 34.2, 33.5], 'temperature_2m_min': [20.5, 20.9, 18.2, 18.0, 18.2, 18.0, 16.6], 'precipitation_sum': [0.0, 0.0, 0.0, 0.0, 0.0, 0.0, 0.0], 'precipitation_probability_max': [0, 0, 0, 0, 0, 0, 0], 'wind_speed_10m_max': [16.1, 15.5, 14.0, 12.9, 14.1, 17.2, 14.8], 'wind_gusts_10m_max': [40.7, 38.5, 36.4, 34.2, 37.4, 38.2, 34.6], 'weather_code': [2, 2, 1, 3, 0, 2, 3]}}
[2026-09-20T16:55:32.879+0000] {logging_mixin.py:188} INFO - racord: {'city': 'Meknes', 'lat': 33.8833, 'lng': -5.55, 'fetched_at': '2026-09-20T16:55:32Z', 'api_response': None, 'error': None}
[2026-09-20T16:55:32.880+0000] {logging_mixin.py:188} INFO - Meknes: nioce
[2026-09-20T16:55:33.517+0000] {logging_mixin.py:188} INFO - Response:<Response [200]>
[2026-09-20T16:55:33.518+0000] {logging_mixin.py:188} INFO - data: {'latitude': 34.6875, 'longitude': -1.9375, 'generationtime_ms': 0.18107891082763672, 'utc_offset_seconds': 3600, 'timezone': 'Africa/Casablanca', 'timezone_abbreviation': 'GMT+1', 'elevation': 551.0, 'daily_units': {'time': 'iso8601', 'temperature_2m_max': '°C', 'temperature_2m_min': '°C', 'precipitation_sum': 'mm', 'precipitation_probability_max': '%', 'wind_speed_10m_max': 'km/h', 'wind_gusts_10m_max': 'km/h', 'weather_code': 'wmo code'}, 'daily': {'time': ['2026-09-20', '2026-09-21', '2026-09-22', '2026-09-23', '2026-09-24', '2026-09-25', '2026-09-26'], 'temperature_2m_max': [29.3, 28.7, 28.2, 29.8, 30.2, 30.6, 30.9], 'temperature_2m_min': [17.7, 18.4, 13.9, 15.4, 15.0, 13.0, 14.9], 'precipitation_sum': [0.0, 0.0, 0.0, 0.0, 0.0, 0.0, 0.0], 'precipitation_probability_max': [20, 0, 0, 0, 0, 0, 0], 'wind_speed_10m_max': [18.8, 20.2, 18.1, 20.8, 19.4, 20.2, 22.9], 'wind_gusts_10m_max': [38.2, 41.0, 36.7, 41.8, 39.2, 36.7, 40.0], 'weather_code': [45, 45, 45, 0, 0, 3, 1]}}
[2026-09-20T16:55:33.519+0000] {logging_mixin.py:188} INFO - racord: {'city': 'Oujda', 'lat': 34.6867, 'lng': -1.9114, 'fetched_at': '2026-09-20T16:55:33Z', 'api_response': None, 'error': None}
[2026-09-20T16:55:33.519+0000] {logging_mixin.py:188} INFO - Oujda: nioce
[2026-09-20T16:55:34.152+0000] {logging_mixin.py:188} INFO - Response:<Response [200]>
[2026-09-20T16:55:34.153+0000] {logging_mixin.py:188} INFO - data: {'latitude': 34.25, 'longitude': -6.5625, 'generationtime_ms': 0.3058910369873047, 'utc_offset_seconds': 3600, 'timezone': 'Africa/Casablanca', 'timezone_abbreviation': 'GMT+1', 'elevation': 11.0, 'daily_units': {'time': 'iso8601', 'temperature_2m_max': '°C', 'temperature_2m_min': '°C', 'precipitation_sum': 'mm', 'precipitation_probability_max': '%', 'wind_speed_10m_max': 'km/h', 'wind_gusts_10m_max': 'km/h', 'weather_code': 'wmo code'}, 'daily': {'time': ['2026-09-20', '2026-09-21', '2026-09-22', '2026-09-23', '2026-09-24', '2026-09-25', '2026-09-26'], 'temperature_2m_max': [36.8, 33.8, 32.3, 32.1, 32.5, 29.7, 29.3], 'temperature_2m_min': [18.6, 20.1, 19.3, 18.0, 17.4, 18.6, 19.2], 'precipitation_sum': [0.0, 0.0, 0.0, 0.0, 0.0, 0.0, 0.0], 'precipitation_probability_max': [0, 0, 0, 0, 0, 0, 0], 'wind_speed_10m_max': [14.0, 12.0, 11.0, 14.5, 13.9, 12.5, 12.3], 'wind_gusts_10m_max': [34.9, 29.5, 28.4, 36.4, 33.8, 29.2, 28.4], 'weather_code': [45, 2, 2, 45, 0, 3, 45]}}
[2026-09-20T16:55:34.153+0000] {logging_mixin.py:188} INFO - racord: {'city': 'Kenitra', 'lat': 34.261, 'lng': -6.5802, 'fetched_at': '2026-09-20T16:55:33Z', 'api_response': None, 'error': None}
[2026-09-20T16:55:34.153+0000] {logging_mixin.py:188} INFO - Kenitra: nioce
[2026-09-20T16:55:34.773+0000] {logging_mixin.py:188} INFO - Response:<Response [200]>
[2026-09-20T16:55:34.775+0000] {logging_mixin.py:188} INFO - data: {'latitude': 35.5625, 'longitude': -5.375, 'generationtime_ms': 0.18322467803955078, 'utc_offset_seconds': 3600, 'timezone': 'Africa/Casablanca', 'timezone_abbreviation': 'GMT+1', 'elevation': 111.0, 'daily_units': {'time': 'iso8601', 'temperature_2m_max': '°C', 'temperature_2m_min': '°C', 'precipitation_sum': 'mm', 'precipitation_probability_max': '%', 'wind_speed_10m_max': 'km/h', 'wind_gusts_10m_max': 'km/h', 'weather_code': 'wmo code'}, 'daily': {'time': ['2026-09-20', '2026-09-21', '2026-09-22', '2026-09-23', '2026-09-24', '2026-09-25', '2026-09-26'], 'temperature_2m_max': [25.8, 26.0, 26.4, 25.6, 26.8, 26.4, 26.0], 'temperature_2m_min': [22.6, 22.0, 20.3, 19.1, 20.7, 19.7, 20.4], 'precipitation_sum': [0.1, 0.0, 0.0, 0.0, 0.0, 0.0, 0.0], 'precipitation_probability_max': [0, 0, 0, 0, 0, 0, 0], 'wind_speed_10m_max': [31.2, 23.2, 17.0, 17.2, 17.7, 15.2, 20.7], 'wind_gusts_10m_max': [71.3, 51.5, 41.8, 42.8, 45.7, 38.9, 49.3], 'weather_code': [3, 3, 3, 2, 2, 3, 3]}}
[2026-09-20T16:55:34.775+0000] {logging_mixin.py:188} INFO - racord: {'city': 'Tetouan', 'lat': 35.5785, 'lng': -5.3684, 'fetched_at': '2026-09-20T16:55:34Z', 'api_response': None, 'error': None}
[2026-09-20T16:55:34.776+0000] {logging_mixin.py:188} INFO - Tetouan: nioce
[2026-09-20T16:55:35.394+0000] {logging_mixin.py:188} INFO - Response:<Response [200]>
[2026-09-20T16:55:35.395+0000] {logging_mixin.py:188} INFO - data: {'latitude': 32.3125, 'longitude': -9.25, 'generationtime_ms': 0.6276369094848633, 'utc_offset_seconds': 3600, 'timezone': 'Africa/Casablanca', 'timezone_abbreviation': 'GMT+1', 'elevation': 35.0, 'daily_units': {'time': 'iso8601', 'temperature_2m_max': '°C', 'temperature_2m_min': '°C', 'precipitation_sum': 'mm', 'precipitation_probability_max': '%', 'wind_speed_10m_max': 'km/h', 'wind_gusts_10m_max': 'km/h', 'weather_code': 'wmo code'}, 'daily': {'time': ['2026-09-20', '2026-09-21', '2026-09-22', '2026-09-23', '2026-09-24', '2026-09-25', '2026-09-26'], 'temperature_2m_max': [26.9, 27.9, 31.4, 29.4, 27.1, 31.3, 29.7], 'temperature_2m_min': [21.4, 20.0, 19.9, 20.0, 18.9, 19.4, 20.8], 'precipitation_sum': [0.0, 0.0, 0.0, 0.0, 0.0, 0.0, 0.0], 'precipitation_probability_max': [0, 0, 0, 0, 0, 0, 0], 'wind_speed_10m_max': [8.8, 7.6, 15.1, 15.6, 13.4, 20.4, 15.4], 'wind_gusts_10m_max': [18.0, 16.6, 29.9, 30.2, 26.3, 38.5, 30.6], 'weather_code': [2, 3, 0, 1, 0, 3, 45]}}
[2026-09-20T16:55:35.396+0000] {logging_mixin.py:188} INFO - racord: {'city': 'Safi', 'lat': 32.2994, 'lng': -9.2372, 'fetched_at': '2026-09-20T16:55:35Z', 'api_response': None, 'error': None}
[2026-09-20T16:55:35.396+0000] {logging_mixin.py:188} INFO - Safi: nioce
[2026-09-20T16:55:36.037+0000] {logging_mixin.py:188} INFO - Response:<Response [200]>
[2026-09-20T16:55:36.038+0000] {logging_mixin.py:188} INFO - data: {'latitude': 33.1875, 'longitude': -8.5, 'generationtime_ms': 0.17023086547851562, 'utc_offset_seconds': 3600, 'timezone': 'Africa/Casablanca', 'timezone_abbreviation': 'GMT+1', 'elevation': 37.0, 'daily_units': {'time': 'iso8601', 'temperature_2m_max': '°C', 'temperature_2m_min': '°C', 'precipitation_sum': 'mm', 'precipitation_probability_max': '%', 'wind_speed_10m_max': 'km/h', 'wind_gusts_10m_max': 'km/h', 'weather_code': 'wmo code'}, 'daily': {'time': ['2026-09-20', '2026-09-21', '2026-09-22', '2026-09-23', '2026-09-24', '2026-09-25', '2026-09-26'], 'temperature_2m_max': [29.9, 30.7, 29.6, 27.8, 28.3, 27.4, 27.6], 'temperature_2m_min': [20.2, 21.2, 19.4, 20.1, 19.6, 19.9, 20.2], 'precipitation_sum': [0.0, 0.0, 0.0, 0.0, 0.0, 0.0, 0.0], 'precipitation_probability_max': [0, 0, 0, 0, 0, 0, 0], 'wind_speed_10m_max': [14.5, 15.8, 15.9, 15.2, 13.8, 14.4, 13.7], 'wind_gusts_10m_max': [29.2, 31.0, 31.7, 30.2, 28.1, 28.8, 27.7], 'weather_code': [45, 45, 45, 45, 45, 45, 45]}}
[2026-09-20T16:55:36.039+0000] {logging_mixin.py:188} INFO - racord: {'city': 'El Jadida', 'lat': 33.2316, 'lng': -8.5007, 'fetched_at': '2026-09-20T16:55:35Z', 'api_response': None, 'error': None}
[2026-09-20T16:55:36.039+0000] {logging_mixin.py:188} INFO - El Jadida: nioce
[2026-09-20T16:55:36.668+0000] {logging_mixin.py:188} INFO - Response:<Response [200]>
[2026-09-20T16:55:36.669+0000] {logging_mixin.py:188} INFO - data: {'latitude': 32.3125, 'longitude': -6.375, 'generationtime_ms': 0.16963481903076172, 'utc_offset_seconds': 3600, 'timezone': 'Africa/Casablanca', 'timezone_abbreviation': 'GMT+1', 'elevation': 533.0, 'daily_units': {'time': 'iso8601', 'temperature_2m_max': '°C', 'temperature_2m_min': '°C', 'precipitation_sum': 'mm', 'precipitation_probability_max': '%', 'wind_speed_10m_max': 'km/h', 'wind_gusts_10m_max': 'km/h', 'weather_code': 'wmo code'}, 'daily': {'time': ['2026-09-20', '2026-09-21', '2026-09-22', '2026-09-23', '2026-09-24', '2026-09-25', '2026-09-26'], 'temperature_2m_max': [35.2, 35.1, 34.0, 34.6, 35.1, 34.8, 33.7], 'temperature_2m_min': [25.3, 23.7, 22.8, 22.2, 22.7, 22.3, 23.8], 'precipitation_sum': [0.0, 0.0, 0.0, 0.0, 0.0, 0.0, 0.0], 'precipitation_probability_max': [3, 3, 0, 0, 0, 0, 0], 'wind_speed_10m_max': [18.5, 17.2, 16.2, 13.9, 12.1, 17.4, 18.4], 'wind_gusts_10m_max': [42.8, 40.3, 34.6, 28.1, 27.4, 33.1, 35.3], 'weather_code': [3, 3, 2, 0, 0, 3, 3]}}
[2026-09-20T16:55:36.669+0000] {logging_mixin.py:188} INFO - racord: {'city': 'Beni Mellal', 'lat': 32.3373, 'lng': -6.3498, 'fetched_at': '2026-09-20T16:55:36Z', 'api_response': None, 'error': None}
[2026-09-20T16:55:36.670+0000] {logging_mixin.py:188} INFO - Beni Mellal: nioce
[2026-09-20T16:55:37.298+0000] {logging_mixin.py:188} INFO - Response:<Response [200]>
[2026-09-20T16:55:37.299+0000] {logging_mixin.py:188} INFO - data: {'latitude': 35.1875, 'longitude': -2.9375, 'generationtime_ms': 0.1786947250366211, 'utc_offset_seconds': 3600, 'timezone': 'Africa/Casablanca', 'timezone_abbreviation': 'GMT+1', 'elevation': 19.0, 'daily_units': {'time': 'iso8601', 'temperature_2m_max': '°C', 'temperature_2m_min': '°C', 'precipitation_sum': 'mm', 'precipitation_probability_max': '%', 'wind_speed_10m_max': 'km/h', 'wind_gusts_10m_max': 'km/h', 'weather_code': 'wmo code'}, 'daily': {'time': ['2026-09-20', '2026-09-21', '2026-09-22', '2026-09-23', '2026-09-24', '2026-09-25', '2026-09-26'], 'temperature_2m_max': [25.3, 25.7, 25.4, 25.7, 26.3, 26.8, 26.5], 'temperature_2m_min': [23.4, 23.1, 20.5, 19.8, 20.9, 19.6, 18.6], 'precipitation_sum': [4.6, 0.1, 0.0, 0.0, 0.0, 0.0, 0.0], 'precipitation_probability_max': [8, 3, 0, 0, 0, 0, 0], 'wind_speed_10m_max': [22.0, 17.1, 12.7, 13.0, 12.5, 16.3, 19.7], 'wind_gusts_10m_max': [48.2, 37.4, 27.4, 27.7, 28.4, 27.7, 34.2], 'weather_code': [80, 3, 3, 2, 2, 3, 45]}}
[2026-09-20T16:55:37.300+0000] {logging_mixin.py:188} INFO - racord: {'city': 'Nador', 'lat': 35.174, 'lng': -2.9287, 'fetched_at': '2026-09-20T16:55:36Z', 'api_response': None, 'error': None}
[2026-09-20T16:55:37.300+0000] {logging_mixin.py:188} INFO - Nador: nioce
[2026-09-20T16:55:37.916+0000] {logging_mixin.py:188} INFO - Response:<Response [200]>
[2026-09-20T16:55:37.918+0000] {logging_mixin.py:188} INFO - data: {'latitude': 32.875, 'longitude': -6.9375, 'generationtime_ms': 0.1672506332397461, 'utc_offset_seconds': 3600, 'timezone': 'Africa/Casablanca', 'timezone_abbreviation': 'GMT+1', 'elevation': 802.0, 'daily_units': {'time': 'iso8601', 'temperature_2m_max': '°C', 'temperature_2m_min': '°C', 'precipitation_sum': 'mm', 'precipitation_probability_max': '%', 'wind_speed_10m_max': 'km/h', 'wind_gusts_10m_max': 'km/h', 'weather_code': 'wmo code'}, 'daily': {'time': ['2026-09-20', '2026-09-21', '2026-09-22', '2026-09-23', '2026-09-24', '2026-09-25', '2026-09-26'], 'temperature_2m_max': [34.8, 34.9, 34.0, 33.6, 34.4, 32.9, 31.9], 'temperature_2m_min': [22.7, 22.8, 21.6, 20.5, 20.2, 18.6, 17.3], 'precipitation_sum': [0.0, 0.0, 0.0, 0.0, 0.0, 0.0, 0.0], 'precipitation_probability_max': [3, 3, 0, 0, 0, 0, 0], 'wind_speed_10m_max': [24.5, 20.2, 18.9, 19.7, 17.5, 19.8, 20.7], 'wind_gusts_10m_max': [54.7, 45.0, 43.9, 41.4, 38.2, 40.0, 41.8], 'weather_code': [3, 3, 2, 0, 0, 3, 3]}}
[2026-09-20T16:55:37.918+0000] {logging_mixin.py:188} INFO - racord: {'city': 'Khouribga', 'lat': 32.8811, 'lng': -6.9063, 'fetched_at': '2026-09-20T16:55:37Z', 'api_response': None, 'error': None}
[2026-09-20T16:55:37.919+0000] {logging_mixin.py:188} INFO - Khouribga: nioce
[2026-09-20T16:55:38.534+0000] {logging_mixin.py:188} INFO - Response:<Response [200]>
[2026-09-20T16:55:38.535+0000] {logging_mixin.py:188} INFO - data: {'latitude': 34.25, 'longitude': -4.0, 'generationtime_ms': 0.5419254302978516, 'utc_offset_seconds': 3600, 'timezone': 'Africa/Casablanca', 'timezone_abbreviation': 'GMT+1', 'elevation': 532.0, 'daily_units': {'time': 'iso8601', 'temperature_2m_max': '°C', 'temperature_2m_min': '°C', 'precipitation_sum': 'mm', 'precipitation_probability_max': '%', 'wind_speed_10m_max': 'km/h', 'wind_gusts_10m_max': 'km/h', 'weather_code': 'wmo code'}, 'daily': {'time': ['2026-09-20', '2026-09-21', '2026-09-22', '2026-09-23', '2026-09-24', '2026-09-25', '2026-09-26'], 'temperature_2m_max': [29.5, 29.6, 30.2, 30.9, 31.2, 31.8, 32.4], 'temperature_2m_min': [19.8, 19.7, 17.7, 15.9, 18.7, 17.2, 17.5], 'precipitation_sum': [0.0, 0.0, 0.0, 0.0, 0.0, 0.0, 0.0], 'precipitation_probability_max': [0, 0, 0, 0, 0, 0, 0], 'wind_speed_10m_max': [21.5, 20.9, 15.5, 18.0, 18.8, 19.6, 22.2], 'wind_gusts_10m_max': [43.6, 42.1, 32.4, 37.4, 38.5, 35.6, 41.8], 'weather_code': [3, 2, 3, 1, 0, 3, 3]}}
[2026-09-20T16:55:38.536+0000] {logging_mixin.py:188} INFO - racord: {'city': 'Taza', 'lat': 34.21, 'lng': -4.01, 'fetched_at': '2026-09-20T16:55:38Z', 'api_response': None, 'error': None}
[2026-09-20T16:55:38.536+0000] {logging_mixin.py:188} INFO - Taza: nioce
[2026-09-20T16:55:39.161+0000] {logging_mixin.py:188} INFO - Response:<Response [200]>
[2026-09-20T16:55:39.162+0000] {logging_mixin.py:188} INFO - data: {'latitude': 33.0, 'longitude': -7.625, 'generationtime_ms': 1.7429590225219727, 'utc_offset_seconds': 3600, 'timezone': 'Africa/Casablanca', 'timezone_abbreviation': 'GMT+1', 'elevation': 367.0, 'daily_units': {'time': 'iso8601', 'temperature_2m_max': '°C', 'temperature_2m_min': '°C', 'precipitation_sum': 'mm', 'precipitation_probability_max': '%', 'wind_speed_10m_max': 'km/h', 'wind_gusts_10m_max': 'km/h', 'weather_code': 'wmo code'}, 'daily': {'time': ['2026-09-20', '2026-09-21', '2026-09-22', '2026-09-23', '2026-09-24', '2026-09-25', '2026-09-26'], 'temperature_2m_max': [37.1, 38.5, 36.4, 35.9, 35.4, 33.2, 32.2], 'temperature_2m_min': [20.8, 22.3, 20.2, 18.9, 18.8, 18.8, 17.4], 'precipitation_sum': [0.6, 0.0, 0.0, 0.0, 0.0, 0.0, 0.0], 'precipitation_probability_max': [8, 0, 0, 0, 0, 0, 0], 'wind_speed_10m_max': [17.7, 25.5, 19.3, 17.5, 15.5, 18.5, 19.6], 'wind_gusts_10m_max': [38.5, 52.9, 40.0, 41.4, 35.6, 36.4, 38.5], 'weather_code': [3, 3, 1, 0, 0, 3, 45]}}
[2026-09-20T16:55:39.162+0000] {logging_mixin.py:188} INFO - racord: {'city': 'Settat', 'lat': 33.0014, 'lng': -7.6197, 'fetched_at': '2026-09-20T16:55:38Z', 'api_response': None, 'error': None}
[2026-09-20T16:55:39.163+0000] {logging_mixin.py:188} INFO - Settat: nioce
[2026-09-20T16:55:39.787+0000] {logging_mixin.py:188} INFO - Response:<Response [200]>
[2026-09-20T16:55:39.788+0000] {logging_mixin.py:188} INFO - data: {'latitude': 35.1875, 'longitude': -6.125, 'generationtime_ms': 0.47910213470458984, 'utc_offset_seconds': 3600, 'timezone': 'Africa/Casablanca', 'timezone_abbreviation': 'GMT+1', 'elevation': 36.0, 'daily_units': {'time': 'iso8601', 'temperature_2m_max': '°C', 'temperature_2m_min': '°C', 'precipitation_sum': 'mm', 'precipitation_probability_max': '%', 'wind_speed_10m_max': 'km/h', 'wind_gusts_10m_max': 'km/h', 'weather_code': 'wmo code'}, 'daily': {'time': ['2026-09-20', '2026-09-21', '2026-09-22', '2026-09-23', '2026-09-24', '2026-09-25', '2026-09-26'], 'temperature_2m_max': [35.7, 33.1, 31.8, 30.9, 32.2, 30.8, 30.6], 'temperature_2m_min': [23.9, 21.2, 19.9, 17.7, 17.4, 18.4, 17.8], 'precipitation_sum': [0.0, 0.0, 0.0, 0.0, 0.0, 0.0, 0.0], 'precipitation_probability_max': [0, 0, 0, 0, 0, 0, 0], 'wind_speed_10m_max': [18.8, 17.2, 17.2, 14.1, 13.3, 14.4, 14.3], 'wind_gusts_10m_max': [34.6, 31.7, 31.7, 26.3, 25.2, 27.7, 27.7], 'weather_code': [1, 3, 3, 1, 1, 3, 3]}}
[2026-09-20T16:55:39.788+0000] {logging_mixin.py:188} INFO - racord: {'city': 'Larache', 'lat': 35.1932, 'lng': -6.156, 'fetched_at': '2026-09-20T16:55:39Z', 'api_response': None, 'error': None}
[2026-09-20T16:55:39.789+0000] {logging_mixin.py:188} INFO - Larache: nioce
[2026-09-20T16:55:40.419+0000] {logging_mixin.py:188} INFO - Response:<Response [200]>
[2026-09-20T16:55:40.420+0000] {logging_mixin.py:188} INFO - data: {'latitude': 28.998241, 'longitude': -10.011475, 'generationtime_ms': 0.19359588623046875, 'utc_offset_seconds': 3600, 'timezone': 'Africa/Casablanca', 'timezone_abbreviation': 'GMT+1', 'elevation': 302.0, 'daily_units': {'time': 'iso8601', 'temperature_2m_max': '°C', 'temperature_2m_min': '°C', 'precipitation_sum': 'mm', 'precipitation_probability_max': '%', 'wind_speed_10m_max': 'km/h', 'wind_gusts_10m_max': 'km/h', 'weather_code': 'wmo code'}, 'daily': {'time': ['2026-09-20', '2026-09-21', '2026-09-22', '2026-09-23', '2026-09-24', '2026-09-25', '2026-09-26'], 'temperature_2m_max': [38.2, 39.2, 39.2, 39.5, 38.8, 36.8, 29.3], 'temperature_2m_min': [18.1, 23.3, 26.2, 23.7, 19.1, 17.0, 17.7], 'precipitation_sum': [0.0, 0.0, 0.0, 0.0, 0.0, 0.0, 0.0], 'precipitation_probability_max': [0, 2, 2, 2, 0, 0, 0], 'wind_speed_10m_max': [22.1, 18.5, 22.6, 27.7, 17.3, 21.7, 16.7], 'wind_gusts_10m_max': [38.5, 34.2, 37.1, 47.9, 38.9, 38.5, 34.2], 'weather_code': [1, 3, 2, 3, 0, 3, 3]}}
[2026-09-20T16:55:40.420+0000] {logging_mixin.py:188} INFO - racord: {'city': 'Guelmim', 'lat': 28.987, 'lng': -10.0574, 'fetched_at': '2026-09-20T16:55:40Z', 'api_response': None, 'error': None}
[2026-09-20T16:55:40.421+0000] {logging_mixin.py:188} INFO - Guelmim: nioce
[2026-09-20T16:55:41.045+0000] {logging_mixin.py:188} INFO - Response:<Response [200]>
[2026-09-20T16:55:41.046+0000] {logging_mixin.py:188} INFO - data: {'latitude': 23.725834, 'longitude': -15.966187, 'generationtime_ms': 0.14531612396240234, 'utc_offset_seconds': 3600, 'timezone': 'Africa/Casablanca', 'timezone_abbreviation': 'GMT+1', 'elevation': 9.0, 'daily_units': {'time': 'iso8601', 'temperature_2m_max': '°C', 'temperature_2m_min': '°C', 'precipitation_sum': 'mm', 'precipitation_probability_max': '%', 'wind_speed_10m_max': 'km/h', 'wind_gusts_10m_max': 'km/h', 'weather_code': 'wmo code'}, 'daily': {'time': ['2026-09-20', '2026-09-21', '2026-09-22', '2026-09-23', '2026-09-24', '2026-09-25', '2026-09-26'], 'temperature_2m_max': [21.7, 22.6, 22.8, 22.9, 32.8, 27.0, 22.4], 'temperature_2m_min': [19.7, 19.9, 20.4, 20.2, 22.9, 22.5, 21.6], 'precipitation_sum': [0.0, 1.7, 0.9, 0.0, 0.0, 0.0, 0.0], 'precipitation_probability_max': [0, 19, 21, 12, 0, 6, 4], 'wind_speed_10m_max': [29.9, 33.3, 31.8, 30.3, 40.9, 41.1, 25.3], 'wind_gusts_10m_max': [37.4, 38.9, 41.0, 39.2, 49.7, 51.5, 36.0], 'weather_code': [0, 80, 53, 2, 3, 3, 3]}}
[2026-09-20T16:55:41.046+0000] {logging_mixin.py:188} INFO - racord: {'city': 'Dakhla', 'lat': 23.7136, 'lng': -15.9355, 'fetched_at': '2026-09-20T16:55:40Z', 'api_response': None, 'error': None}
[2026-09-20T16:55:41.047+0000] {logging_mixin.py:188} INFO - Dakhla: nioce
[2026-09-20T16:55:41.353+0000] {logging_mixin.py:188} INFO - done. 20/20 succeeded, 0 failed. Saved to: /opt/project/data/bronze/weather_raw.json
[2026-09-20T16:55:41.354+0000] {python.py:237} INFO - Done. Returned value was: /opt/project/data/bronze/weather_raw.json
[2026-09-20T16:55:41.354+0000] {taskinstance.py:441} INFO - ::group::Post task execution logs
[2026-09-20T16:55:41.417+0000] {taskinstance.py:1206} INFO - Marking task as SUCCESS. dag_id=weather_risk_pipeline, task_id=extract_weather, run_id=scheduled__2026-09-19T00:00:00+00:00, execution_date=20260919T000000, start_date=20260920T165528, end_date=20260920T165541
[2026-09-20T16:55:41.470+0000] {local_task_job_runner.py:243} INFO - Task exited with return code 0
[2026-09-20T16:55:41.527+0000] {taskinstance.py:3503} INFO - 1 downstream tasks scheduled from follow-on schedule check
[2026-09-20T16:55:41.529+0000] {local_task_job_runner.py:222} INFO - ::endgroup::
