[2026-09-20T14:15:19.876+0000] {manager.py:470} INFO - Processing files using up to 2 processes at a time 
[2026-09-20T14:15:19.877+0000] {manager.py:471} INFO - Process each file at most once every 30 seconds
[2026-09-20T14:15:19.878+0000] {manager.py:472} INFO - Checking for new files in /opt/airflow/dags every 300 seconds
[2026-09-20T14:15:19.878+0000] {manager.py:737} INFO - Searching for files in /opt/airflow/dags
[2026-09-20T14:15:19.881+0000] {manager.py:740} INFO - There are 1 files in /opt/airflow/dags
[2026-09-20T14:15:20.063+0000] {manager.py:878} INFO - 
================================================================================
DAG File Processing Stats

File Path                                PID  Runtime      # DAGs    # Errors  Last Runtime    Last Run
-------------------------------------  -----  ---------  --------  ----------  --------------  ----------
/opt/airflow/dags/weather_risk_dag.py     52  0.09s             0           0
================================================================================
[2026-09-20T14:15:50.209+0000] {manager.py:878} INFO - 
================================================================================
DAG File Processing Stats

File Path                              PID    Runtime      # DAGs    # Errors  Last Runtime    Last Run
-------------------------------------  -----  ---------  --------  ----------  --------------  -------------------
/opt/airflow/dags/weather_risk_dag.py                           1           0  1.21s           2026-09-20T14:15:21
================================================================================
[2026-09-20T14:16:20.461+0000] {manager.py:878} INFO - 
================================================================================
DAG File Processing Stats

File Path                              PID    Runtime      # DAGs    # Errors  Last Runtime    Last Run
-------------------------------------  -----  ---------  --------  ----------  --------------  -------------------
/opt/airflow/dags/weather_risk_dag.py                           1           0  1.37s           2026-09-20T14:15:52
================================================================================
[2026-09-20T14:16:50.607+0000] {manager.py:878} INFO - 
================================================================================
DAG File Processing Stats

File Path                              PID    Runtime      # DAGs    # Errors  Last Runtime    Last Run
-------------------------------------  -----  ---------  --------  ----------  --------------  -------------------
/opt/airflow/dags/weather_risk_dag.py                           1           0  0.88s           2026-09-20T14:16:23
================================================================================
[2026-09-20T14:17:20.667+0000] {manager.py:878} INFO - 
================================================================================
DAG File Processing Stats

File Path                              PID    Runtime      # DAGs    # Errors  Last Runtime    Last Run
-------------------------------------  -----  ---------  --------  ----------  --------------  -------------------
/opt/airflow/dags/weather_risk_dag.py                           1           0  0.90s           2026-09-20T14:16:54
================================================================================
[2026-09-20T14:17:50.737+0000] {manager.py:878} INFO - 
================================================================================
DAG File Processing Stats

File Path                              PID    Runtime      # DAGs    # Errors  Last Runtime    Last Run
-------------------------------------  -----  ---------  --------  ----------  --------------  -------------------
/opt/airflow/dags/weather_risk_dag.py                           1           0  0.92s           2026-09-20T14:17:25
================================================================================
[2026-09-20T14:18:20.901+0000] {manager.py:878} INFO - 
================================================================================
DAG File Processing Stats

File Path                              PID    Runtime      # DAGs    # Errors  Last Runtime    Last Run
-------------------------------------  -----  ---------  --------  ----------  --------------  -------------------
/opt/airflow/dags/weather_risk_dag.py                           1           0  1.12s           2026-09-20T14:17:56
================================================================================
[2026-09-20T14:18:51.075+0000] {manager.py:878} INFO - 
================================================================================
DAG File Processing Stats

File Path                              PID    Runtime      # DAGs    # Errors  Last Runtime    Last Run
-------------------------------------  -----  ---------  --------  ----------  --------------  -------------------
/opt/airflow/dags/weather_risk_dag.py                           1           0  1.07s           2026-09-20T14:18:28
================================================================================
[2026-09-20T14:19:21.256+0000] {manager.py:878} INFO - 
================================================================================
DAG File Processing Stats

File Path                              PID    Runtime      # DAGs    # Errors  Last Runtime    Last Run
-------------------------------------  -----  ---------  --------  ----------  --------------  -------------------
/opt/airflow/dags/weather_risk_dag.py                           1           0  0.85s           2026-09-20T14:18:58
================================================================================
[2026-09-20T14:19:51.394+0000] {manager.py:878} INFO - 
================================================================================
DAG File Processing Stats

File Path                              PID    Runtime      # DAGs    # Errors  Last Runtime    Last Run
-------------------------------------  -----  ---------  --------  ----------  --------------  -------------------
/opt/airflow/dags/weather_risk_dag.py                           1           0  0.83s           2026-09-20T14:19:29
================================================================================
[2026-09-20T14:20:20.024+0000] {manager.py:737} INFO - Searching for files in /opt/airflow/dags
[2026-09-20T14:20:20.027+0000] {manager.py:740} INFO - There are 1 files in /opt/airflow/dags
[2026-09-20T14:20:21.541+0000] {manager.py:878} INFO - 
================================================================================
DAG File Processing Stats

File Path                              PID    Runtime      # DAGs    # Errors  Last Runtime    Last Run
-------------------------------------  -----  ---------  --------  ----------  --------------  -------------------
/opt/airflow/dags/weather_risk_dag.py                           1           0  0.84s           2026-09-20T14:20:00
================================================================================
[2026-09-20T14:20:51.689+0000] {manager.py:878} INFO - 
================================================================================
DAG File Processing Stats

File Path                              PID    Runtime      # DAGs    # Errors  Last Runtime    Last Run
-------------------------------------  -----  ---------  --------  ----------  --------------  -------------------
/opt/airflow/dags/weather_risk_dag.py                           1           0  0.90s           2026-09-20T14:20:31
================================================================================
[2026-09-20T14:21:22.249+0000] {manager.py:878} INFO - 
================================================================================
DAG File Processing Stats

File Path                              PID    Runtime      # DAGs    # Errors  Last Runtime    Last Run
-------------------------------------  -----  ---------  --------  ----------  --------------  -------------------
/opt/airflow/dags/weather_risk_dag.py                           1           0  1.10s           2026-09-20T14:21:03
================================================================================
[2026-09-20T14:21:52.294+0000] {manager.py:878} INFO - 
================================================================================
DAG File Processing Stats

File Path                              PID    Runtime      # DAGs    # Errors  Last Runtime    Last Run
-------------------------------------  -----  ---------  --------  ----------  --------------  -------------------
/opt/airflow/dags/weather_risk_dag.py                           1           0  0.90s           2026-09-20T14:21:34
================================================================================
[2026-09-20T14:22:22.384+0000] {manager.py:878} INFO - 
================================================================================
DAG File Processing Stats

File Path                              PID    Runtime      # DAGs    # Errors  Last Runtime    Last Run
-------------------------------------  -----  ---------  --------  ----------  --------------  -------------------
/opt/airflow/dags/weather_risk_dag.py                           1           0  0.94s           2026-09-20T14:22:05
================================================================================
[2026-09-20T14:22:52.390+0000] {manager.py:878} INFO - 
================================================================================
DAG File Processing Stats

File Path                              PID    Runtime      # DAGs    # Errors  Last Runtime    Last Run
-------------------------------------  -----  ---------  --------  ----------  --------------  -------------------
/opt/airflow/dags/weather_risk_dag.py                           1           0  0.85s           2026-09-20T14:22:36
================================================================================
[2026-09-20T14:23:22.562+0000] {manager.py:878} INFO - 
================================================================================
DAG File Processing Stats

File Path                              PID    Runtime      # DAGs    # Errors  Last Runtime    Last Run
-------------------------------------  -----  ---------  --------  ----------  --------------  -------------------
/opt/airflow/dags/weather_risk_dag.py                           1           0  1.02s           2026-09-20T14:23:07
================================================================================
[2026-09-20T14:23:52.724+0000] {manager.py:878} INFO - 
================================================================================
DAG File Processing Stats

File Path                              PID    Runtime      # DAGs    # Errors  Last Runtime    Last Run
-------------------------------------  -----  ---------  --------  ----------  --------------  -------------------
/opt/airflow/dags/weather_risk_dag.py                           1           0  1.02s           2026-09-20T14:23:38
================================================================================
[2026-09-20T14:24:22.885+0000] {manager.py:878} INFO - 
================================================================================
DAG File Processing Stats

File Path                              PID    Runtime      # DAGs    # Errors  Last Runtime    Last Run
-------------------------------------  -----  ---------  --------  ----------  --------------  -------------------
/opt/airflow/dags/weather_risk_dag.py                           1           0  1.17s           2026-09-20T14:24:09
================================================================================
[2026-09-20T14:24:52.924+0000] {manager.py:878} INFO - 
================================================================================
DAG File Processing Stats

File Path                              PID    Runtime      # DAGs    # Errors  Last Runtime    Last Run
-------------------------------------  -----  ---------  --------  ----------  --------------  -------------------
/opt/airflow/dags/weather_risk_dag.py                           1           0  0.75s           2026-09-20T14:24:40
================================================================================
[2026-09-20T14:25:20.047+0000] {manager.py:737} INFO - Searching for files in /opt/airflow/dags
[2026-09-20T14:25:20.049+0000] {manager.py:740} INFO - There are 1 files in /opt/airflow/dags
[2026-09-20T14:25:23.086+0000] {manager.py:878} INFO - 
================================================================================
DAG File Processing Stats

File Path                              PID    Runtime      # DAGs    # Errors  Last Runtime    Last Run
-------------------------------------  -----  ---------  --------  ----------  --------------  -------------------
/opt/airflow/dags/weather_risk_dag.py                           1           0  0.99s           2026-09-20T14:25:12
================================================================================
[2026-09-20T14:25:53.244+0000] {manager.py:878} INFO - 
================================================================================
DAG File Processing Stats

File Path                              PID    Runtime      # DAGs    # Errors  Last Runtime    Last Run
-------------------------------------  -----  ---------  --------  ----------  --------------  -------------------
/opt/airflow/dags/weather_risk_dag.py                           1           0  1.01s           2026-09-20T14:25:43
================================================================================
[2026-09-20T14:26:23.428+0000] {manager.py:878} INFO - 
================================================================================
DAG File Processing Stats

File Path                              PID    Runtime      # DAGs    # Errors  Last Runtime    Last Run
-------------------------------------  -----  ---------  --------  ----------  --------------  -------------------
/opt/airflow/dags/weather_risk_dag.py                           1           0  1.02s           2026-09-20T14:26:14
================================================================================
[2026-09-20T14:26:53.766+0000] {manager.py:878} INFO - 
================================================================================
DAG File Processing Stats

File Path                              PID    Runtime      # DAGs    # Errors  Last Runtime    Last Run
-------------------------------------  -----  ---------  --------  ----------  --------------  -------------------
/opt/airflow/dags/weather_risk_dag.py                           1           0  0.85s           2026-09-20T14:26:45
================================================================================
[2026-09-20T14:27:23.832+0000] {manager.py:878} INFO - 
================================================================================
DAG File Processing Stats

File Path                              PID    Runtime      # DAGs    # Errors  Last Runtime    Last Run
-------------------------------------  -----  ---------  --------  ----------  --------------  -------------------
/opt/airflow/dags/weather_risk_dag.py                           1           0  1.26s           2026-09-20T14:27:16
================================================================================
[2026-09-20T14:27:53.964+0000] {manager.py:878} INFO - 
================================================================================
DAG File Processing Stats

File Path                              PID    Runtime      # DAGs    # Errors  Last Runtime    Last Run
-------------------------------------  -----  ---------  --------  ----------  --------------  -------------------
/opt/airflow/dags/weather_risk_dag.py                           1           0  0.99s           2026-09-20T14:27:47
================================================================================
[2026-09-20T14:28:24.088+0000] {manager.py:878} INFO - 
================================================================================
DAG File Processing Stats

File Path                              PID    Runtime      # DAGs    # Errors  Last Runtime    Last Run
-------------------------------------  -----  ---------  --------  ----------  --------------  -------------------
/opt/airflow/dags/weather_risk_dag.py                           1           0  0.98s           2026-09-20T14:28:19
================================================================================
[2026-09-20T14:28:54.183+0000] {manager.py:878} INFO - 
================================================================================
DAG File Processing Stats

File Path                              PID    Runtime      # DAGs    # Errors  Last Runtime    Last Run
-------------------------------------  -----  ---------  --------  ----------  --------------  -------------------
/opt/airflow/dags/weather_risk_dag.py                           1           0  0.94s           2026-09-20T14:28:50
================================================================================
[2026-09-20T14:29:24.329+0000] {manager.py:878} INFO - 
================================================================================
DAG File Processing Stats

File Path                              PID    Runtime      # DAGs    # Errors  Last Runtime    Last Run
-------------------------------------  -----  ---------  --------  ----------  --------------  -------------------
/opt/airflow/dags/weather_risk_dag.py                           1           0  0.85s           2026-09-20T14:29:21
================================================================================
[2026-09-20T14:29:54.479+0000] {manager.py:878} INFO - 
================================================================================
DAG File Processing Stats

File Path                              PID    Runtime      # DAGs    # Errors  Last Runtime    Last Run
-------------------------------------  -----  ---------  --------  ----------  --------------  -------------------
/opt/airflow/dags/weather_risk_dag.py                           1           0  0.84s           2026-09-20T14:29:52
================================================================================
[2026-09-20T14:30:20.179+0000] {manager.py:737} INFO - Searching for files in /opt/airflow/dags
[2026-09-20T14:30:20.181+0000] {manager.py:740} INFO - There are 1 files in /opt/airflow/dags
[2026-09-20T14:30:25.231+0000] {manager.py:878} INFO - 
================================================================================
DAG File Processing Stats

File Path                              PID    Runtime      # DAGs    # Errors  Last Runtime    Last Run
-------------------------------------  -----  ---------  --------  ----------  --------------  -------------------
/opt/airflow/dags/weather_risk_dag.py                           1           0  1.04s           2026-09-20T14:30:23
================================================================================
[2026-09-20T14:30:55.389+0000] {manager.py:878} INFO - 
================================================================================
DAG File Processing Stats

File Path                              PID    Runtime      # DAGs    # Errors  Last Runtime    Last Run
-------------------------------------  -----  ---------  --------  ----------  --------------  -------------------
/opt/airflow/dags/weather_risk_dag.py                           1           0  0.79s           2026-09-20T14:30:54
================================================================================
[2026-09-20T14:31:25.543+0000] {manager.py:878} INFO - 
================================================================================
DAG File Processing Stats

File Path                              PID    Runtime      # DAGs    # Errors  Last Runtime    Last Run
-------------------------------------  -----  ---------  --------  ----------  --------------  -------------------
/opt/airflow/dags/weather_risk_dag.py                           1           0  0.90s           2026-09-20T14:31:25
================================================================================
[2026-09-20T14:31:55.686+0000] {manager.py:878} INFO - 
================================================================================
DAG File Processing Stats

File Path                                PID  Runtime      # DAGs    # Errors  Last Runtime    Last Run
-------------------------------------  -----  ---------  --------  ----------  --------------  -------------------
/opt/airflow/dags/weather_risk_dag.py    146  0.34s             1           0  0.90s           2026-09-20T14:31:25
================================================================================
[2026-09-20T14:32:26.510+0000] {manager.py:878} INFO - 
================================================================================
DAG File Processing Stats

File Path                                PID  Runtime      # DAGs    # Errors  Last Runtime    Last Run
-------------------------------------  -----  ---------  --------  ----------  --------------  -------------------
/opt/airflow/dags/weather_risk_dag.py    149  0.01s             1           0  1.15s           2026-09-20T14:31:56
================================================================================
[2026-09-20T14:32:56.531+0000] {manager.py:878} INFO - 
================================================================================
DAG File Processing Stats

File Path                              PID    Runtime      # DAGs    # Errors  Last Runtime    Last Run
-------------------------------------  -----  ---------  --------  ----------  --------------  -------------------
/opt/airflow/dags/weather_risk_dag.py                           1           0  0.89s           2026-09-20T14:32:27
================================================================================
[2026-09-20T14:33:26.558+0000] {manager.py:878} INFO - 
================================================================================
DAG File Processing Stats

File Path                              PID    Runtime      # DAGs    # Errors  Last Runtime    Last Run
-------------------------------------  -----  ---------  --------  ----------  --------------  -------------------
/opt/airflow/dags/weather_risk_dag.py                           1           0  0.88s           2026-09-20T14:32:58
================================================================================
[2026-09-20T14:33:56.710+0000] {manager.py:878} INFO - 
================================================================================
DAG File Processing Stats

File Path                              PID    Runtime      # DAGs    # Errors  Last Runtime    Last Run
-------------------------------------  -----  ---------  --------  ----------  --------------  -------------------
/opt/airflow/dags/weather_risk_dag.py                           1           0  1.06s           2026-09-20T14:33:29
================================================================================
[2026-09-20T14:34:26.885+0000] {manager.py:878} INFO - 
================================================================================
DAG File Processing Stats

File Path                              PID    Runtime      # DAGs    # Errors  Last Runtime    Last Run
-------------------------------------  -----  ---------  --------  ----------  --------------  -------------------
/opt/airflow/dags/weather_risk_dag.py                           1           0  1.07s           2026-09-20T14:34:00
================================================================================
[2026-09-20T14:34:56.890+0000] {manager.py:878} INFO - 
================================================================================
DAG File Processing Stats

File Path                              PID    Runtime      # DAGs    # Errors  Last Runtime    Last Run
-------------------------------------  -----  ---------  --------  ----------  --------------  -------------------
/opt/airflow/dags/weather_risk_dag.py                           1           0  0.87s           2026-09-20T14:34:31
================================================================================
[2026-09-20T14:35:20.965+0000] {manager.py:737} INFO - Searching for files in /opt/airflow/dags
[2026-09-20T14:35:20.968+0000] {manager.py:740} INFO - There are 1 files in /opt/airflow/dags
[2026-09-20T14:35:27.014+0000] {manager.py:878} INFO - 
================================================================================
DAG File Processing Stats

File Path                              PID    Runtime      # DAGs    # Errors  Last Runtime    Last Run
-------------------------------------  -----  ---------  --------  ----------  --------------  -------------------
/opt/airflow/dags/weather_risk_dag.py                           1           0  0.95s           2026-09-20T14:35:02
================================================================================
[2026-09-20T14:35:57.313+0000] {manager.py:878} INFO - 
================================================================================
DAG File Processing Stats

File Path                              PID    Runtime      # DAGs    # Errors  Last Runtime    Last Run
-------------------------------------  -----  ---------  --------  ----------  --------------  -------------------
/opt/airflow/dags/weather_risk_dag.py                           1           0  0.78s           2026-09-20T14:35:33
================================================================================
[2026-09-20T14:36:27.459+0000] {manager.py:878} INFO - 
================================================================================
DAG File Processing Stats

File Path                              PID    Runtime      # DAGs    # Errors  Last Runtime    Last Run
-------------------------------------  -----  ---------  --------  ----------  --------------  -------------------
/opt/airflow/dags/weather_risk_dag.py                           1           0  0.98s           2026-09-20T14:36:04
================================================================================
[2026-09-20T14:37:33.408+0000] {manager.py:470} INFO - Processing files using up to 2 processes at a time 
[2026-09-20T14:37:33.410+0000] {manager.py:471} INFO - Process each file at most once every 30 seconds
[2026-09-20T14:37:33.411+0000] {manager.py:472} INFO - Checking for new files in /opt/airflow/dags every 300 seconds
[2026-09-20T14:37:33.414+0000] {manager.py:737} INFO - Searching for files in /opt/airflow/dags
[2026-09-20T14:37:33.417+0000] {manager.py:740} INFO - There are 1 files in /opt/airflow/dags
[2026-09-20T14:37:33.867+0000] {manager.py:878} INFO - 
================================================================================
DAG File Processing Stats

File Path                                PID  Runtime      # DAGs    # Errors  Last Runtime    Last Run
-------------------------------------  -----  ---------  --------  ----------  --------------  ----------
/opt/airflow/dags/weather_risk_dag.py     52  0.24s             0           0
================================================================================
[2026-09-20T14:38:04.038+0000] {manager.py:878} INFO - 
================================================================================
DAG File Processing Stats

File Path                              PID    Runtime      # DAGs    # Errors  Last Runtime    Last Run
-------------------------------------  -----  ---------  --------  ----------  --------------  -------------------
/opt/airflow/dags/weather_risk_dag.py                           1           0  1.79s           2026-09-20T14:37:35
================================================================================
[2026-09-20T14:38:34.697+0000] {manager.py:878} INFO - 
================================================================================
DAG File Processing Stats

File Path                              PID    Runtime      # DAGs    # Errors  Last Runtime    Last Run
-------------------------------------  -----  ---------  --------  ----------  --------------  -------------------
/opt/airflow/dags/weather_risk_dag.py                           1           0  1.32s           2026-09-20T14:38:06
================================================================================
[2026-09-20T14:39:04.832+0000] {manager.py:878} INFO - 
================================================================================
DAG File Processing Stats

File Path                              PID    Runtime      # DAGs    # Errors  Last Runtime    Last Run
-------------------------------------  -----  ---------  --------  ----------  --------------  -------------------
/opt/airflow/dags/weather_risk_dag.py                           1           0  0.82s           2026-09-20T14:38:37
================================================================================
[2026-09-20T14:39:35.082+0000] {manager.py:878} INFO - 
================================================================================
DAG File Processing Stats

File Path                              PID    Runtime      # DAGs    # Errors  Last Runtime    Last Run
-------------------------------------  -----  ---------  --------  ----------  --------------  -------------------
/opt/airflow/dags/weather_risk_dag.py                           1           0  0.78s           2026-09-20T14:39:08
================================================================================
[2026-09-20T14:40:05.221+0000] {manager.py:878} INFO - 
================================================================================
DAG File Processing Stats

File Path                              PID    Runtime      # DAGs    # Errors  Last Runtime    Last Run
-------------------------------------  -----  ---------  --------  ----------  --------------  -------------------
/opt/airflow/dags/weather_risk_dag.py                           1           0  0.76s           2026-09-20T14:39:39
================================================================================
[2026-09-20T14:40:35.779+0000] {manager.py:878} INFO - 
================================================================================
DAG File Processing Stats

File Path                              PID    Runtime      # DAGs    # Errors  Last Runtime    Last Run
-------------------------------------  -----  ---------  --------  ----------  --------------  -------------------
/opt/airflow/dags/weather_risk_dag.py                           1           0  1.05s           2026-09-20T14:40:10
================================================================================
[2026-09-20T14:41:05.929+0000] {manager.py:878} INFO - 
================================================================================
DAG File Processing Stats

File Path                              PID    Runtime      # DAGs    # Errors  Last Runtime    Last Run
-------------------------------------  -----  ---------  --------  ----------  --------------  -------------------
/opt/airflow/dags/weather_risk_dag.py                           1           0  0.73s           2026-09-20T14:40:41
================================================================================
[2026-09-20T14:41:36.071+0000] {manager.py:878} INFO - 
================================================================================
DAG File Processing Stats

File Path                              PID    Runtime      # DAGs    # Errors  Last Runtime    Last Run
-------------------------------------  -----  ---------  --------  ----------  --------------  -------------------
/opt/airflow/dags/weather_risk_dag.py                           1           0  0.76s           2026-09-20T14:41:12
================================================================================
[2026-09-20T14:42:06.204+0000] {manager.py:878} INFO - 
================================================================================
DAG File Processing Stats

File Path                              PID    Runtime      # DAGs    # Errors  Last Runtime    Last Run
-------------------------------------  -----  ---------  --------  ----------  --------------  -------------------
/opt/airflow/dags/weather_risk_dag.py                           1           0  0.74s           2026-09-20T14:41:43
================================================================================
[2026-09-20T14:42:33.516+0000] {manager.py:737} INFO - Searching for files in /opt/airflow/dags
[2026-09-20T14:42:33.518+0000] {manager.py:740} INFO - There are 1 files in /opt/airflow/dags
[2026-09-20T14:42:36.296+0000] {manager.py:878} INFO - 
================================================================================
DAG File Processing Stats

File Path                              PID    Runtime      # DAGs    # Errors  Last Runtime    Last Run
-------------------------------------  -----  ---------  --------  ----------  --------------  -------------------
/opt/airflow/dags/weather_risk_dag.py                           1           0  0.76s           2026-09-20T14:42:14
================================================================================
[2026-09-20T14:43:06.313+0000] {manager.py:878} INFO - 
================================================================================
DAG File Processing Stats

File Path                              PID    Runtime      # DAGs    # Errors  Last Runtime    Last Run
-------------------------------------  -----  ---------  --------  ----------  --------------  -------------------
/opt/airflow/dags/weather_risk_dag.py                           1           0  0.88s           2026-09-20T14:42:45
================================================================================
[2026-09-20T14:43:36.483+0000] {manager.py:878} INFO - 
================================================================================
DAG File Processing Stats

File Path                              PID    Runtime      # DAGs    # Errors  Last Runtime    Last Run
-------------------------------------  -----  ---------  --------  ----------  --------------  -------------------
/opt/airflow/dags/weather_risk_dag.py                           1           0  1.07s           2026-09-20T14:43:16
================================================================================
[2026-09-20T14:44:06.522+0000] {manager.py:878} INFO - 
================================================================================
DAG File Processing Stats

File Path                              PID    Runtime      # DAGs    # Errors  Last Runtime    Last Run
-------------------------------------  -----  ---------  --------  ----------  --------------  -------------------
/opt/airflow/dags/weather_risk_dag.py                           1           0  0.90s           2026-09-20T14:43:47
================================================================================
[2026-09-20T14:44:36.535+0000] {manager.py:878} INFO - 
================================================================================
DAG File Processing Stats

File Path                              PID    Runtime      # DAGs    # Errors  Last Runtime    Last Run
-------------------------------------  -----  ---------  --------  ----------  --------------  -------------------
/opt/airflow/dags/weather_risk_dag.py                           1           0  0.86s           2026-09-20T14:44:18
================================================================================
[2026-09-20T14:45:06.597+0000] {manager.py:878} INFO - 
================================================================================
DAG File Processing Stats

File Path                              PID    Runtime      # DAGs    # Errors  Last Runtime    Last Run
-------------------------------------  -----  ---------  --------  ----------  --------------  -------------------
/opt/airflow/dags/weather_risk_dag.py                           1           0  0.92s           2026-09-20T14:44:49
================================================================================
[2026-09-20T14:45:37.086+0000] {manager.py:878} INFO - 
================================================================================
DAG File Processing Stats

File Path                              PID    Runtime      # DAGs    # Errors  Last Runtime    Last Run
-------------------------------------  -----  ---------  --------  ----------  --------------  -------------------
/opt/airflow/dags/weather_risk_dag.py                           1           0  0.71s           2026-09-20T14:45:20
================================================================================
[2026-09-20T14:46:07.231+0000] {manager.py:878} INFO - 
================================================================================
DAG File Processing Stats

File Path                              PID    Runtime      # DAGs    # Errors  Last Runtime    Last Run
-------------------------------------  -----  ---------  --------  ----------  --------------  -------------------
/opt/airflow/dags/weather_risk_dag.py                           1           0  0.68s           2026-09-20T14:45:51
================================================================================
[2026-09-20T14:46:37.254+0000] {manager.py:878} INFO - 
================================================================================
DAG File Processing Stats

File Path                              PID    Runtime      # DAGs    # Errors  Last Runtime    Last Run
-------------------------------------  -----  ---------  --------  ----------  --------------  -------------------
/opt/airflow/dags/weather_risk_dag.py                           1           0  0.87s           2026-09-20T14:46:22
================================================================================
[2026-09-20T14:47:07.520+0000] {manager.py:878} INFO - 
================================================================================
DAG File Processing Stats

File Path                              PID    Runtime      # DAGs    # Errors  Last Runtime    Last Run
-------------------------------------  -----  ---------  --------  ----------  --------------  -------------------
/opt/airflow/dags/weather_risk_dag.py                           1           0  0.69s           2026-09-20T14:46:53
================================================================================
[2026-09-20T14:47:33.635+0000] {manager.py:737} INFO - Searching for files in /opt/airflow/dags
[2026-09-20T14:47:33.637+0000] {manager.py:740} INFO - There are 1 files in /opt/airflow/dags
[2026-09-20T14:47:37.671+0000] {manager.py:878} INFO - 
================================================================================
DAG File Processing Stats

File Path                              PID    Runtime      # DAGs    # Errors  Last Runtime    Last Run
-------------------------------------  -----  ---------  --------  ----------  --------------  -------------------
/opt/airflow/dags/weather_risk_dag.py                           1           0  0.71s           2026-09-20T14:47:23
================================================================================
[2026-09-20T14:48:07.754+0000] {manager.py:878} INFO - 
================================================================================
DAG File Processing Stats

File Path                              PID    Runtime      # DAGs    # Errors  Last Runtime    Last Run
-------------------------------------  -----  ---------  --------  ----------  --------------  -------------------
/opt/airflow/dags/weather_risk_dag.py                           1           0  0.68s           2026-09-20T14:47:54
================================================================================
[2026-09-20T14:48:38.212+0000] {manager.py:878} INFO - 
================================================================================
DAG File Processing Stats

File Path                              PID    Runtime      # DAGs    # Errors  Last Runtime    Last Run
-------------------------------------  -----  ---------  --------  ----------  --------------  -------------------
/opt/airflow/dags/weather_risk_dag.py                           1           0  0.71s           2026-09-20T14:48:25
================================================================================
[2026-09-20T14:49:08.362+0000] {manager.py:878} INFO - 
================================================================================
DAG File Processing Stats

File Path                              PID    Runtime      # DAGs    # Errors  Last Runtime    Last Run
-------------------------------------  -----  ---------  --------  ----------  --------------  -------------------
/opt/airflow/dags/weather_risk_dag.py                           1           0  0.70s           2026-09-20T14:48:56
================================================================================
[2026-09-20T14:49:38.380+0000] {manager.py:878} INFO - 
================================================================================
DAG File Processing Stats

File Path                              PID    Runtime      # DAGs    # Errors  Last Runtime    Last Run
-------------------------------------  -----  ---------  --------  ----------  --------------  -------------------
/opt/airflow/dags/weather_risk_dag.py                           1           0  0.88s           2026-09-20T14:49:27
================================================================================
[2026-09-20T14:50:08.695+0000] {manager.py:878} INFO - 
================================================================================
DAG File Processing Stats

File Path                              PID    Runtime      # DAGs    # Errors  Last Runtime    Last Run
-------------------------------------  -----  ---------  --------  ----------  --------------  -------------------
/opt/airflow/dags/weather_risk_dag.py                           1           0  0.69s           2026-09-20T14:49:58
================================================================================
[2026-09-20T14:50:38.840+0000] {manager.py:878} INFO - 
================================================================================
DAG File Processing Stats

File Path                              PID    Runtime      # DAGs    # Errors  Last Runtime    Last Run
-------------------------------------  -----  ---------  --------  ----------  --------------  -------------------
/opt/airflow/dags/weather_risk_dag.py                           1           0  0.78s           2026-09-20T14:50:29
================================================================================
[2026-09-20T14:51:08.940+0000] {manager.py:878} INFO - 
================================================================================
DAG File Processing Stats

File Path                              PID    Runtime      # DAGs    # Errors  Last Runtime    Last Run
-------------------------------------  -----  ---------  --------  ----------  --------------  -------------------
/opt/airflow/dags/weather_risk_dag.py                           1           0  0.69s           2026-09-20T14:50:59
================================================================================
[2026-09-20T14:51:39.404+0000] {manager.py:878} INFO - 
================================================================================
DAG File Processing Stats

File Path                              PID    Runtime      # DAGs    # Errors  Last Runtime    Last Run
-------------------------------------  -----  ---------  --------  ----------  --------------  -------------------
/opt/airflow/dags/weather_risk_dag.py                           1           0  0.74s           2026-09-20T14:51:30
================================================================================
[2026-09-20T14:52:09.542+0000] {manager.py:878} INFO - 
================================================================================
DAG File Processing Stats

File Path                              PID    Runtime      # DAGs    # Errors  Last Runtime    Last Run
-------------------------------------  -----  ---------  --------  ----------  --------------  -------------------
/opt/airflow/dags/weather_risk_dag.py                           1           0  0.70s           2026-09-20T14:52:01
================================================================================
[2026-09-20T14:52:33.750+0000] {manager.py:737} INFO - Searching for files in /opt/airflow/dags
[2026-09-20T14:52:33.752+0000] {manager.py:740} INFO - There are 1 files in /opt/airflow/dags
[2026-09-20T14:52:39.578+0000] {manager.py:878} INFO - 
================================================================================
DAG File Processing Stats

File Path                              PID    Runtime      # DAGs    # Errors  Last Runtime    Last Run
-------------------------------------  -----  ---------  --------  ----------  --------------  -------------------
/opt/airflow/dags/weather_risk_dag.py                           1           0  0.89s           2026-09-20T14:52:32
================================================================================
[2026-09-20T14:53:09.926+0000] {manager.py:878} INFO - 
================================================================================
DAG File Processing Stats

File Path                              PID    Runtime      # DAGs    # Errors  Last Runtime    Last Run
-------------------------------------  -----  ---------  --------  ----------  --------------  -------------------
/opt/airflow/dags/weather_risk_dag.py                           1           0  0.69s           2026-09-20T14:53:03
================================================================================
[2026-09-20T14:53:40.072+0000] {manager.py:878} INFO - 
================================================================================
DAG File Processing Stats

File Path                              PID    Runtime      # DAGs    # Errors  Last Runtime    Last Run
-------------------------------------  -----  ---------  --------  ----------  --------------  -------------------
/opt/airflow/dags/weather_risk_dag.py                           1           0  0.69s           2026-09-20T14:53:34
================================================================================
[2026-09-20T14:54:10.365+0000] {manager.py:878} INFO - 
================================================================================
DAG File Processing Stats

File Path                              PID    Runtime      # DAGs    # Errors  Last Runtime    Last Run
-------------------------------------  -----  ---------  --------  ----------  --------------  -------------------
/opt/airflow/dags/weather_risk_dag.py                           1           0  0.70s           2026-09-20T14:54:05
================================================================================
[2026-09-20T14:54:40.509+0000] {manager.py:878} INFO - 
================================================================================
DAG File Processing Stats

File Path                              PID    Runtime      # DAGs    # Errors  Last Runtime    Last Run
-------------------------------------  -----  ---------  --------  ----------  --------------  -------------------
/opt/airflow/dags/weather_risk_dag.py                           1           0  0.72s           2026-09-20T14:54:35
================================================================================
[2026-09-20T14:55:10.655+0000] {manager.py:878} INFO - 
================================================================================
DAG File Processing Stats

File Path                              PID    Runtime      # DAGs    # Errors  Last Runtime    Last Run
-------------------------------------  -----  ---------  --------  ----------  --------------  -------------------
/opt/airflow/dags/weather_risk_dag.py                           1           0  0.69s           2026-09-20T14:55:06
================================================================================
[2026-09-20T14:55:40.681+0000] {manager.py:878} INFO - 
================================================================================
DAG File Processing Stats

File Path                              PID    Runtime      # DAGs    # Errors  Last Runtime    Last Run
-------------------------------------  -----  ---------  --------  ----------  --------------  -------------------
/opt/airflow/dags/weather_risk_dag.py                           1           0  0.87s           2026-09-20T14:55:37
================================================================================
[2026-09-20T14:56:10.719+0000] {manager.py:878} INFO - 
================================================================================
DAG File Processing Stats

File Path                              PID    Runtime      # DAGs    # Errors  Last Runtime    Last Run
-------------------------------------  -----  ---------  --------  ----------  --------------  -------------------
/opt/airflow/dags/weather_risk_dag.py                           1           0  0.89s           2026-09-20T14:56:08
================================================================================
[2026-09-20T14:56:41.129+0000] {manager.py:878} INFO - 
================================================================================
DAG File Processing Stats

File Path                              PID    Runtime      # DAGs    # Errors  Last Runtime    Last Run
-------------------------------------  -----  ---------  --------  ----------  --------------  -------------------
/opt/airflow/dags/weather_risk_dag.py                           1           0  0.68s           2026-09-20T14:56:39
================================================================================
[2026-09-20T14:57:11.272+0000] {manager.py:878} INFO - 
================================================================================
DAG File Processing Stats

File Path                              PID    Runtime      # DAGs    # Errors  Last Runtime    Last Run
-------------------------------------  -----  ---------  --------  ----------  --------------  -------------------
/opt/airflow/dags/weather_risk_dag.py                           1           0  0.71s           2026-09-20T14:57:10
================================================================================
[2026-09-20T14:57:34.384+0000] {manager.py:737} INFO - Searching for files in /opt/airflow/dags
[2026-09-20T14:57:34.385+0000] {manager.py:740} INFO - There are 1 files in /opt/airflow/dags
[2026-09-20T14:57:41.510+0000] {manager.py:878} INFO - 
================================================================================
DAG File Processing Stats

File Path                              PID    Runtime      # DAGs    # Errors  Last Runtime    Last Run
-------------------------------------  -----  ---------  --------  ----------  --------------  -------------------
/opt/airflow/dags/weather_risk_dag.py                           1           0  0.68s           2026-09-20T14:57:41
================================================================================
[2026-09-20T14:58:11.644+0000] {manager.py:878} INFO - 
================================================================================
DAG File Processing Stats

File Path                                PID  Runtime      # DAGs    # Errors  Last Runtime    Last Run
-------------------------------------  -----  ---------  --------  ----------  --------------  -------------------
/opt/airflow/dags/weather_risk_dag.py    177  0.39s             1           0  0.68s           2026-09-20T14:57:41
================================================================================
[2026-09-20T14:58:41.783+0000] {manager.py:878} INFO - 
================================================================================
DAG File Processing Stats

File Path                              PID    Runtime      # DAGs    # Errors  Last Runtime    Last Run
-------------------------------------  -----  ---------  --------  ----------  --------------  -------------------
/opt/airflow/dags/weather_risk_dag.py                           1           0  0.70s           2026-09-20T14:58:11
================================================================================
[2026-09-20T14:59:11.935+0000] {manager.py:878} INFO - 
================================================================================
DAG File Processing Stats

File Path                              PID    Runtime      # DAGs    # Errors  Last Runtime    Last Run
-------------------------------------  -----  ---------  --------  ----------  --------------  -------------------
/opt/airflow/dags/weather_risk_dag.py                           1           0  0.88s           2026-09-20T14:58:42
================================================================================
[2026-09-20T14:59:42.239+0000] {manager.py:878} INFO - 
================================================================================
DAG File Processing Stats

File Path                              PID    Runtime      # DAGs    # Errors  Last Runtime    Last Run
-------------------------------------  -----  ---------  --------  ----------  --------------  -------------------
/opt/airflow/dags/weather_risk_dag.py                           1           0  0.70s           2026-09-20T14:59:13
================================================================================
[2026-09-20T15:00:12.378+0000] {manager.py:878} INFO - 
================================================================================
DAG File Processing Stats

File Path                              PID    Runtime      # DAGs    # Errors  Last Runtime    Last Run
-------------------------------------  -----  ---------  --------  ----------  --------------  -------------------
/opt/airflow/dags/weather_risk_dag.py                           1           0  0.70s           2026-09-20T14:59:44
================================================================================
[2026-09-20T15:00:42.527+0000] {manager.py:878} INFO - 
================================================================================
DAG File Processing Stats

File Path                              PID    Runtime      # DAGs    # Errors  Last Runtime    Last Run
-------------------------------------  -----  ---------  --------  ----------  --------------  -------------------
/opt/airflow/dags/weather_risk_dag.py                           1           0  0.69s           2026-09-20T15:00:15
================================================================================
[2026-09-20T15:01:12.719+0000] {manager.py:878} INFO - 
================================================================================
DAG File Processing Stats

File Path                              PID    Runtime      # DAGs    # Errors  Last Runtime    Last Run
-------------------------------------  -----  ---------  --------  ----------  --------------  -------------------
/opt/airflow/dags/weather_risk_dag.py                           1           0  0.68s           2026-09-20T15:00:46
================================================================================
[2026-09-20T15:01:42.863+0000] {manager.py:878} INFO - 
================================================================================
DAG File Processing Stats

File Path                              PID    Runtime      # DAGs    # Errors  Last Runtime    Last Run
-------------------------------------  -----  ---------  --------  ----------  --------------  -------------------
/opt/airflow/dags/weather_risk_dag.py                           1           0  0.89s           2026-09-20T15:01:17
================================================================================
[2026-09-20T15:02:13.007+0000] {manager.py:878} INFO - 
================================================================================
DAG File Processing Stats

File Path                              PID    Runtime      # DAGs    # Errors  Last Runtime    Last Run
-------------------------------------  -----  ---------  --------  ----------  --------------  -------------------
/opt/airflow/dags/weather_risk_dag.py                           1           0  0.87s           2026-09-20T15:01:48
================================================================================
[2026-09-20T15:02:35.108+0000] {manager.py:737} INFO - Searching for files in /opt/airflow/dags
[2026-09-20T15:02:35.110+0000] {manager.py:740} INFO - There are 1 files in /opt/airflow/dags
[2026-09-20T15:02:43.159+0000] {manager.py:878} INFO - 
================================================================================
DAG File Processing Stats

File Path                              PID    Runtime      # DAGs    # Errors  Last Runtime    Last Run
-------------------------------------  -----  ---------  --------  ----------  --------------  -------------------
/opt/airflow/dags/weather_risk_dag.py                           1           0  0.69s           2026-09-20T15:02:19
================================================================================
[2026-09-20T15:03:13.341+0000] {manager.py:878} INFO - 
================================================================================
DAG File Processing Stats

File Path                              PID    Runtime      # DAGs    # Errors  Last Runtime    Last Run
-------------------------------------  -----  ---------  --------  ----------  --------------  -------------------
/opt/airflow/dags/weather_risk_dag.py                           1           0  0.71s           2026-09-20T15:02:49
================================================================================
[2026-09-20T15:03:43.485+0000] {manager.py:878} INFO - 
================================================================================
DAG File Processing Stats

File Path                              PID    Runtime      # DAGs    # Errors  Last Runtime    Last Run
-------------------------------------  -----  ---------  --------  ----------  --------------  -------------------
/opt/airflow/dags/weather_risk_dag.py                           1           0  0.67s           2026-09-20T15:03:20
================================================================================
[2026-09-20T15:04:13.632+0000] {manager.py:878} INFO - 
================================================================================
DAG File Processing Stats

File Path                              PID    Runtime      # DAGs    # Errors  Last Runtime    Last Run
-------------------------------------  -----  ---------  --------  ----------  --------------  -------------------
/opt/airflow/dags/weather_risk_dag.py                           1           0  0.68s           2026-09-20T15:03:51
================================================================================
[2026-09-20T15:04:43.649+0000] {manager.py:878} INFO - 
================================================================================
DAG File Processing Stats

File Path                              PID    Runtime      # DAGs    # Errors  Last Runtime    Last Run
-------------------------------------  -----  ---------  --------  ----------  --------------  -------------------
/opt/airflow/dags/weather_risk_dag.py                           1           0  0.87s           2026-09-20T15:04:22
================================================================================
[2026-09-20T15:05:13.655+0000] {manager.py:878} INFO - 
================================================================================
DAG File Processing Stats

File Path                              PID    Runtime      # DAGs    # Errors  Last Runtime    Last Run
-------------------------------------  -----  ---------  --------  ----------  --------------  -------------------
/opt/airflow/dags/weather_risk_dag.py                           1           0  0.87s           2026-09-20T15:04:53
================================================================================
[2026-09-20T15:05:44.051+0000] {manager.py:878} INFO - 
================================================================================
DAG File Processing Stats

File Path                              PID    Runtime      # DAGs    # Errors  Last Runtime    Last Run
-------------------------------------  -----  ---------  --------  ----------  --------------  -------------------
/opt/airflow/dags/weather_risk_dag.py                           1           0  0.69s           2026-09-20T15:05:24
================================================================================
[2026-09-20T15:06:14.188+0000] {manager.py:878} INFO - 
================================================================================
DAG File Processing Stats

File Path                              PID    Runtime      # DAGs    # Errors  Last Runtime    Last Run
-------------------------------------  -----  ---------  --------  ----------  --------------  -------------------
/opt/airflow/dags/weather_risk_dag.py                           1           0  0.70s           2026-09-20T15:05:55
================================================================================
[2026-09-20T15:06:44.443+0000] {manager.py:878} INFO - 
================================================================================
DAG File Processing Stats

File Path                              PID    Runtime      # DAGs    # Errors  Last Runtime    Last Run
-------------------------------------  -----  ---------  --------  ----------  --------------  -------------------
/opt/airflow/dags/weather_risk_dag.py                           1           0  0.68s           2026-09-20T15:06:25
================================================================================
[2026-09-20T15:07:14.587+0000] {manager.py:878} INFO - 
================================================================================
DAG File Processing Stats

File Path                              PID    Runtime      # DAGs    # Errors  Last Runtime    Last Run
-------------------------------------  -----  ---------  --------  ----------  --------------  -------------------
/opt/airflow/dags/weather_risk_dag.py                           1           0  0.72s           2026-09-20T15:06:56
================================================================================
[2026-09-20T15:07:35.700+0000] {manager.py:737} INFO - Searching for files in /opt/airflow/dags
[2026-09-20T15:07:35.702+0000] {manager.py:740} INFO - There are 1 files in /opt/airflow/dags
[2026-09-20T15:07:44.762+0000] {manager.py:878} INFO - 
================================================================================
DAG File Processing Stats

File Path                              PID    Runtime      # DAGs    # Errors  Last Runtime    Last Run
-------------------------------------  -----  ---------  --------  ----------  --------------  -------------------
/opt/airflow/dags/weather_risk_dag.py                           1           0  0.89s           2026-09-20T15:07:27
================================================================================
[2026-09-20T15:08:14.791+0000] {manager.py:878} INFO - 
================================================================================
DAG File Processing Stats

File Path                              PID    Runtime      # DAGs    # Errors  Last Runtime    Last Run
-------------------------------------  -----  ---------  --------  ----------  --------------  -------------------
/opt/airflow/dags/weather_risk_dag.py                           1           0  0.89s           2026-09-20T15:07:58
================================================================================
[2026-09-20T15:08:45.141+0000] {manager.py:878} INFO - 
================================================================================
DAG File Processing Stats

File Path                              PID    Runtime      # DAGs    # Errors  Last Runtime    Last Run
-------------------------------------  -----  ---------  --------  ----------  --------------  -------------------
/opt/airflow/dags/weather_risk_dag.py                           1           0  0.70s           2026-09-20T15:08:29
================================================================================
[2026-09-20T15:09:15.285+0000] {manager.py:878} INFO - 
================================================================================
DAG File Processing Stats

File Path                              PID    Runtime      # DAGs    # Errors  Last Runtime    Last Run
-------------------------------------  -----  ---------  --------  ----------  --------------  -------------------
/opt/airflow/dags/weather_risk_dag.py                           1           0  0.69s           2026-09-20T15:09:00
================================================================================
[2026-09-20T15:09:45.294+0000] {manager.py:878} INFO - 
================================================================================
DAG File Processing Stats

File Path                              PID    Runtime      # DAGs    # Errors  Last Runtime    Last Run
-------------------------------------  -----  ---------  --------  ----------  --------------  -------------------
/opt/airflow/dags/weather_risk_dag.py                           1           0  0.71s           2026-09-20T15:09:31
================================================================================
[2026-09-20T15:10:15.731+0000] {manager.py:878} INFO - 
================================================================================
DAG File Processing Stats

File Path                              PID    Runtime      # DAGs    # Errors  Last Runtime    Last Run
-------------------------------------  -----  ---------  --------  ----------  --------------  -------------------
/opt/airflow/dags/weather_risk_dag.py                           1           0  0.68s           2026-09-20T15:10:02
================================================================================
[2026-09-20T15:10:45.876+0000] {manager.py:878} INFO - 
================================================================================
DAG File Processing Stats

File Path                              PID    Runtime      # DAGs    # Errors  Last Runtime    Last Run
-------------------------------------  -----  ---------  --------  ----------  --------------  -------------------
/opt/airflow/dags/weather_risk_dag.py                           1           0  0.88s           2026-09-20T15:10:33
================================================================================
[2026-09-20T15:11:16.021+0000] {manager.py:878} INFO - 
================================================================================
DAG File Processing Stats

File Path                              PID    Runtime      # DAGs    # Errors  Last Runtime    Last Run
-------------------------------------  -----  ---------  --------  ----------  --------------  -------------------
/opt/airflow/dags/weather_risk_dag.py                           1           0  0.90s           2026-09-20T15:11:04
================================================================================
[2026-09-20T15:11:46.284+0000] {manager.py:878} INFO - 
================================================================================
DAG File Processing Stats

File Path                              PID    Runtime      # DAGs    # Errors  Last Runtime    Last Run
-------------------------------------  -----  ---------  --------  ----------  --------------  -------------------
/opt/airflow/dags/weather_risk_dag.py                           1           0  0.70s           2026-09-20T15:11:34
================================================================================
[2026-09-20T15:12:16.420+0000] {manager.py:878} INFO - 
================================================================================
DAG File Processing Stats

File Path                              PID    Runtime      # DAGs    # Errors  Last Runtime    Last Run
-------------------------------------  -----  ---------  --------  ----------  --------------  -------------------
/opt/airflow/dags/weather_risk_dag.py                           1           0  0.68s           2026-09-20T15:12:05
================================================================================
[2026-09-20T15:12:35.772+0000] {manager.py:737} INFO - Searching for files in /opt/airflow/dags
[2026-09-20T15:12:35.773+0000] {manager.py:740} INFO - There are 1 files in /opt/airflow/dags
[2026-09-20T15:12:46.538+0000] {manager.py:878} INFO - 
================================================================================
DAG File Processing Stats

File Path                              PID    Runtime      # DAGs    # Errors  Last Runtime    Last Run
-------------------------------------  -----  ---------  --------  ----------  --------------  -------------------
/opt/airflow/dags/weather_risk_dag.py                           1           0  0.70s           2026-09-20T15:12:36
================================================================================
[2026-09-20T15:13:16.982+0000] {manager.py:878} INFO - 
================================================================================
DAG File Processing Stats

File Path                              PID    Runtime      # DAGs    # Errors  Last Runtime    Last Run
-------------------------------------  -----  ---------  --------  ----------  --------------  -------------------
/opt/airflow/dags/weather_risk_dag.py                           1           0  0.69s           2026-09-20T15:13:07
================================================================================
[2026-09-20T15:13:47.132+0000] {manager.py:878} INFO - 
================================================================================
DAG File Processing Stats

File Path                              PID    Runtime      # DAGs    # Errors  Last Runtime    Last Run
-------------------------------------  -----  ---------  --------  ----------  --------------  -------------------
/opt/airflow/dags/weather_risk_dag.py                           1           0  0.88s           2026-09-20T15:13:38
================================================================================
[2026-09-20T15:14:17.277+0000] {manager.py:878} INFO - 
================================================================================
DAG File Processing Stats

File Path                              PID    Runtime      # DAGs    # Errors  Last Runtime    Last Run
-------------------------------------  -----  ---------  --------  ----------  --------------  -------------------
/opt/airflow/dags/weather_risk_dag.py                           1           0  0.88s           2026-09-20T15:14:09
================================================================================
[2026-09-20T15:14:47.510+0000] {manager.py:878} INFO - 
================================================================================
DAG File Processing Stats

File Path                              PID    Runtime      # DAGs    # Errors  Last Runtime    Last Run
-------------------------------------  -----  ---------  --------  ----------  --------------  -------------------
/opt/airflow/dags/weather_risk_dag.py                           1           0  0.70s           2026-09-20T15:14:40
================================================================================
[2026-09-20T15:15:17.646+0000] {manager.py:878} INFO - 
================================================================================
DAG File Processing Stats

File Path                              PID    Runtime      # DAGs    # Errors  Last Runtime    Last Run
-------------------------------------  -----  ---------  --------  ----------  --------------  -------------------
/opt/airflow/dags/weather_risk_dag.py                           1           0  0.72s           2026-09-20T15:15:10
================================================================================
[2026-09-20T15:15:47.785+0000] {manager.py:878} INFO - 
================================================================================
DAG File Processing Stats

File Path                              PID    Runtime      # DAGs    # Errors  Last Runtime    Last Run
-------------------------------------  -----  ---------  --------  ----------  --------------  -------------------
/opt/airflow/dags/weather_risk_dag.py                           1           0  0.68s           2026-09-20T15:15:41
================================================================================
[2026-09-20T15:16:17.947+0000] {manager.py:878} INFO - 
================================================================================
DAG File Processing Stats

File Path                              PID    Runtime      # DAGs    # Errors  Last Runtime    Last Run
-------------------------------------  -----  ---------  --------  ----------  --------------  -------------------
/opt/airflow/dags/weather_risk_dag.py                           1           0  0.68s           2026-09-20T15:16:12
================================================================================
[2026-09-20T15:16:48.088+0000] {manager.py:878} INFO - 
================================================================================
DAG File Processing Stats

File Path                              PID    Runtime      # DAGs    # Errors  Last Runtime    Last Run
-------------------------------------  -----  ---------  --------  ----------  --------------  -------------------
/opt/airflow/dags/weather_risk_dag.py                           1           0  0.89s           2026-09-20T15:16:43
================================================================================
[2026-09-20T15:17:18.226+0000] {manager.py:878} INFO - 
================================================================================
DAG File Processing Stats

File Path                              PID    Runtime      # DAGs    # Errors  Last Runtime    Last Run
-------------------------------------  -----  ---------  --------  ----------  --------------  -------------------
/opt/airflow/dags/weather_risk_dag.py                           1           0  0.88s           2026-09-20T15:17:14
================================================================================
[2026-09-20T15:17:36.308+0000] {manager.py:737} INFO - Searching for files in /opt/airflow/dags
[2026-09-20T15:17:36.309+0000] {manager.py:740} INFO - There are 1 files in /opt/airflow/dags
[2026-09-20T15:17:48.384+0000] {manager.py:878} INFO - 
================================================================================
DAG File Processing Stats

File Path                              PID    Runtime      # DAGs    # Errors  Last Runtime    Last Run
-------------------------------------  -----  ---------  --------  ----------  --------------  -------------------
/opt/airflow/dags/weather_risk_dag.py                           1           0  0.70s           2026-09-20T15:17:45
================================================================================
[2026-09-20T15:18:18.629+0000] {manager.py:878} INFO - 
================================================================================
DAG File Processing Stats

File Path                              PID    Runtime      # DAGs    # Errors  Last Runtime    Last Run
-------------------------------------  -----  ---------  --------  ----------  --------------  -------------------
/opt/airflow/dags/weather_risk_dag.py                           1           0  0.70s           2026-09-20T15:18:16
================================================================================
[2026-09-20T15:18:48.769+0000] {manager.py:878} INFO - 
================================================================================
DAG File Processing Stats

File Path                              PID    Runtime      # DAGs    # Errors  Last Runtime    Last Run
-------------------------------------  -----  ---------  --------  ----------  --------------  -------------------
/opt/airflow/dags/weather_risk_dag.py                           1           0  0.68s           2026-09-20T15:18:47
================================================================================
[2026-09-20T15:19:18.910+0000] {manager.py:878} INFO - 
================================================================================
DAG File Processing Stats

File Path                              PID    Runtime      # DAGs    # Errors  Last Runtime    Last Run
-------------------------------------  -----  ---------  --------  ----------  --------------  -------------------
/opt/airflow/dags/weather_risk_dag.py                           1           0  0.88s           2026-09-20T15:19:18
================================================================================
[2026-09-20T15:19:49.062+0000] {manager.py:878} INFO - 
================================================================================
DAG File Processing Stats

File Path                                PID  Runtime      # DAGs    # Errors  Last Runtime    Last Run
-------------------------------------  -----  ---------  --------  ----------  --------------  -------------------
/opt/airflow/dags/weather_risk_dag.py    261  0.87s             1           0  0.88s           2026-09-20T15:19:18
================================================================================
[2026-09-20T15:20:19.214+0000] {manager.py:878} INFO - 
================================================================================
DAG File Processing Stats

File Path                                PID  Runtime      # DAGs    # Errors  Last Runtime    Last Run
-------------------------------------  -----  ---------  --------  ----------  --------------  -------------------
/opt/airflow/dags/weather_risk_dag.py    263  0.01s             1           0  0.90s           2026-09-20T15:19:49
================================================================================
[2026-09-20T15:20:49.228+0000] {manager.py:878} INFO - 
================================================================================
DAG File Processing Stats

File Path                              PID    Runtime      # DAGs    # Errors  Last Runtime    Last Run
-------------------------------------  -----  ---------  --------  ----------  --------------  -------------------
/opt/airflow/dags/weather_risk_dag.py                           1           0  0.88s           2026-09-20T15:20:20
================================================================================
[2026-09-20T15:21:19.475+0000] {manager.py:878} INFO - 
================================================================================
DAG File Processing Stats

File Path                              PID    Runtime      # DAGs    # Errors  Last Runtime    Last Run
-------------------------------------  -----  ---------  --------  ----------  --------------  -------------------
/opt/airflow/dags/weather_risk_dag.py                           1           0  0.71s           2026-09-20T15:20:50
================================================================================
[2026-09-20T15:21:49.623+0000] {manager.py:878} INFO - 
================================================================================
DAG File Processing Stats

File Path                              PID    Runtime      # DAGs    # Errors  Last Runtime    Last Run
-------------------------------------  -----  ---------  --------  ----------  --------------  -------------------
/opt/airflow/dags/weather_risk_dag.py                           1           0  0.67s           2026-09-20T15:21:21
================================================================================
[2026-09-20T15:22:19.709+0000] {manager.py:878} INFO - 
================================================================================
DAG File Processing Stats

File Path                              PID    Runtime      # DAGs    # Errors  Last Runtime    Last Run
-------------------------------------  -----  ---------  --------  ----------  --------------  -------------------
/opt/airflow/dags/weather_risk_dag.py                           1           0  0.68s           2026-09-20T15:21:52
================================================================================
[2026-09-20T15:22:36.677+0000] {manager.py:737} INFO - Searching for files in /opt/airflow/dags
[2026-09-20T15:22:36.679+0000] {manager.py:740} INFO - There are 1 files in /opt/airflow/dags
[2026-09-20T15:22:49.753+0000] {manager.py:878} INFO - 
================================================================================
DAG File Processing Stats

File Path                              PID    Runtime      # DAGs    # Errors  Last Runtime    Last Run
-------------------------------------  -----  ---------  --------  ----------  --------------  -------------------
/opt/airflow/dags/weather_risk_dag.py                           1           0  0.89s           2026-09-20T15:22:23
================================================================================
[2026-09-20T15:23:19.783+0000] {manager.py:878} INFO - 
================================================================================
DAG File Processing Stats

File Path                              PID    Runtime      # DAGs    # Errors  Last Runtime    Last Run
-------------------------------------  -----  ---------  --------  ----------  --------------  -------------------
/opt/airflow/dags/weather_risk_dag.py                           1           0  0.89s           2026-09-20T15:22:54
================================================================================
[2026-09-20T15:23:49.827+0000] {manager.py:878} INFO - 
================================================================================
DAG File Processing Stats

File Path                              PID    Runtime      # DAGs    # Errors  Last Runtime    Last Run
-------------------------------------  -----  ---------  --------  ----------  --------------  -------------------
/opt/airflow/dags/weather_risk_dag.py                           1           0  0.90s           2026-09-20T15:23:25
================================================================================
[2026-09-20T15:24:20.574+0000] {manager.py:878} INFO - 
================================================================================
DAG File Processing Stats

File Path                              PID    Runtime      # DAGs    # Errors  Last Runtime    Last Run
-------------------------------------  -----  ---------  --------  ----------  --------------  -------------------
/opt/airflow/dags/weather_risk_dag.py                           1           0  0.80s           2026-09-20T15:23:56
================================================================================
[2026-09-20T15:24:50.891+0000] {manager.py:878} INFO - 
================================================================================
DAG File Processing Stats

File Path                              PID    Runtime      # DAGs    # Errors  Last Runtime    Last Run
-------------------------------------  -----  ---------  --------  ----------  --------------  -------------------
/opt/airflow/dags/weather_risk_dag.py                           1           0  0.68s           2026-09-20T15:24:27
================================================================================
[2026-09-20T15:25:21.038+0000] {manager.py:878} INFO - 
================================================================================
DAG File Processing Stats

File Path                              PID    Runtime      # DAGs    # Errors  Last Runtime    Last Run
-------------------------------------  -----  ---------  --------  ----------  --------------  -------------------
/opt/airflow/dags/weather_risk_dag.py                           1           0  0.70s           2026-09-20T15:24:58
================================================================================
[2026-09-20T15:25:51.185+0000] {manager.py:878} INFO - 
================================================================================
DAG File Processing Stats

File Path                              PID    Runtime      # DAGs    # Errors  Last Runtime    Last Run
-------------------------------------  -----  ---------  --------  ----------  --------------  -------------------
/opt/airflow/dags/weather_risk_dag.py                           1           0  0.92s           2026-09-20T15:25:29
================================================================================
[2026-09-20T15:26:21.328+0000] {manager.py:878} INFO - 
================================================================================
DAG File Processing Stats

File Path                              PID    Runtime      # DAGs    # Errors  Last Runtime    Last Run
-------------------------------------  -----  ---------  --------  ----------  --------------  -------------------
/opt/airflow/dags/weather_risk_dag.py                           1           0  0.88s           2026-09-20T15:26:00
================================================================================
[2026-09-20T15:26:51.349+0000] {manager.py:878} INFO - 
================================================================================
DAG File Processing Stats

File Path                              PID    Runtime      # DAGs    # Errors  Last Runtime    Last Run
-------------------------------------  -----  ---------  --------  ----------  --------------  -------------------
/opt/airflow/dags/weather_risk_dag.py                           1           0  0.87s           2026-09-20T15:26:31
================================================================================
[2026-09-20T15:27:21.728+0000] {manager.py:878} INFO - 
================================================================================
DAG File Processing Stats

File Path                              PID    Runtime      # DAGs    # Errors  Last Runtime    Last Run
-------------------------------------  -----  ---------  --------  ----------  --------------  -------------------
/opt/airflow/dags/weather_risk_dag.py                           1           0  0.77s           2026-09-20T15:27:02
================================================================================
[2026-09-20T15:27:36.799+0000] {manager.py:737} INFO - Searching for files in /opt/airflow/dags
[2026-09-20T15:27:36.801+0000] {manager.py:740} INFO - There are 1 files in /opt/airflow/dags
[2026-09-20T15:27:51.890+0000] {manager.py:878} INFO - 
================================================================================
DAG File Processing Stats

File Path                              PID    Runtime      # DAGs    # Errors  Last Runtime    Last Run
-------------------------------------  -----  ---------  --------  ----------  --------------  -------------------
/opt/airflow/dags/weather_risk_dag.py                           1           0  0.93s           2026-09-20T15:27:33
================================================================================
[2026-09-20T15:28:22.025+0000] {manager.py:878} INFO - 
================================================================================
DAG File Processing Stats

File Path                              PID    Runtime      # DAGs    # Errors  Last Runtime    Last Run
-------------------------------------  -----  ---------  --------  ----------  --------------  -------------------
/opt/airflow/dags/weather_risk_dag.py                           1           0  0.76s           2026-09-20T15:28:04
================================================================================
[2026-09-20T15:28:52.156+0000] {manager.py:878} INFO - 
================================================================================
DAG File Processing Stats

File Path                              PID    Runtime      # DAGs    # Errors  Last Runtime    Last Run
-------------------------------------  -----  ---------  --------  ----------  --------------  -------------------
/opt/airflow/dags/weather_risk_dag.py                           1           0  0.98s           2026-09-20T15:28:35
================================================================================
[2026-09-20T15:29:22.291+0000] {manager.py:878} INFO - 
================================================================================
DAG File Processing Stats

File Path                              PID    Runtime      # DAGs    # Errors  Last Runtime    Last Run
-------------------------------------  -----  ---------  --------  ----------  --------------  -------------------
/opt/airflow/dags/weather_risk_dag.py                           1           0  0.96s           2026-09-20T15:29:06
================================================================================
[2026-09-20T15:29:52.387+0000] {manager.py:878} INFO - 
================================================================================
DAG File Processing Stats

File Path                              PID    Runtime      # DAGs    # Errors  Last Runtime    Last Run
-------------------------------------  -----  ---------  --------  ----------  --------------  -------------------
/opt/airflow/dags/weather_risk_dag.py                           1           0  0.96s           2026-09-20T15:29:37
================================================================================
[2026-09-20T15:30:22.626+0000] {manager.py:878} INFO - 
================================================================================
DAG File Processing Stats

File Path                              PID    Runtime      # DAGs    # Errors  Last Runtime    Last Run
-------------------------------------  -----  ---------  --------  ----------  --------------  -------------------
/opt/airflow/dags/weather_risk_dag.py                           1           0  0.78s           2026-09-20T15:30:08
================================================================================
[2026-09-20T15:30:52.781+0000] {manager.py:878} INFO - 
================================================================================
DAG File Processing Stats

File Path                              PID    Runtime      # DAGs    # Errors  Last Runtime    Last Run
-------------------------------------  -----  ---------  --------  ----------  --------------  -------------------
/opt/airflow/dags/weather_risk_dag.py                           1           0  0.89s           2026-09-20T15:30:39
================================================================================
[2026-09-20T15:31:22.926+0000] {manager.py:878} INFO - 
================================================================================
DAG File Processing Stats

File Path                              PID    Runtime      # DAGs    # Errors  Last Runtime    Last Run
-------------------------------------  -----  ---------  --------  ----------  --------------  -------------------
/opt/airflow/dags/weather_risk_dag.py                           1           0  0.85s           2026-09-20T15:31:10
================================================================================
[2026-09-20T15:31:53.473+0000] {manager.py:878} INFO - 
================================================================================
DAG File Processing Stats

File Path                              PID    Runtime      # DAGs    # Errors  Last Runtime    Last Run
-------------------------------------  -----  ---------  --------  ----------  --------------  -------------------
/opt/airflow/dags/weather_risk_dag.py                           1           0  1.12s           2026-09-20T15:31:41
================================================================================
[2026-09-20T15:32:23.712+0000] {manager.py:878} INFO - 
================================================================================
DAG File Processing Stats

File Path                              PID    Runtime      # DAGs    # Errors  Last Runtime    Last Run
-------------------------------------  -----  ---------  --------  ----------  --------------  -------------------
/opt/airflow/dags/weather_risk_dag.py                           1           0  1.10s           2026-09-20T15:32:12
================================================================================
[2026-09-20T15:32:37.777+0000] {manager.py:737} INFO - Searching for files in /opt/airflow/dags
[2026-09-20T15:32:37.779+0000] {manager.py:740} INFO - There are 1 files in /opt/airflow/dags
[2026-09-20T15:32:53.882+0000] {manager.py:878} INFO - 
================================================================================
DAG File Processing Stats

File Path                              PID    Runtime      # DAGs    # Errors  Last Runtime    Last Run
-------------------------------------  -----  ---------  --------  ----------  --------------  -------------------
/opt/airflow/dags/weather_risk_dag.py                           1           0  0.83s           2026-09-20T15:32:43
================================================================================
[2026-09-20T15:33:24.019+0000] {manager.py:878} INFO - 
================================================================================
DAG File Processing Stats

File Path                              PID    Runtime      # DAGs    # Errors  Last Runtime    Last Run
-------------------------------------  -----  ---------  --------  ----------  --------------  -------------------
/opt/airflow/dags/weather_risk_dag.py                           1           0  0.69s           2026-09-20T15:33:14
================================================================================
[2026-09-20T15:33:54.163+0000] {manager.py:878} INFO - 
================================================================================
DAG File Processing Stats

File Path                              PID    Runtime      # DAGs    # Errors  Last Runtime    Last Run
-------------------------------------  -----  ---------  --------  ----------  --------------  -------------------
/opt/airflow/dags/weather_risk_dag.py                           1           0  0.68s           2026-09-20T15:33:45
================================================================================
[2026-09-20T15:34:24.313+0000] {manager.py:878} INFO - 
================================================================================
DAG File Processing Stats

File Path                              PID    Runtime      # DAGs    # Errors  Last Runtime    Last Run
-------------------------------------  -----  ---------  --------  ----------  --------------  -------------------
/opt/airflow/dags/weather_risk_dag.py                           1           0  0.89s           2026-09-20T15:34:16
================================================================================
[2026-09-20T15:34:54.360+0000] {manager.py:878} INFO - 
================================================================================
DAG File Processing Stats

File Path                              PID    Runtime      # DAGs    # Errors  Last Runtime    Last Run
-------------------------------------  -----  ---------  --------  ----------  --------------  -------------------
/opt/airflow/dags/weather_risk_dag.py                           1           0  0.89s           2026-09-20T15:34:47
================================================================================
[2026-09-20T15:35:24.395+0000] {manager.py:878} INFO - 
================================================================================
DAG File Processing Stats

File Path                              PID    Runtime      # DAGs    # Errors  Last Runtime    Last Run
-------------------------------------  -----  ---------  --------  ----------  --------------  -------------------
/opt/airflow/dags/weather_risk_dag.py                           1           0  0.89s           2026-09-20T15:35:18
================================================================================
[2026-09-20T15:35:54.459+0000] {manager.py:878} INFO - 
================================================================================
DAG File Processing Stats

File Path                              PID    Runtime      # DAGs    # Errors  Last Runtime    Last Run
-------------------------------------  -----  ---------  --------  ----------  --------------  -------------------
/opt/airflow/dags/weather_risk_dag.py                           1           0  0.91s           2026-09-20T15:35:49
================================================================================
[2026-09-20T15:36:24.900+0000] {manager.py:878} INFO - 
================================================================================
DAG File Processing Stats

File Path                              PID    Runtime      # DAGs    # Errors  Last Runtime    Last Run
-------------------------------------  -----  ---------  --------  ----------  --------------  -------------------
/opt/airflow/dags/weather_risk_dag.py                           1           0  0.68s           2026-09-20T15:36:20
================================================================================
[2026-09-20T15:36:55.047+0000] {manager.py:878} INFO - 
================================================================================
DAG File Processing Stats

File Path                              PID    Runtime      # DAGs    # Errors  Last Runtime    Last Run
-------------------------------------  -----  ---------  --------  ----------  --------------  -------------------
/opt/airflow/dags/weather_risk_dag.py                           1           0  0.68s           2026-09-20T15:36:51
================================================================================
[2026-09-20T15:37:25.064+0000] {manager.py:878} INFO - 
================================================================================
DAG File Processing Stats

File Path                              PID    Runtime      # DAGs    # Errors  Last Runtime    Last Run
-------------------------------------  -----  ---------  --------  ----------  --------------  -------------------
/opt/airflow/dags/weather_risk_dag.py                           1           0  0.87s           2026-09-20T15:37:22
================================================================================
[2026-09-20T15:37:38.143+0000] {manager.py:737} INFO - Searching for files in /opt/airflow/dags
[2026-09-20T15:37:38.144+0000] {manager.py:740} INFO - There are 1 files in /opt/airflow/dags
[2026-09-20T15:37:55.118+0000] {manager.py:878} INFO - 
================================================================================
DAG File Processing Stats

File Path                              PID    Runtime      # DAGs    # Errors  Last Runtime    Last Run
-------------------------------------  -----  ---------  --------  ----------  --------------  -------------------
/opt/airflow/dags/weather_risk_dag.py                           1           0  0.88s           2026-09-20T15:37:53
================================================================================
[2026-09-20T15:38:25.143+0000] {manager.py:878} INFO - 
================================================================================
DAG File Processing Stats

File Path                              PID    Runtime      # DAGs    # Errors  Last Runtime    Last Run
-------------------------------------  -----  ---------  --------  ----------  --------------  -------------------
/opt/airflow/dags/weather_risk_dag.py                           1           0  0.88s           2026-09-20T15:38:24
================================================================================
[2026-09-20T15:38:55.196+0000] {manager.py:878} INFO - 
================================================================================
DAG File Processing Stats

File Path                              PID    Runtime      # DAGs    # Errors  Last Runtime    Last Run
-------------------------------------  -----  ---------  --------  ----------  --------------  -------------------
/opt/airflow/dags/weather_risk_dag.py                           1           0  0.91s           2026-09-20T15:38:55
================================================================================
[2026-09-20T15:39:25.344+0000] {manager.py:878} INFO - 
================================================================================
DAG File Processing Stats

File Path                                PID  Runtime      # DAGs    # Errors  Last Runtime    Last Run
-------------------------------------  -----  ---------  --------  ----------  --------------  -------------------
/opt/airflow/dags/weather_risk_dag.py    337  0.01s             1           0  0.91s           2026-09-20T15:38:55
================================================================================
[2026-09-20T15:39:55.900+0000] {manager.py:878} INFO - 
================================================================================
DAG File Processing Stats

File Path                              PID    Runtime      # DAGs    # Errors  Last Runtime    Last Run
-------------------------------------  -----  ---------  --------  ----------  --------------  -------------------
/opt/airflow/dags/weather_risk_dag.py                           1           0  0.69s           2026-09-20T15:39:26
================================================================================
[2026-09-20T15:40:25.973+0000] {manager.py:878} INFO - 
================================================================================
DAG File Processing Stats

File Path                              PID    Runtime      # DAGs    # Errors  Last Runtime    Last Run
-------------------------------------  -----  ---------  --------  ----------  --------------  -------------------
/opt/airflow/dags/weather_risk_dag.py                           1           0  0.68s           2026-09-20T15:39:56
================================================================================
[2026-09-20T15:40:55.999+0000] {manager.py:878} INFO - 
================================================================================
DAG File Processing Stats

File Path                              PID    Runtime      # DAGs    # Errors  Last Runtime    Last Run
-------------------------------------  -----  ---------  --------  ----------  --------------  -------------------
/opt/airflow/dags/weather_risk_dag.py                           1           0  0.88s           2026-09-20T15:40:27
================================================================================
[2026-09-20T15:41:26.044+0000] {manager.py:878} INFO - 
================================================================================
DAG File Processing Stats

File Path                              PID    Runtime      # DAGs    # Errors  Last Runtime    Last Run
-------------------------------------  -----  ---------  --------  ----------  --------------  -------------------
/opt/airflow/dags/weather_risk_dag.py                           1           0  0.91s           2026-09-20T15:40:58
================================================================================
[2026-09-20T15:41:56.076+0000] {manager.py:878} INFO - 
================================================================================
DAG File Processing Stats

File Path                              PID    Runtime      # DAGs    # Errors  Last Runtime    Last Run
-------------------------------------  -----  ---------  --------  ----------  --------------  -------------------
/opt/airflow/dags/weather_risk_dag.py                           1           0  0.89s           2026-09-20T15:41:29
================================================================================
[2026-09-20T15:42:26.859+0000] {manager.py:878} INFO - 
================================================================================
DAG File Processing Stats

File Path                              PID    Runtime      # DAGs    # Errors  Last Runtime    Last Run
-------------------------------------  -----  ---------  --------  ----------  --------------  -------------------
/opt/airflow/dags/weather_risk_dag.py                           1           0  0.69s           2026-09-20T15:42:00
================================================================================
[2026-09-20T15:42:38.595+0000] {manager.py:737} INFO - Searching for files in /opt/airflow/dags
[2026-09-20T15:42:38.597+0000] {manager.py:740} INFO - There are 1 files in /opt/airflow/dags
[2026-09-20T15:42:57.026+0000] {manager.py:878} INFO - 
================================================================================
DAG File Processing Stats

File Path                              PID    Runtime      # DAGs    # Errors  Last Runtime    Last Run
-------------------------------------  -----  ---------  --------  ----------  --------------  -------------------
/opt/airflow/dags/weather_risk_dag.py                           1           0  0.68s           2026-09-20T15:42:31
================================================================================
[2026-09-20T15:43:27.173+0000] {manager.py:878} INFO - 
================================================================================
DAG File Processing Stats

File Path                              PID    Runtime      # DAGs    # Errors  Last Runtime    Last Run
-------------------------------------  -----  ---------  --------  ----------  --------------  -------------------
/opt/airflow/dags/weather_risk_dag.py                           1           0  0.69s           2026-09-20T15:43:02
================================================================================
[2026-09-20T15:43:57.321+0000] {manager.py:878} INFO - 
================================================================================
DAG File Processing Stats

File Path                              PID    Runtime      # DAGs    # Errors  Last Runtime    Last Run
-------------------------------------  -----  ---------  --------  ----------  --------------  -------------------
/opt/airflow/dags/weather_risk_dag.py                           1           0  0.88s           2026-09-20T15:43:33
================================================================================
[2026-09-20T15:44:27.466+0000] {manager.py:878} INFO - 
================================================================================
DAG File Processing Stats

File Path                              PID    Runtime      # DAGs    # Errors  Last Runtime    Last Run
-------------------------------------  -----  ---------  --------  ----------  --------------  -------------------
/opt/airflow/dags/weather_risk_dag.py                           1           0  0.88s           2026-09-20T15:44:04
================================================================================
[2026-09-20T15:44:57.489+0000] {manager.py:878} INFO - 
================================================================================
DAG File Processing Stats

File Path                              PID    Runtime      # DAGs    # Errors  Last Runtime    Last Run
-------------------------------------  -----  ---------  --------  ----------  --------------  -------------------
/opt/airflow/dags/weather_risk_dag.py                           1           0  0.88s           2026-09-20T15:44:35
================================================================================
[2026-09-20T15:45:27.814+0000] {manager.py:878} INFO - 
================================================================================
DAG File Processing Stats

File Path                              PID    Runtime      # DAGs    # Errors  Last Runtime    Last Run
-------------------------------------  -----  ---------  --------  ----------  --------------  -------------------
/opt/airflow/dags/weather_risk_dag.py                           1           0  0.68s           2026-09-20T15:45:06
================================================================================
[2026-09-20T15:45:57.966+0000] {manager.py:878} INFO - 
================================================================================
DAG File Processing Stats

File Path                              PID    Runtime      # DAGs    # Errors  Last Runtime    Last Run
-------------------------------------  -----  ---------  --------  ----------  --------------  -------------------
/opt/airflow/dags/weather_risk_dag.py                           1           0  0.70s           2026-09-20T15:45:37
================================================================================
[2026-09-20T15:46:27.972+0000] {manager.py:878} INFO - 
================================================================================
DAG File Processing Stats

File Path                              PID    Runtime      # DAGs    # Errors  Last Runtime    Last Run
-------------------------------------  -----  ---------  --------  ----------  --------------  -------------------
/opt/airflow/dags/weather_risk_dag.py                           1           0  0.69s           2026-09-20T15:46:07
================================================================================
[2026-09-20T15:46:58.009+0000] {manager.py:878} INFO - 
================================================================================
DAG File Processing Stats

File Path                              PID    Runtime      # DAGs    # Errors  Last Runtime    Last Run
-------------------------------------  -----  ---------  --------  ----------  --------------  -------------------
/opt/airflow/dags/weather_risk_dag.py                           1           0  0.89s           2026-09-20T15:46:38
================================================================================
[2026-09-20T15:47:28.041+0000] {manager.py:878} INFO - 
================================================================================
DAG File Processing Stats

File Path                              PID    Runtime      # DAGs    # Errors  Last Runtime    Last Run
-------------------------------------  -----  ---------  --------  ----------  --------------  -------------------
/opt/airflow/dags/weather_risk_dag.py                           1           0  0.89s           2026-09-20T15:47:09
================================================================================
[2026-09-20T15:47:38.601+0000] {manager.py:737} INFO - Searching for files in /opt/airflow/dags
[2026-09-20T15:47:38.603+0000] {manager.py:740} INFO - There are 1 files in /opt/airflow/dags
[2026-09-20T15:47:58.075+0000] {manager.py:878} INFO - 
================================================================================
DAG File Processing Stats

File Path                              PID    Runtime      # DAGs    # Errors  Last Runtime    Last Run
-------------------------------------  -----  ---------  --------  ----------  --------------  -------------------
/opt/airflow/dags/weather_risk_dag.py                           1           0  0.89s           2026-09-20T15:47:40
================================================================================
[2026-09-20T15:48:28.845+0000] {manager.py:878} INFO - 
================================================================================
DAG File Processing Stats

File Path                              PID    Runtime      # DAGs    # Errors  Last Runtime    Last Run
-------------------------------------  -----  ---------  --------  ----------  --------------  -------------------
/opt/airflow/dags/weather_risk_dag.py                           1           0  0.68s           2026-09-20T15:48:11
================================================================================
[2026-09-20T15:48:59.013+0000] {manager.py:878} INFO - 
================================================================================
DAG File Processing Stats

File Path                              PID    Runtime      # DAGs    # Errors  Last Runtime    Last Run
-------------------------------------  -----  ---------  --------  ----------  --------------  -------------------
/opt/airflow/dags/weather_risk_dag.py                           1           0  0.69s           2026-09-20T15:48:42
================================================================================
[2026-09-20T15:49:29.149+0000] {manager.py:878} INFO - 
================================================================================
DAG File Processing Stats

File Path                              PID    Runtime      # DAGs    # Errors  Last Runtime    Last Run
-------------------------------------  -----  ---------  --------  ----------  --------------  -------------------
/opt/airflow/dags/weather_risk_dag.py                           1           0  0.87s           2026-09-20T15:49:13
================================================================================
[2026-09-20T15:49:59.286+0000] {manager.py:878} INFO - 
================================================================================
DAG File Processing Stats

File Path                              PID    Runtime      # DAGs    # Errors  Last Runtime    Last Run
-------------------------------------  -----  ---------  --------  ----------  --------------  -------------------
/opt/airflow/dags/weather_risk_dag.py                           1           0  0.89s           2026-09-20T15:49:44
================================================================================
[2026-09-20T15:50:29.430+0000] {manager.py:878} INFO - 
================================================================================
DAG File Processing Stats

File Path                              PID    Runtime      # DAGs    # Errors  Last Runtime    Last Run
-------------------------------------  -----  ---------  --------  ----------  --------------  -------------------
/opt/airflow/dags/weather_risk_dag.py                           1           0  0.86s           2026-09-20T15:50:15
================================================================================
[2026-09-20T15:50:59.579+0000] {manager.py:878} INFO - 
================================================================================
DAG File Processing Stats

File Path                              PID    Runtime      # DAGs    # Errors  Last Runtime    Last Run
-------------------------------------  -----  ---------  --------  ----------  --------------  -------------------
/opt/airflow/dags/weather_risk_dag.py                           1           0  0.88s           2026-09-20T15:50:46
================================================================================
[2026-09-20T15:51:29.881+0000] {manager.py:878} INFO - 
================================================================================
DAG File Processing Stats

File Path                              PID    Runtime      # DAGs    # Errors  Last Runtime    Last Run
-------------------------------------  -----  ---------  --------  ----------  --------------  -------------------
/opt/airflow/dags/weather_risk_dag.py                           1           0  0.68s           2026-09-20T15:51:17
================================================================================
[2026-09-20T15:52:00.021+0000] {manager.py:878} INFO - 
================================================================================
DAG File Processing Stats

File Path                              PID    Runtime      # DAGs    # Errors  Last Runtime    Last Run
-------------------------------------  -----  ---------  --------  ----------  --------------  -------------------
/opt/airflow/dags/weather_risk_dag.py                           1           0  0.69s           2026-09-20T15:51:48
================================================================================
[2026-09-20T15:52:30.162+0000] {manager.py:878} INFO - 
================================================================================
DAG File Processing Stats

File Path                              PID    Runtime      # DAGs    # Errors  Last Runtime    Last Run
-------------------------------------  -----  ---------  --------  ----------  --------------  -------------------
/opt/airflow/dags/weather_risk_dag.py                           1           0  0.87s           2026-09-20T15:52:19
================================================================================
[2026-09-20T15:52:39.202+0000] {manager.py:737} INFO - Searching for files in /opt/airflow/dags
[2026-09-20T15:52:39.203+0000] {manager.py:740} INFO - There are 1 files in /opt/airflow/dags
[2026-09-20T15:53:00.325+0000] {manager.py:878} INFO - 
================================================================================
DAG File Processing Stats

File Path                              PID    Runtime      # DAGs    # Errors  Last Runtime    Last Run
-------------------------------------  -----  ---------  --------  ----------  --------------  -------------------
/opt/airflow/dags/weather_risk_dag.py                           1           0  0.88s           2026-09-20T15:52:50
================================================================================
[2026-09-20T15:53:30.346+0000] {manager.py:878} INFO - 
================================================================================
DAG File Processing Stats

File Path                              PID    Runtime      # DAGs    # Errors  Last Runtime    Last Run
-------------------------------------  -----  ---------  --------  ----------  --------------  -------------------
/opt/airflow/dags/weather_risk_dag.py                           1           0  0.88s           2026-09-20T15:53:21
================================================================================
[2026-09-20T15:54:00.352+0000] {manager.py:878} INFO - 
================================================================================
DAG File Processing Stats

File Path                              PID    Runtime      # DAGs    # Errors  Last Runtime    Last Run
-------------------------------------  -----  ---------  --------  ----------  --------------  -------------------
/opt/airflow/dags/weather_risk_dag.py                           1           0  0.87s           2026-09-20T15:53:52
================================================================================
[2026-09-20T15:54:30.800+0000] {manager.py:878} INFO - 
================================================================================
DAG File Processing Stats

File Path                              PID    Runtime      # DAGs    # Errors  Last Runtime    Last Run
-------------------------------------  -----  ---------  --------  ----------  --------------  -------------------
/opt/airflow/dags/weather_risk_dag.py                           1           0  0.68s           2026-09-20T15:54:23
================================================================================
[2026-09-20T15:55:00.945+0000] {manager.py:878} INFO - 
================================================================================
DAG File Processing Stats

File Path                              PID    Runtime      # DAGs    # Errors  Last Runtime    Last Run
-------------------------------------  -----  ---------  --------  ----------  --------------  -------------------
/opt/airflow/dags/weather_risk_dag.py                           1           0  0.68s           2026-09-20T15:54:53
================================================================================
[2026-09-20T15:55:31.017+0000] {manager.py:878} INFO - 
================================================================================
DAG File Processing Stats

File Path                              PID    Runtime      # DAGs    # Errors  Last Runtime    Last Run
-------------------------------------  -----  ---------  --------  ----------  --------------  -------------------
/opt/airflow/dags/weather_risk_dag.py                           1           0  0.92s           2026-09-20T15:55:24
================================================================================
[2026-09-20T15:56:01.030+0000] {manager.py:878} INFO - 
================================================================================
DAG File Processing Stats

File Path                              PID    Runtime      # DAGs    # Errors  Last Runtime    Last Run
-------------------------------------  -----  ---------  --------  ----------  --------------  -------------------
/opt/airflow/dags/weather_risk_dag.py                           1           0  0.87s           2026-09-20T15:55:56
================================================================================
[2026-09-20T15:56:31.041+0000] {manager.py:878} INFO - 
================================================================================
DAG File Processing Stats

File Path                              PID    Runtime      # DAGs    # Errors  Last Runtime    Last Run
-------------------------------------  -----  ---------  --------  ----------  --------------  -------------------
/opt/airflow/dags/weather_risk_dag.py                           1           0  0.86s           2026-09-20T15:56:27
================================================================================
[2026-09-20T15:57:01.085+0000] {manager.py:878} INFO - 
================================================================================
DAG File Processing Stats

File Path                              PID    Runtime      # DAGs    # Errors  Last Runtime    Last Run
-------------------------------------  -----  ---------  --------  ----------  --------------  -------------------
/opt/airflow/dags/weather_risk_dag.py                           1           0  0.90s           2026-09-20T15:56:58
================================================================================
[2026-09-20T15:57:31.215+0000] {manager.py:878} INFO - 
================================================================================
DAG File Processing Stats

File Path                              PID    Runtime      # DAGs    # Errors  Last Runtime    Last Run
-------------------------------------  -----  ---------  --------  ----------  --------------  -------------------
/opt/airflow/dags/weather_risk_dag.py                           1           0  0.99s           2026-09-20T15:57:29
================================================================================
[2026-09-20T15:57:39.253+0000] {manager.py:737} INFO - Searching for files in /opt/airflow/dags
[2026-09-20T15:57:39.255+0000] {manager.py:740} INFO - There are 1 files in /opt/airflow/dags
[2026-09-20T15:58:01.400+0000] {manager.py:878} INFO - 
================================================================================
DAG File Processing Stats

File Path                              PID    Runtime      # DAGs    # Errors  Last Runtime    Last Run
-------------------------------------  -----  ---------  --------  ----------  --------------  -------------------
/opt/airflow/dags/weather_risk_dag.py                           1           0  1.21s           2026-09-20T15:58:00
================================================================================
[2026-09-20T15:58:31.545+0000] {manager.py:878} INFO - 
================================================================================
DAG File Processing Stats

File Path                                PID  Runtime      # DAGs    # Errors  Last Runtime    Last Run
-------------------------------------  -----  ---------  --------  ----------  --------------  -------------------
/opt/airflow/dags/weather_risk_dag.py    411  0.83s             1           0  1.21s           2026-09-20T15:58:00
================================================================================
[2026-09-20T15:59:01.877+0000] {manager.py:878} INFO - 
================================================================================
DAG File Processing Stats

File Path                                PID  Runtime      # DAGs    # Errors  Last Runtime    Last Run
-------------------------------------  -----  ---------  --------  ----------  --------------  -------------------
/opt/airflow/dags/weather_risk_dag.py    413  0.01s             1           0  1.13s           2026-09-20T15:58:31
================================================================================
[2026-09-20T15:59:32.134+0000] {manager.py:878} INFO - 
================================================================================
DAG File Processing Stats

File Path                              PID    Runtime      # DAGs    # Errors  Last Runtime    Last Run
-------------------------------------  -----  ---------  --------  ----------  --------------  -------------------
/opt/airflow/dags/weather_risk_dag.py                           1           0  1.16s           2026-09-20T15:59:03
================================================================================
[2026-09-20T16:00:12.763+0000] {manager.py:470} INFO - Processing files using up to 2 processes at a time 
[2026-09-20T16:00:12.765+0000] {manager.py:471} INFO - Process each file at most once every 30 seconds
[2026-09-20T16:00:12.766+0000] {manager.py:472} INFO - Checking for new files in /opt/airflow/dags every 300 seconds
[2026-09-20T16:00:12.767+0000] {manager.py:737} INFO - Searching for files in /opt/airflow/dags
[2026-09-20T16:00:12.769+0000] {manager.py:740} INFO - There are 1 files in /opt/airflow/dags
[2026-09-20T16:00:12.922+0000] {manager.py:878} INFO - 
================================================================================
DAG File Processing Stats

File Path                                PID  Runtime      # DAGs    # Errors  Last Runtime    Last Run
-------------------------------------  -----  ---------  --------  ----------  --------------  ----------
/opt/airflow/dags/weather_risk_dag.py    190  0.07s             0           0
================================================================================
[2026-09-20T16:00:43.056+0000] {manager.py:878} INFO - 
================================================================================
DAG File Processing Stats

File Path                              PID    Runtime      # DAGs    # Errors  Last Runtime    Last Run
-------------------------------------  -----  ---------  --------  ----------  --------------  -------------------
/opt/airflow/dags/weather_risk_dag.py                           1           0  0.92s           2026-09-20T16:00:13
================================================================================
[2026-09-20T16:01:13.209+0000] {manager.py:878} INFO - 
================================================================================
DAG File Processing Stats

File Path                              PID    Runtime      # DAGs    # Errors  Last Runtime    Last Run
-------------------------------------  -----  ---------  --------  ----------  --------------  -------------------
/opt/airflow/dags/weather_risk_dag.py                           1           0  1.56s           2026-09-20T16:00:45
================================================================================
[2026-09-20T16:01:43.754+0000] {manager.py:878} INFO - 
================================================================================
DAG File Processing Stats

File Path                              PID    Runtime      # DAGs    # Errors  Last Runtime    Last Run
-------------------------------------  -----  ---------  --------  ----------  --------------  -------------------
/opt/airflow/dags/weather_risk_dag.py                           1           0  1.45s           2026-09-20T16:01:17
================================================================================
[2026-09-20T16:02:13.901+0000] {manager.py:878} INFO - 
================================================================================
DAG File Processing Stats

File Path                              PID    Runtime      # DAGs    # Errors  Last Runtime    Last Run
-------------------------------------  -----  ---------  --------  ----------  --------------  -------------------
/opt/airflow/dags/weather_risk_dag.py                           1           0  0.79s           2026-09-20T16:01:47
================================================================================
[2026-09-20T16:02:44.270+0000] {manager.py:878} INFO - 
================================================================================
DAG File Processing Stats

File Path                              PID    Runtime      # DAGs    # Errors  Last Runtime    Last Run
-------------------------------------  -----  ---------  --------  ----------  --------------  -------------------
/opt/airflow/dags/weather_risk_dag.py                           1           0  1.16s           2026-09-20T16:02:19
================================================================================
[2026-09-20T16:03:14.572+0000] {manager.py:878} INFO - 
================================================================================
DAG File Processing Stats

File Path                              PID    Runtime      # DAGs    # Errors  Last Runtime    Last Run
-------------------------------------  -----  ---------  --------  ----------  --------------  -------------------
/opt/airflow/dags/weather_risk_dag.py                           1           0  1.18s           2026-09-20T16:02:50
================================================================================
[2026-09-20T16:03:44.722+0000] {manager.py:878} INFO - 
================================================================================
DAG File Processing Stats

File Path                              PID    Runtime      # DAGs    # Errors  Last Runtime    Last Run
-------------------------------------  -----  ---------  --------  ----------  --------------  -------------------
/opt/airflow/dags/weather_risk_dag.py                           1           0  0.93s           2026-09-20T16:03:21
================================================================================
[2026-09-20T16:04:14.838+0000] {manager.py:878} INFO - 
================================================================================
DAG File Processing Stats

File Path                              PID    Runtime      # DAGs    # Errors  Last Runtime    Last Run
-------------------------------------  -----  ---------  --------  ----------  --------------  -------------------
/opt/airflow/dags/weather_risk_dag.py                           1           0  0.97s           2026-09-20T16:03:52
================================================================================
[2026-09-20T16:04:44.947+0000] {manager.py:878} INFO - 
================================================================================
DAG File Processing Stats

File Path                              PID    Runtime      # DAGs    # Errors  Last Runtime    Last Run
-------------------------------------  -----  ---------  --------  ----------  --------------  -------------------
/opt/airflow/dags/weather_risk_dag.py                           0           1  0.97s           2026-09-20T16:04:23
================================================================================
[2026-09-20T16:05:12.816+0000] {manager.py:737} INFO - Searching for files in /opt/airflow/dags
[2026-09-20T16:05:12.819+0000] {manager.py:740} INFO - There are 1 files in /opt/airflow/dags
[2026-09-20T16:05:15.192+0000] {manager.py:878} INFO - 
================================================================================
DAG File Processing Stats

File Path                              PID    Runtime      # DAGs    # Errors  Last Runtime    Last Run
-------------------------------------  -----  ---------  --------  ----------  --------------  -------------------
/opt/airflow/dags/weather_risk_dag.py                           0           1  0.73s           2026-09-20T16:04:54
================================================================================
[2026-09-20T16:05:45.347+0000] {manager.py:878} INFO - 
================================================================================
DAG File Processing Stats

File Path                              PID    Runtime      # DAGs    # Errors  Last Runtime    Last Run
-------------------------------------  -----  ---------  --------  ----------  --------------  -------------------
/opt/airflow/dags/weather_risk_dag.py                           0           1  0.72s           2026-09-20T16:05:25
================================================================================
[2026-09-20T16:06:15.494+0000] {manager.py:878} INFO - 
================================================================================
DAG File Processing Stats

File Path                              PID    Runtime      # DAGs    # Errors  Last Runtime    Last Run
-------------------------------------  -----  ---------  --------  ----------  --------------  -------------------
/opt/airflow/dags/weather_risk_dag.py                           0           1  0.68s           2026-09-20T16:05:56
================================================================================
[2026-09-20T16:06:45.669+0000] {manager.py:878} INFO - 
================================================================================
DAG File Processing Stats

File Path                              PID    Runtime      # DAGs    # Errors  Last Runtime    Last Run
-------------------------------------  -----  ---------  --------  ----------  --------------  -------------------
/opt/airflow/dags/weather_risk_dag.py                           1           0  1.24s           2026-09-20T16:06:27
================================================================================
[2026-09-20T16:07:15.817+0000] {manager.py:878} INFO - 
================================================================================
DAG File Processing Stats

File Path                              PID    Runtime      # DAGs    # Errors  Last Runtime    Last Run
-------------------------------------  -----  ---------  --------  ----------  --------------  -------------------
/opt/airflow/dags/weather_risk_dag.py                           1           0  0.85s           2026-09-20T16:06:58
================================================================================
[2026-09-20T16:08:23.875+0000] {manager.py:470} INFO - Processing files using up to 2 processes at a time 
[2026-09-20T16:08:23.876+0000] {manager.py:471} INFO - Process each file at most once every 30 seconds
[2026-09-20T16:08:23.877+0000] {manager.py:472} INFO - Checking for new files in /opt/airflow/dags every 300 seconds
[2026-09-20T16:08:23.878+0000] {manager.py:737} INFO - Searching for files in /opt/airflow/dags
[2026-09-20T16:08:23.879+0000] {manager.py:740} INFO - There are 1 files in /opt/airflow/dags
[2026-09-20T16:08:24.047+0000] {manager.py:878} INFO - 
================================================================================
DAG File Processing Stats

File Path                                PID  Runtime      # DAGs    # Errors  Last Runtime    Last Run
-------------------------------------  -----  ---------  --------  ----------  --------------  ----------
/opt/airflow/dags/weather_risk_dag.py    190  0.07s             0           0
================================================================================
[2026-09-20T16:08:54.190+0000] {manager.py:878} INFO - 
================================================================================
DAG File Processing Stats

File Path                              PID    Runtime      # DAGs    # Errors  Last Runtime    Last Run
-------------------------------------  -----  ---------  --------  ----------  --------------  -------------------
/opt/airflow/dags/weather_risk_dag.py                           1           0  0.79s           2026-09-20T16:08:24
================================================================================
[2026-09-20T16:09:24.204+0000] {manager.py:878} INFO - 
================================================================================
DAG File Processing Stats

File Path                              PID    Runtime      # DAGs    # Errors  Last Runtime    Last Run
-------------------------------------  -----  ---------  --------  ----------  --------------  -------------------
/opt/airflow/dags/weather_risk_dag.py                           1           0  1.17s           2026-09-20T16:08:56
================================================================================
[2026-09-20T16:09:55.184+0000] {manager.py:878} INFO - 
================================================================================
DAG File Processing Stats

File Path                              PID    Runtime      # DAGs    # Errors  Last Runtime    Last Run
-------------------------------------  -----  ---------  --------  ----------  --------------  -------------------
/opt/airflow/dags/weather_risk_dag.py                           1           0  0.87s           2026-09-20T16:09:27
================================================================================
[2026-09-20T16:10:25.191+0000] {manager.py:878} INFO - 
================================================================================
DAG File Processing Stats

File Path                              PID    Runtime      # DAGs    # Errors  Last Runtime    Last Run
-------------------------------------  -----  ---------  --------  ----------  --------------  -------------------
/opt/airflow/dags/weather_risk_dag.py                           1           0  0.86s           2026-09-20T16:09:58
================================================================================
[2026-09-20T16:10:55.353+0000] {manager.py:878} INFO - 
================================================================================
DAG File Processing Stats

File Path                              PID    Runtime      # DAGs    # Errors  Last Runtime    Last Run
-------------------------------------  -----  ---------  --------  ----------  --------------  -------------------
/opt/airflow/dags/weather_risk_dag.py                           1           0  1.05s           2026-09-20T16:10:29
================================================================================
[2026-09-20T16:11:25.506+0000] {manager.py:878} INFO - 
================================================================================
DAG File Processing Stats

File Path                              PID    Runtime      # DAGs    # Errors  Last Runtime    Last Run
-------------------------------------  -----  ---------  --------  ----------  --------------  -------------------
/opt/airflow/dags/weather_risk_dag.py                           1           0  1.00s           2026-09-20T16:11:00
================================================================================
[2026-09-20T16:11:55.516+0000] {manager.py:878} INFO - 
================================================================================
DAG File Processing Stats

File Path                              PID    Runtime      # DAGs    # Errors  Last Runtime    Last Run
-------------------------------------  -----  ---------  --------  ----------  --------------  -------------------
/opt/airflow/dags/weather_risk_dag.py                           1           0  0.87s           2026-09-20T16:11:31
================================================================================
[2026-09-20T16:12:25.570+0000] {manager.py:878} INFO - 
================================================================================
DAG File Processing Stats

File Path                              PID    Runtime      # DAGs    # Errors  Last Runtime    Last Run
-------------------------------------  -----  ---------  --------  ----------  --------------  -------------------
/opt/airflow/dags/weather_risk_dag.py                           1           0  0.92s           2026-09-20T16:12:02
================================================================================
[2026-09-20T16:12:55.909+0000] {manager.py:878} INFO - 
================================================================================
DAG File Processing Stats

File Path                              PID    Runtime      # DAGs    # Errors  Last Runtime    Last Run
-------------------------------------  -----  ---------  --------  ----------  --------------  -------------------
/opt/airflow/dags/weather_risk_dag.py                           1           0  0.75s           2026-09-20T16:12:33
================================================================================
[2026-09-20T16:13:24.032+0000] {manager.py:737} INFO - Searching for files in /opt/airflow/dags
[2026-09-20T16:13:24.034+0000] {manager.py:740} INFO - There are 1 files in /opt/airflow/dags
[2026-09-20T16:13:26.064+0000] {manager.py:878} INFO - 
================================================================================
DAG File Processing Stats

File Path                              PID    Runtime      # DAGs    # Errors  Last Runtime    Last Run
-------------------------------------  -----  ---------  --------  ----------  --------------  -------------------
/opt/airflow/dags/weather_risk_dag.py                           1           0  0.76s           2026-09-20T16:13:04
================================================================================
[2026-09-20T16:13:56.192+0000] {manager.py:878} INFO - 
================================================================================
DAG File Processing Stats

File Path                              PID    Runtime      # DAGs    # Errors  Last Runtime    Last Run
-------------------------------------  -----  ---------  --------  ----------  --------------  -------------------
/opt/airflow/dags/weather_risk_dag.py                           1           0  0.97s           2026-09-20T16:13:35
================================================================================
[2026-09-20T16:14:26.586+0000] {manager.py:878} INFO - 
================================================================================
DAG File Processing Stats

File Path                              PID    Runtime      # DAGs    # Errors  Last Runtime    Last Run
-------------------------------------  -----  ---------  --------  ----------  --------------  -------------------
/opt/airflow/dags/weather_risk_dag.py                           1           0  1.04s           2026-09-20T16:14:06
================================================================================
[2026-09-20T16:14:56.738+0000] {manager.py:878} INFO - 
================================================================================
DAG File Processing Stats

File Path                              PID    Runtime      # DAGs    # Errors  Last Runtime    Last Run
-------------------------------------  -----  ---------  --------  ----------  --------------  -------------------
/opt/airflow/dags/weather_risk_dag.py                           1           0  0.82s           2026-09-20T16:14:37
================================================================================
[2026-09-20T16:15:26.878+0000] {manager.py:878} INFO - 
================================================================================
DAG File Processing Stats

File Path                              PID    Runtime      # DAGs    # Errors  Last Runtime    Last Run
-------------------------------------  -----  ---------  --------  ----------  --------------  -------------------
/opt/airflow/dags/weather_risk_dag.py                           1           0  0.82s           2026-09-20T16:15:08
================================================================================
[2026-09-20T16:15:56.885+0000] {manager.py:878} INFO - 
================================================================================
DAG File Processing Stats

File Path                              PID    Runtime      # DAGs    # Errors  Last Runtime    Last Run
-------------------------------------  -----  ---------  --------  ----------  --------------  -------------------
/opt/airflow/dags/weather_risk_dag.py                           1           0  1.22s           2026-09-20T16:15:39
================================================================================
[2026-09-20T16:16:26.900+0000] {manager.py:878} INFO - 
================================================================================
DAG File Processing Stats

File Path                              PID    Runtime      # DAGs    # Errors  Last Runtime    Last Run
-------------------------------------  -----  ---------  --------  ----------  --------------  -------------------
/opt/airflow/dags/weather_risk_dag.py                           1           0  0.88s           2026-09-20T16:16:10
================================================================================
[2026-09-20T16:16:57.030+0000] {manager.py:878} INFO - 
================================================================================
DAG File Processing Stats

File Path                              PID    Runtime      # DAGs    # Errors  Last Runtime    Last Run
-------------------------------------  -----  ---------  --------  ----------  --------------  -------------------
/opt/airflow/dags/weather_risk_dag.py                           1           0  1.13s           2026-09-20T16:16:42
================================================================================
[2026-09-20T16:17:27.170+0000] {manager.py:878} INFO - 
================================================================================
DAG File Processing Stats

File Path                              PID    Runtime      # DAGs    # Errors  Last Runtime    Last Run
-------------------------------------  -----  ---------  --------  ----------  --------------  -------------------
/opt/airflow/dags/weather_risk_dag.py                           1           0  0.99s           2026-09-20T16:17:13
================================================================================
[2026-09-20T16:17:57.285+0000] {manager.py:878} INFO - 
================================================================================
DAG File Processing Stats

File Path                              PID    Runtime      # DAGs    # Errors  Last Runtime    Last Run
-------------------------------------  -----  ---------  --------  ----------  --------------  -------------------
/opt/airflow/dags/weather_risk_dag.py                           1           0  0.97s           2026-09-20T16:17:44
================================================================================
[2026-09-20T16:18:24.341+0000] {manager.py:737} INFO - Searching for files in /opt/airflow/dags
[2026-09-20T16:18:24.343+0000] {manager.py:740} INFO - There are 1 files in /opt/airflow/dags
[2026-09-20T16:18:27.376+0000] {manager.py:878} INFO - 
================================================================================
DAG File Processing Stats

File Path                              PID    Runtime      # DAGs    # Errors  Last Runtime    Last Run
-------------------------------------  -----  ---------  --------  ----------  --------------  -------------------
/opt/airflow/dags/weather_risk_dag.py                           1           0  0.93s           2026-09-20T16:18:15
================================================================================
[2026-09-20T16:18:57.624+0000] {manager.py:878} INFO - 
================================================================================
DAG File Processing Stats

File Path                              PID    Runtime      # DAGs    # Errors  Last Runtime    Last Run
-------------------------------------  -----  ---------  --------  ----------  --------------  -------------------
/opt/airflow/dags/weather_risk_dag.py                           1           0  0.80s           2026-09-20T16:18:46
================================================================================
[2026-09-20T16:19:27.758+0000] {manager.py:878} INFO - 
================================================================================
DAG File Processing Stats

File Path                              PID    Runtime      # DAGs    # Errors  Last Runtime    Last Run
-------------------------------------  -----  ---------  --------  ----------  --------------  -------------------
/opt/airflow/dags/weather_risk_dag.py                           1           0  0.86s           2026-09-20T16:19:17
================================================================================
[2026-09-20T16:19:57.886+0000] {manager.py:878} INFO - 
================================================================================
DAG File Processing Stats

File Path                              PID    Runtime      # DAGs    # Errors  Last Runtime    Last Run
-------------------------------------  -----  ---------  --------  ----------  --------------  -------------------
/opt/airflow/dags/weather_risk_dag.py                           1           0  0.93s           2026-09-20T16:19:48
================================================================================
[2026-09-20T16:20:28.018+0000] {manager.py:878} INFO - 
================================================================================
DAG File Processing Stats

File Path                              PID    Runtime      # DAGs    # Errors  Last Runtime    Last Run
-------------------------------------  -----  ---------  --------  ----------  --------------  -------------------
/opt/airflow/dags/weather_risk_dag.py                           1           0  0.98s           2026-09-20T16:20:19
================================================================================
[2026-09-20T16:20:58.155+0000] {manager.py:878} INFO - 
================================================================================
DAG File Processing Stats

File Path                              PID    Runtime      # DAGs    # Errors  Last Runtime    Last Run
-------------------------------------  -----  ---------  --------  ----------  --------------  -------------------
/opt/airflow/dags/weather_risk_dag.py                           1           0  0.76s           2026-09-20T16:20:50
================================================================================
[2026-09-20T16:21:28.280+0000] {manager.py:878} INFO - 
================================================================================
DAG File Processing Stats

File Path                              PID    Runtime      # DAGs    # Errors  Last Runtime    Last Run
-------------------------------------  -----  ---------  --------  ----------  --------------  -------------------
/opt/airflow/dags/weather_risk_dag.py                           1           0  0.76s           2026-09-20T16:21:21
================================================================================
[2026-09-20T16:21:58.646+0000] {manager.py:878} INFO - 
================================================================================
DAG File Processing Stats

File Path                              PID    Runtime      # DAGs    # Errors  Last Runtime    Last Run
-------------------------------------  -----  ---------  --------  ----------  --------------  -------------------
/opt/airflow/dags/weather_risk_dag.py                           1           0  0.73s           2026-09-20T16:21:52
================================================================================
[2026-09-20T16:22:28.790+0000] {manager.py:878} INFO - 
================================================================================
DAG File Processing Stats

File Path                              PID    Runtime      # DAGs    # Errors  Last Runtime    Last Run
-------------------------------------  -----  ---------  --------  ----------  --------------  -------------------
/opt/airflow/dags/weather_risk_dag.py                           1           0  0.90s           2026-09-20T16:22:23
================================================================================
[2026-09-20T16:22:59.329+0000] {manager.py:878} INFO - 
================================================================================
DAG File Processing Stats

File Path                              PID    Runtime      # DAGs    # Errors  Last Runtime    Last Run
-------------------------------------  -----  ---------  --------  ----------  --------------  -------------------
/opt/airflow/dags/weather_risk_dag.py                           1           0  1.18s           2026-09-20T16:22:54
================================================================================
[2026-09-20T16:23:24.457+0000] {manager.py:737} INFO - Searching for files in /opt/airflow/dags
[2026-09-20T16:23:24.459+0000] {manager.py:740} INFO - There are 1 files in /opt/airflow/dags
[2026-09-20T16:23:29.524+0000] {manager.py:878} INFO - 
================================================================================
DAG File Processing Stats

File Path                              PID    Runtime      # DAGs    # Errors  Last Runtime    Last Run
-------------------------------------  -----  ---------  --------  ----------  --------------  -------------------
/opt/airflow/dags/weather_risk_dag.py                           1           0  1.11s           2026-09-20T16:23:25
================================================================================
[2026-09-20T16:23:59.744+0000] {manager.py:878} INFO - 
================================================================================
DAG File Processing Stats

File Path                              PID    Runtime      # DAGs    # Errors  Last Runtime    Last Run
-------------------------------------  -----  ---------  --------  ----------  --------------  -------------------
/opt/airflow/dags/weather_risk_dag.py                           1           0  0.83s           2026-09-20T16:23:56
================================================================================
[2026-09-20T16:24:29.887+0000] {manager.py:878} INFO - 
================================================================================
DAG File Processing Stats

File Path                              PID    Runtime      # DAGs    # Errors  Last Runtime    Last Run
-------------------------------------  -----  ---------  --------  ----------  --------------  -------------------
/opt/airflow/dags/weather_risk_dag.py                           1           0  0.86s           2026-09-20T16:24:27
================================================================================
[2026-09-20T16:25:00.020+0000] {manager.py:878} INFO - 
================================================================================
DAG File Processing Stats

File Path                              PID    Runtime      # DAGs    # Errors  Last Runtime    Last Run
-------------------------------------  -----  ---------  --------  ----------  --------------  -------------------
/opt/airflow/dags/weather_risk_dag.py                           1           0  0.72s           2026-09-20T16:24:58
================================================================================
[2026-09-20T16:25:30.158+0000] {manager.py:878} INFO - 
================================================================================
DAG File Processing Stats

File Path                              PID    Runtime      # DAGs    # Errors  Last Runtime    Last Run
-------------------------------------  -----  ---------  --------  ----------  --------------  -------------------
/opt/airflow/dags/weather_risk_dag.py                           1           0  0.68s           2026-09-20T16:25:29
================================================================================
[2026-09-20T16:26:00.184+0000] {manager.py:878} INFO - 
================================================================================
DAG File Processing Stats

File Path                              PID    Runtime      # DAGs    # Errors  Last Runtime    Last Run
-------------------------------------  -----  ---------  --------  ----------  --------------  -------------------
/opt/airflow/dags/weather_risk_dag.py                           1           0  0.87s           2026-09-20T16:26:00
================================================================================
[2026-09-20T16:26:30.336+0000] {manager.py:878} INFO - 
================================================================================
DAG File Processing Stats

File Path                                PID  Runtime      # DAGs    # Errors  Last Runtime    Last Run
-------------------------------------  -----  ---------  --------  ----------  --------------  -------------------
/opt/airflow/dags/weather_risk_dag.py    452  0.01s             1           0  0.87s           2026-09-20T16:26:00
================================================================================
[2026-09-20T16:27:00.575+0000] {manager.py:878} INFO - 
================================================================================
DAG File Processing Stats

File Path                              PID    Runtime      # DAGs    # Errors  Last Runtime    Last Run
-------------------------------------  -----  ---------  --------  ----------  --------------  -------------------
/opt/airflow/dags/weather_risk_dag.py                           1           0  0.87s           2026-09-20T16:26:31
================================================================================
[2026-09-20T16:27:30.712+0000] {manager.py:878} INFO - 
================================================================================
DAG File Processing Stats

File Path                              PID    Runtime      # DAGs    # Errors  Last Runtime    Last Run
-------------------------------------  -----  ---------  --------  ----------  --------------  -------------------
/opt/airflow/dags/weather_risk_dag.py                           1           0  0.69s           2026-09-20T16:27:02
================================================================================
[2026-09-20T16:28:00.856+0000] {manager.py:878} INFO - 
================================================================================
DAG File Processing Stats

File Path                              PID    Runtime      # DAGs    # Errors  Last Runtime    Last Run
-------------------------------------  -----  ---------  --------  ----------  --------------  -------------------
/opt/airflow/dags/weather_risk_dag.py                           1           0  0.68s           2026-09-20T16:27:32
================================================================================
[2026-09-20T16:28:24.655+0000] {manager.py:737} INFO - Searching for files in /opt/airflow/dags
[2026-09-20T16:28:24.657+0000] {manager.py:740} INFO - There are 1 files in /opt/airflow/dags
[2026-09-20T16:28:31.103+0000] {manager.py:878} INFO - 
================================================================================
DAG File Processing Stats

File Path                              PID    Runtime      # DAGs    # Errors  Last Runtime    Last Run
-------------------------------------  -----  ---------  --------  ----------  --------------  -------------------
/opt/airflow/dags/weather_risk_dag.py                           1           0  0.69s           2026-09-20T16:28:03
================================================================================
[2026-09-20T16:29:01.239+0000] {manager.py:878} INFO - 
================================================================================
DAG File Processing Stats

File Path                              PID    Runtime      # DAGs    # Errors  Last Runtime    Last Run
-------------------------------------  -----  ---------  --------  ----------  --------------  -------------------
/opt/airflow/dags/weather_risk_dag.py                           1           0  0.68s           2026-09-20T16:28:34
================================================================================
[2026-09-20T16:29:31.384+0000] {manager.py:878} INFO - 
================================================================================
DAG File Processing Stats

File Path                              PID    Runtime      # DAGs    # Errors  Last Runtime    Last Run
-------------------------------------  -----  ---------  --------  ----------  --------------  -------------------
/opt/airflow/dags/weather_risk_dag.py                           1           0  0.91s           2026-09-20T16:29:05
================================================================================
[2026-09-20T16:30:01.527+0000] {manager.py:878} INFO - 
================================================================================
DAG File Processing Stats

File Path                              PID    Runtime      # DAGs    # Errors  Last Runtime    Last Run
-------------------------------------  -----  ---------  --------  ----------  --------------  -------------------
/opt/airflow/dags/weather_risk_dag.py                           1           0  0.90s           2026-09-20T16:29:36
================================================================================
[2026-09-20T16:30:31.541+0000] {manager.py:878} INFO - 
================================================================================
DAG File Processing Stats

File Path                              PID    Runtime      # DAGs    # Errors  Last Runtime    Last Run
-------------------------------------  -----  ---------  --------  ----------  --------------  -------------------
/opt/airflow/dags/weather_risk_dag.py                           1           0  0.87s           2026-09-20T16:30:07
================================================================================
[2026-09-20T16:31:01.858+0000] {manager.py:878} INFO - 
================================================================================
DAG File Processing Stats

File Path                              PID    Runtime      # DAGs    # Errors  Last Runtime    Last Run
-------------------------------------  -----  ---------  --------  ----------  --------------  -------------------
/opt/airflow/dags/weather_risk_dag.py                           1           0  0.69s           2026-09-20T16:30:38
================================================================================
[2026-09-20T16:31:32.005+0000] {manager.py:878} INFO - 
================================================================================
DAG File Processing Stats

File Path                              PID    Runtime      # DAGs    # Errors  Last Runtime    Last Run
-------------------------------------  -----  ---------  --------  ----------  --------------  -------------------
/opt/airflow/dags/weather_risk_dag.py                           1           0  0.70s           2026-09-20T16:31:09
================================================================================
[2026-09-20T16:32:02.145+0000] {manager.py:878} INFO - 
================================================================================
DAG File Processing Stats

File Path                              PID    Runtime      # DAGs    # Errors  Last Runtime    Last Run
-------------------------------------  -----  ---------  --------  ----------  --------------  -------------------
/opt/airflow/dags/weather_risk_dag.py                           1           0  0.89s           2026-09-20T16:31:40
================================================================================
[2026-09-20T16:32:32.178+0000] {manager.py:878} INFO - 
================================================================================
DAG File Processing Stats

File Path                              PID    Runtime      # DAGs    # Errors  Last Runtime    Last Run
-------------------------------------  -----  ---------  --------  ----------  --------------  -------------------
/opt/airflow/dags/weather_risk_dag.py                           1           0  0.89s           2026-09-20T16:32:11
================================================================================
[2026-09-20T16:33:02.211+0000] {manager.py:878} INFO - 
================================================================================
DAG File Processing Stats

File Path                              PID    Runtime      # DAGs    # Errors  Last Runtime    Last Run
-------------------------------------  -----  ---------  --------  ----------  --------------  -------------------
/opt/airflow/dags/weather_risk_dag.py                           1           0  0.89s           2026-09-20T16:32:42
================================================================================
[2026-09-20T16:33:25.028+0000] {manager.py:737} INFO - Searching for files in /opt/airflow/dags
[2026-09-20T16:33:25.030+0000] {manager.py:740} INFO - There are 1 files in /opt/airflow/dags
[2026-09-20T16:33:32.591+0000] {manager.py:878} INFO - 
================================================================================
DAG File Processing Stats

File Path                              PID    Runtime      # DAGs    # Errors  Last Runtime    Last Run
-------------------------------------  -----  ---------  --------  ----------  --------------  -------------------
/opt/airflow/dags/weather_risk_dag.py                           1           0  0.71s           2026-09-20T16:33:12
================================================================================
[2026-09-20T16:34:02.731+0000] {manager.py:878} INFO - 
================================================================================
DAG File Processing Stats

File Path                              PID    Runtime      # DAGs    # Errors  Last Runtime    Last Run
-------------------------------------  -----  ---------  --------  ----------  --------------  -------------------
/opt/airflow/dags/weather_risk_dag.py                           1           0  0.68s           2026-09-20T16:33:43
================================================================================
[2026-09-20T16:34:33.027+0000] {manager.py:878} INFO - 
================================================================================
DAG File Processing Stats

File Path                              PID    Runtime      # DAGs    # Errors  Last Runtime    Last Run
-------------------------------------  -----  ---------  --------  ----------  --------------  -------------------
/opt/airflow/dags/weather_risk_dag.py                           1           0  0.69s           2026-09-20T16:34:14
================================================================================
[2026-09-20T16:35:03.171+0000] {manager.py:878} INFO - 
================================================================================
DAG File Processing Stats

File Path                              PID    Runtime      # DAGs    # Errors  Last Runtime    Last Run
-------------------------------------  -----  ---------  --------  ----------  --------------  -------------------
/opt/airflow/dags/weather_risk_dag.py                           1           0  0.88s           2026-09-20T16:34:45
================================================================================
[2026-09-20T16:35:33.310+0000] {manager.py:878} INFO - 
================================================================================
DAG File Processing Stats

File Path                              PID    Runtime      # DAGs    # Errors  Last Runtime    Last Run
-------------------------------------  -----  ---------  --------  ----------  --------------  -------------------
/opt/airflow/dags/weather_risk_dag.py                           1           0  0.90s           2026-09-20T16:35:16
================================================================================
[2026-09-20T16:36:03.450+0000] {manager.py:878} INFO - 
================================================================================
DAG File Processing Stats

File Path                              PID    Runtime      # DAGs    # Errors  Last Runtime    Last Run
-------------------------------------  -----  ---------  --------  ----------  --------------  -------------------
/opt/airflow/dags/weather_risk_dag.py                           1           0  0.89s           2026-09-20T16:35:47
================================================================================
[2026-09-20T16:36:33.600+0000] {manager.py:878} INFO - 
================================================================================
DAG File Processing Stats

File Path                              PID    Runtime      # DAGs    # Errors  Last Runtime    Last Run
-------------------------------------  -----  ---------  --------  ----------  --------------  -------------------
/opt/airflow/dags/weather_risk_dag.py                           1           0  0.68s           2026-09-20T16:36:18
================================================================================
[2026-09-20T16:37:03.757+0000] {manager.py:878} INFO - 
================================================================================
DAG File Processing Stats

File Path                              PID    Runtime      # DAGs    # Errors  Last Runtime    Last Run
-------------------------------------  -----  ---------  --------  ----------  --------------  -------------------
/opt/airflow/dags/weather_risk_dag.py                           1           0  0.68s           2026-09-20T16:36:49
================================================================================
[2026-09-20T16:37:33.900+0000] {manager.py:878} INFO - 
================================================================================
DAG File Processing Stats

File Path                              PID    Runtime      # DAGs    # Errors  Last Runtime    Last Run
-------------------------------------  -----  ---------  --------  ----------  --------------  -------------------
/opt/airflow/dags/weather_risk_dag.py                           1           0  0.68s           2026-09-20T16:37:20
================================================================================
[2026-09-20T16:38:04.040+0000] {manager.py:878} INFO - 
================================================================================
DAG File Processing Stats

File Path                              PID    Runtime      # DAGs    # Errors  Last Runtime    Last Run
-------------------------------------  -----  ---------  --------  ----------  --------------  -------------------
/opt/airflow/dags/weather_risk_dag.py                           1           0  0.89s           2026-09-20T16:37:51
================================================================================
[2026-09-20T16:38:25.159+0000] {manager.py:737} INFO - Searching for files in /opt/airflow/dags
[2026-09-20T16:38:25.161+0000] {manager.py:740} INFO - There are 1 files in /opt/airflow/dags
[2026-09-20T16:38:34.223+0000] {manager.py:878} INFO - 
================================================================================
DAG File Processing Stats

File Path                              PID    Runtime      # DAGs    # Errors  Last Runtime    Last Run
-------------------------------------  -----  ---------  --------  ----------  --------------  -------------------
/opt/airflow/dags/weather_risk_dag.py                           1           0  0.88s           2026-09-20T16:38:22
================================================================================
[2026-09-20T16:39:04.270+0000] {manager.py:878} INFO - 
================================================================================
DAG File Processing Stats

File Path                              PID    Runtime      # DAGs    # Errors  Last Runtime    Last Run
-------------------------------------  -----  ---------  --------  ----------  --------------  -------------------
/opt/airflow/dags/weather_risk_dag.py                           1           0  0.90s           2026-09-20T16:38:53
================================================================================
[2026-09-20T16:39:34.530+0000] {manager.py:878} INFO - 
================================================================================
DAG File Processing Stats

File Path                              PID    Runtime      # DAGs    # Errors  Last Runtime    Last Run
-------------------------------------  -----  ---------  --------  ----------  --------------  -------------------
/opt/airflow/dags/weather_risk_dag.py                           1           0  0.68s           2026-09-20T16:39:24
================================================================================
[2026-09-20T16:40:04.668+0000] {manager.py:878} INFO - 
================================================================================
DAG File Processing Stats

File Path                              PID    Runtime      # DAGs    # Errors  Last Runtime    Last Run
-------------------------------------  -----  ---------  --------  ----------  --------------  -------------------
/opt/airflow/dags/weather_risk_dag.py                           1           0  0.68s           2026-09-20T16:39:54
================================================================================
[2026-09-20T16:40:34.757+0000] {manager.py:878} INFO - 
================================================================================
DAG File Processing Stats

File Path                              PID    Runtime      # DAGs    # Errors  Last Runtime    Last Run
-------------------------------------  -----  ---------  --------  ----------  --------------  -------------------
/opt/airflow/dags/weather_risk_dag.py                           1           0  0.71s           2026-09-20T16:40:25
================================================================================
[2026-09-20T16:41:04.779+0000] {manager.py:878} INFO - 
================================================================================
DAG File Processing Stats

File Path                              PID    Runtime      # DAGs    # Errors  Last Runtime    Last Run
-------------------------------------  -----  ---------  --------  ----------  --------------  -------------------
/opt/airflow/dags/weather_risk_dag.py                           1           0  0.88s           2026-09-20T16:40:56
================================================================================
[2026-09-20T16:41:34.806+0000] {manager.py:878} INFO - 
================================================================================
DAG File Processing Stats

File Path                              PID    Runtime      # DAGs    # Errors  Last Runtime    Last Run
-------------------------------------  -----  ---------  --------  ----------  --------------  -------------------
/opt/airflow/dags/weather_risk_dag.py                           1           0  0.89s           2026-09-20T16:41:27
================================================================================
[2026-09-20T16:42:04.832+0000] {manager.py:878} INFO - 
================================================================================
DAG File Processing Stats

File Path                              PID    Runtime      # DAGs    # Errors  Last Runtime    Last Run
-------------------------------------  -----  ---------  --------  ----------  --------------  -------------------
/opt/airflow/dags/weather_risk_dag.py                           1           0  0.89s           2026-09-20T16:41:58
================================================================================
[2026-09-20T16:42:35.600+0000] {manager.py:878} INFO - 
================================================================================
DAG File Processing Stats

File Path                              PID    Runtime      # DAGs    # Errors  Last Runtime    Last Run
-------------------------------------  -----  ---------  --------  ----------  --------------  -------------------
/opt/airflow/dags/weather_risk_dag.py                           1           0  0.69s           2026-09-20T16:42:29
================================================================================
[2026-09-20T16:43:05.784+0000] {manager.py:878} INFO - 
================================================================================
DAG File Processing Stats

File Path                              PID    Runtime      # DAGs    # Errors  Last Runtime    Last Run
-------------------------------------  -----  ---------  --------  ----------  --------------  -------------------
/opt/airflow/dags/weather_risk_dag.py                           1           0  0.68s           2026-09-20T16:43:00
================================================================================
[2026-09-20T16:43:25.498+0000] {manager.py:737} INFO - Searching for files in /opt/airflow/dags
[2026-09-20T16:43:25.500+0000] {manager.py:740} INFO - There are 1 files in /opt/airflow/dags
[2026-09-20T16:43:35.926+0000] {manager.py:878} INFO - 
================================================================================
DAG File Processing Stats

File Path                              PID    Runtime      # DAGs    # Errors  Last Runtime    Last Run
-------------------------------------  -----  ---------  --------  ----------  --------------  -------------------
/opt/airflow/dags/weather_risk_dag.py                           1           0  0.67s           2026-09-20T16:43:31
================================================================================
[2026-09-20T16:44:06.070+0000] {manager.py:878} INFO - 
================================================================================
DAG File Processing Stats

File Path                              PID    Runtime      # DAGs    # Errors  Last Runtime    Last Run
-------------------------------------  -----  ---------  --------  ----------  --------------  -------------------
/opt/airflow/dags/weather_risk_dag.py                           1           0  0.89s           2026-09-20T16:44:02
================================================================================
[2026-09-20T16:44:36.221+0000] {manager.py:878} INFO - 
================================================================================
DAG File Processing Stats

File Path                              PID    Runtime      # DAGs    # Errors  Last Runtime    Last Run
-------------------------------------  -----  ---------  --------  ----------  --------------  -------------------
/opt/airflow/dags/weather_risk_dag.py                           1           0  0.91s           2026-09-20T16:44:33
================================================================================
[2026-09-20T16:45:06.259+0000] {manager.py:878} INFO - 
================================================================================
DAG File Processing Stats

File Path                              PID    Runtime      # DAGs    # Errors  Last Runtime    Last Run
-------------------------------------  -----  ---------  --------  ----------  --------------  -------------------
/opt/airflow/dags/weather_risk_dag.py                           1           0  0.89s           2026-09-20T16:45:04
================================================================================
[2026-09-20T16:45:36.544+0000] {manager.py:878} INFO - 
================================================================================
DAG File Processing Stats

File Path                              PID    Runtime      # DAGs    # Errors  Last Runtime    Last Run
-------------------------------------  -----  ---------  --------  ----------  --------------  -------------------
/opt/airflow/dags/weather_risk_dag.py                           1           0  0.69s           2026-09-20T16:45:35
================================================================================
[2026-09-20T16:46:07.244+0000] {manager.py:878} INFO - 
================================================================================
DAG File Processing Stats

File Path                              PID    Runtime      # DAGs    # Errors  Last Runtime    Last Run
-------------------------------------  -----  ---------  --------  ----------  --------------  -------------------
/opt/airflow/dags/weather_risk_dag.py                           1           0  1.05s           2026-09-20T16:46:06
================================================================================
[2026-09-20T16:46:37.274+0000] {manager.py:878} INFO - 
================================================================================
DAG File Processing Stats

File Path                              PID    Runtime      # DAGs    # Errors  Last Runtime    Last Run
-------------------------------------  -----  ---------  --------  ----------  --------------  -------------------
/opt/airflow/dags/weather_risk_dag.py                           1           0  0.89s           2026-09-20T16:46:37
================================================================================
[2026-09-20T16:47:07.429+0000] {manager.py:878} INFO - 
================================================================================
DAG File Processing Stats

File Path                                PID  Runtime      # DAGs    # Errors  Last Runtime    Last Run
-------------------------------------  -----  ---------  --------  ----------  --------------  -------------------
/opt/airflow/dags/weather_risk_dag.py    698  0.01s             1           0  0.89s           2026-09-20T16:46:37
================================================================================
[2026-09-20T16:47:37.558+0000] {manager.py:878} INFO - 
================================================================================
DAG File Processing Stats

File Path                              PID    Runtime      # DAGs    # Errors  Last Runtime    Last Run
-------------------------------------  -----  ---------  --------  ----------  --------------  -------------------
/opt/airflow/dags/weather_risk_dag.py                           1           0  1.00s           2026-09-20T16:47:08
================================================================================
[2026-09-20T16:48:07.808+0000] {manager.py:878} INFO - 
================================================================================
DAG File Processing Stats

File Path                              PID    Runtime      # DAGs    # Errors  Last Runtime    Last Run
-------------------------------------  -----  ---------  --------  ----------  --------------  -------------------
/opt/airflow/dags/weather_risk_dag.py                           1           0  1.26s           2026-09-20T16:47:39
================================================================================
[2026-09-20T16:48:26.025+0000] {manager.py:737} INFO - Searching for files in /opt/airflow/dags
[2026-09-20T16:48:26.027+0000] {manager.py:740} INFO - There are 1 files in /opt/airflow/dags
[2026-09-20T16:48:38.104+0000] {manager.py:878} INFO - 
================================================================================
DAG File Processing Stats

File Path                              PID    Runtime      # DAGs    # Errors  Last Runtime    Last Run
-------------------------------------  -----  ---------  --------  ----------  --------------  -------------------
/opt/airflow/dags/weather_risk_dag.py                           1           0  1.05s           2026-09-20T16:48:10
================================================================================
[2026-09-20T16:49:08.260+0000] {manager.py:878} INFO - 
================================================================================
DAG File Processing Stats

File Path                              PID    Runtime      # DAGs    # Errors  Last Runtime    Last Run
-------------------------------------  -----  ---------  --------  ----------  --------------  -------------------
/opt/airflow/dags/weather_risk_dag.py                           1           0  0.77s           2026-09-20T16:48:41
================================================================================
[2026-09-20T16:49:38.413+0000] {manager.py:878} INFO - 
================================================================================
DAG File Processing Stats

File Path                              PID    Runtime      # DAGs    # Errors  Last Runtime    Last Run
-------------------------------------  -----  ---------  --------  ----------  --------------  -------------------
/opt/airflow/dags/weather_risk_dag.py                           1           0  0.83s           2026-09-20T16:49:12
================================================================================
[2026-09-20T16:50:09.133+0000] {manager.py:878} INFO - 
================================================================================
DAG File Processing Stats

File Path                              PID    Runtime      # DAGs    # Errors  Last Runtime    Last Run
-------------------------------------  -----  ---------  --------  ----------  --------------  -------------------
/opt/airflow/dags/weather_risk_dag.py                           1           0  1.12s           2026-09-20T16:49:44
================================================================================
[2026-09-20T16:50:39.391+0000] {manager.py:878} INFO - 
================================================================================
DAG File Processing Stats

File Path                              PID    Runtime      # DAGs    # Errors  Last Runtime    Last Run
-------------------------------------  -----  ---------  --------  ----------  --------------  -------------------
/opt/airflow/dags/weather_risk_dag.py                           1           0  1.54s           2026-09-20T16:50:15
================================================================================
[2026-09-20T16:51:09.981+0000] {manager.py:878} INFO - 
================================================================================
DAG File Processing Stats

File Path                              PID    Runtime      # DAGs    # Errors  Last Runtime    Last Run
-------------------------------------  -----  ---------  --------  ----------  --------------  -------------------
/opt/airflow/dags/weather_risk_dag.py                           1           0  1.09s           2026-09-20T16:50:46
================================================================================
[2026-09-20T16:51:40.195+0000] {manager.py:878} INFO - 
================================================================================
DAG File Processing Stats

File Path                              PID    Runtime      # DAGs    # Errors  Last Runtime    Last Run
-------------------------------------  -----  ---------  --------  ----------  --------------  -------------------
/opt/airflow/dags/weather_risk_dag.py                           1           0  1.28s           2026-09-20T16:51:18
================================================================================
[2026-09-20T16:52:10.340+0000] {manager.py:878} INFO - 
================================================================================
DAG File Processing Stats

File Path                              PID    Runtime      # DAGs    # Errors  Last Runtime    Last Run
-------------------------------------  -----  ---------  --------  ----------  --------------  -------------------
/opt/airflow/dags/weather_risk_dag.py                           1           0  0.89s           2026-09-20T16:51:49
================================================================================
[2026-09-20T16:52:40.541+0000] {manager.py:878} INFO - 
================================================================================
DAG File Processing Stats

File Path                              PID    Runtime      # DAGs    # Errors  Last Runtime    Last Run
-------------------------------------  -----  ---------  --------  ----------  --------------  -------------------
/opt/airflow/dags/weather_risk_dag.py                           1           0  0.77s           2026-09-20T16:52:20
================================================================================
[2026-09-20T16:53:10.685+0000] {manager.py:878} INFO - 
================================================================================
DAG File Processing Stats

File Path                              PID    Runtime      # DAGs    # Errors  Last Runtime    Last Run
-------------------------------------  -----  ---------  --------  ----------  --------------  -------------------
/opt/airflow/dags/weather_risk_dag.py                           1           0  1.01s           2026-09-20T16:52:51
================================================================================
[2026-09-20T16:53:26.476+0000] {manager.py:737} INFO - Searching for files in /opt/airflow/dags
[2026-09-20T16:53:26.479+0000] {manager.py:740} INFO - There are 1 files in /opt/airflow/dags
[2026-09-20T16:53:41.571+0000] {manager.py:878} INFO - 
================================================================================
DAG File Processing Stats

File Path                              PID    Runtime      # DAGs    # Errors  Last Runtime    Last Run
-------------------------------------  -----  ---------  --------  ----------  --------------  -------------------
/opt/airflow/dags/weather_risk_dag.py                           1           0  1.09s           2026-09-20T16:53:22
================================================================================
[2026-09-20T16:54:11.767+0000] {manager.py:878} INFO - 
================================================================================
DAG File Processing Stats

File Path                              PID    Runtime      # DAGs    # Errors  Last Runtime    Last Run
-------------------------------------  -----  ---------  --------  ----------  --------------  -------------------
/opt/airflow/dags/weather_risk_dag.py                           1           0  1.20s           2026-09-20T16:53:53
================================================================================
[2026-09-20T16:54:41.907+0000] {manager.py:878} INFO - 
================================================================================
DAG File Processing Stats

File Path                              PID    Runtime      # DAGs    # Errors  Last Runtime    Last Run
-------------------------------------  -----  ---------  --------  ----------  --------------  -------------------
/opt/airflow/dags/weather_risk_dag.py                           1           0  0.89s           2026-09-20T16:54:24
================================================================================
[2026-09-20T16:55:12.069+0000] {manager.py:878} INFO - 
================================================================================
DAG File Processing Stats

File Path                              PID    Runtime      # DAGs    # Errors  Last Runtime    Last Run
-------------------------------------  -----  ---------  --------  ----------  --------------  -------------------
/opt/airflow/dags/weather_risk_dag.py                           1           0  1.15s           2026-09-20T16:54:56
================================================================================
[2026-09-20T16:55:42.340+0000] {manager.py:878} INFO - 
================================================================================
DAG File Processing Stats

File Path                              PID    Runtime      # DAGs    # Errors  Last Runtime    Last Run
-------------------------------------  -----  ---------  --------  ----------  --------------  -------------------
/opt/airflow/dags/weather_risk_dag.py                           1           0  0.85s           2026-09-20T16:55:26
================================================================================
[2026-09-20T16:56:12.486+0000] {manager.py:878} INFO - 
================================================================================
DAG File Processing Stats

File Path                              PID    Runtime      # DAGs    # Errors  Last Runtime    Last Run
-------------------------------------  -----  ---------  --------  ----------  --------------  -------------------
/opt/airflow/dags/weather_risk_dag.py                           1           0  1.31s           2026-09-20T16:55:58
================================================================================
[2026-09-20T16:56:42.698+0000] {manager.py:878} INFO - 
================================================================================
DAG File Processing Stats

File Path                              PID    Runtime      # DAGs    # Errors  Last Runtime    Last Run
-------------------------------------  -----  ---------  --------  ----------  --------------  -------------------
/opt/airflow/dags/weather_risk_dag.py                           1           0  1.52s           2026-09-20T16:56:30
================================================================================
[2026-09-20T16:57:13.322+0000] {manager.py:878} INFO - 
================================================================================
DAG File Processing Stats

File Path                              PID    Runtime      # DAGs    # Errors  Last Runtime    Last Run
-------------------------------------  -----  ---------  --------  ----------  --------------  -------------------
/opt/airflow/dags/weather_risk_dag.py                           1           0  1.09s           2026-09-20T16:57:01
================================================================================
[2026-09-20T16:57:43.523+0000] {manager.py:878} INFO - 
================================================================================
DAG File Processing Stats

File Path                              PID    Runtime      # DAGs    # Errors  Last Runtime    Last Run
-------------------------------------  -----  ---------  --------  ----------  --------------  -------------------
/opt/airflow/dags/weather_risk_dag.py                           1           0  0.83s           2026-09-20T16:57:32
================================================================================
[2026-09-20T16:58:13.668+0000] {manager.py:878} INFO - 
================================================================================
DAG File Processing Stats

File Path                              PID    Runtime      # DAGs    # Errors  Last Runtime    Last Run
-------------------------------------  -----  ---------  --------  ----------  --------------  -------------------
/opt/airflow/dags/weather_risk_dag.py                           1           0  0.97s           2026-09-20T16:58:03
================================================================================
[2026-09-20T16:58:26.730+0000] {manager.py:737} INFO - Searching for files in /opt/airflow/dags
[2026-09-20T16:58:26.732+0000] {manager.py:740} INFO - There are 1 files in /opt/airflow/dags
[2026-09-20T16:58:43.825+0000] {manager.py:878} INFO - 
================================================================================
DAG File Processing Stats

File Path                              PID    Runtime      # DAGs    # Errors  Last Runtime    Last Run
-------------------------------------  -----  ---------  --------  ----------  --------------  -------------------
/opt/airflow/dags/weather_risk_dag.py                           1           0  0.87s           2026-09-20T16:58:34
================================================================================
[2026-09-20T16:59:13.953+0000] {manager.py:878} INFO - 
================================================================================
DAG File Processing Stats

File Path                              PID    Runtime      # DAGs    # Errors  Last Runtime    Last Run
-------------------------------------  -----  ---------  --------  ----------  --------------  -------------------
/opt/airflow/dags/weather_risk_dag.py                           1           0  0.97s           2026-09-20T16:59:05
================================================================================
[2026-09-20T16:59:44.021+0000] {manager.py:878} INFO - 
================================================================================
DAG File Processing Stats

File Path                              PID    Runtime      # DAGs    # Errors  Last Runtime    Last Run
-------------------------------------  -----  ---------  --------  ----------  --------------  -------------------
/opt/airflow/dags/weather_risk_dag.py                           1           0  1.34s           2026-09-20T16:59:36
================================================================================
[2026-09-20T17:00:14.181+0000] {manager.py:878} INFO - 
================================================================================
DAG File Processing Stats

File Path                              PID    Runtime      # DAGs    # Errors  Last Runtime    Last Run
-------------------------------------  -----  ---------  --------  ----------  --------------  -------------------
/opt/airflow/dags/weather_risk_dag.py                           1           0  1.20s           2026-09-20T17:00:08
================================================================================
[2026-09-20T17:00:44.338+0000] {manager.py:878} INFO - 
================================================================================
DAG File Processing Stats

File Path                              PID    Runtime      # DAGs    # Errors  Last Runtime    Last Run
-------------------------------------  -----  ---------  --------  ----------  --------------  -------------------
/opt/airflow/dags/weather_risk_dag.py                           1           0  0.85s           2026-09-20T17:00:39
================================================================================
[2026-09-20T17:01:14.458+0000] {manager.py:878} INFO - 
================================================================================
DAG File Processing Stats

File Path                              PID    Runtime      # DAGs    # Errors  Last Runtime    Last Run
-------------------------------------  -----  ---------  --------  ----------  --------------  -------------------
/opt/airflow/dags/weather_risk_dag.py                           1           0  0.97s           2026-09-20T17:01:10
================================================================================
[2026-09-20T17:01:44.645+0000] {manager.py:878} INFO - 
================================================================================
DAG File Processing Stats

File Path                              PID    Runtime      # DAGs    # Errors  Last Runtime    Last Run
-------------------------------------  -----  ---------  --------  ----------  --------------  -------------------
/opt/airflow/dags/weather_risk_dag.py                           1           0  1.07s           2026-09-20T17:01:41
================================================================================
[2026-09-20T17:02:14.819+0000] {manager.py:878} INFO - 
================================================================================
DAG File Processing Stats

File Path                              PID    Runtime      # DAGs    # Errors  Last Runtime    Last Run
-------------------------------------  -----  ---------  --------  ----------  --------------  -------------------
/opt/airflow/dags/weather_risk_dag.py                           1           0  1.11s           2026-09-20T17:02:12
================================================================================
[2026-09-20T17:02:45.032+0000] {manager.py:878} INFO - 
================================================================================
DAG File Processing Stats

File Path                              PID    Runtime      # DAGs    # Errors  Last Runtime    Last Run
-------------------------------------  -----  ---------  --------  ----------  --------------  -------------------
/opt/airflow/dags/weather_risk_dag.py                           1           0  1.13s           2026-09-20T17:02:44
================================================================================
[2026-09-20T17:03:15.128+0000] {manager.py:878} INFO - 
================================================================================
DAG File Processing Stats

File Path                              PID    Runtime      # DAGs    # Errors  Last Runtime    Last Run
-------------------------------------  -----  ---------  --------  ----------  --------------  -------------------
/opt/airflow/dags/weather_risk_dag.py                           1           0  0.96s           2026-09-20T17:03:15
================================================================================
[2026-09-20T17:03:27.183+0000] {manager.py:737} INFO - Searching for files in /opt/airflow/dags
[2026-09-20T17:03:27.185+0000] {manager.py:740} INFO - There are 1 files in /opt/airflow/dags
[2026-09-20T17:03:45.291+0000] {manager.py:878} INFO - 
================================================================================
DAG File Processing Stats

File Path                                PID  Runtime      # DAGs    # Errors  Last Runtime    Last Run
-------------------------------------  -----  ---------  --------  ----------  --------------  -------------------
/opt/airflow/dags/weather_risk_dag.py   1007  0.01s             1           0  0.96s           2026-09-20T17:03:15
================================================================================
[2026-09-20T17:04:15.472+0000] {manager.py:878} INFO - 
================================================================================
DAG File Processing Stats

File Path                              PID    Runtime      # DAGs    # Errors  Last Runtime    Last Run
-------------------------------------  -----  ---------  --------  ----------  --------------  -------------------
/opt/airflow/dags/weather_risk_dag.py                           1           0  0.83s           2026-09-20T17:03:46
================================================================================
[2026-09-20T17:04:45.608+0000] {manager.py:878} INFO - 
================================================================================
DAG File Processing Stats

File Path                              PID    Runtime      # DAGs    # Errors  Last Runtime    Last Run
-------------------------------------  -----  ---------  --------  ----------  --------------  -------------------
/opt/airflow/dags/weather_risk_dag.py                           1           0  0.88s           2026-09-20T17:04:17
================================================================================
[2026-09-20T17:05:16.460+0000] {manager.py:878} INFO - 
================================================================================
DAG File Processing Stats

File Path                              PID    Runtime      # DAGs    # Errors  Last Runtime    Last Run
-------------------------------------  -----  ---------  --------  ----------  --------------  -------------------
/opt/airflow/dags/weather_risk_dag.py                           1           0  1.17s           2026-09-20T17:04:48
================================================================================
